azimuth_deg,elevation_deg,element_index,amplitude,phase_deg
-180.0,0.0,0,0.53288,13.26373
-180.0,0.0,1,0.62565,9.88381
-180.0,0.0,2,0.55962,-13.37332
-180.0,0.0,3,0.64316,-7.08543
-180.0,0.0,4,0.58181,-38.2476
-180.0,0.0,5,0.65174,-29.5826
-180.0,0.0,6,0.5462,-38.3239
-180.0,5.0,0,0.57947,11.91008
-180.0,5.0,1,0.67916,8.45935
-180.0,5.0,2,0.61142,-11.95363
-180.0,5.0,3,0.70838,-8.87107
-180.0,5.0,4,0.63938,-38.66531
-180.0,5.0,5,0.69701,-30.57916
-180.0,5.0,6,0.60386,-39.39698
-180.0,10.0,0,0.63176,14.50138
-180.0,10.0,1,0.72335,10.06845
-180.0,10.0,2,0.65038,-15.31024
-180.0,10.0,3,0.74304,-8.86693
-180.0,10.0,4,0.68786,-38.4235
-180.0,10.0,5,0.7409,-31.19947
-180.0,10.0,6,0.66042,-39.47698
-180.0,15.0,0,0.66988,11.64481
-180.0,15.0,1,0.76148,7.60851
-180.0,15.0,2,0.69885,-13.52646
-180.0,15.0,3,0.79247,-10.17065
-180.0,15.0,4,0.7257,-38.17677
-180.0,15.0,5,0.78482,-31.29745
-180.0,15.0,6,0.69126,-40.1136
-180.0,20.0,0,0.70402,9.93244
-180.0,20.0,1,0.80278,6.88764
-180.0,20.0,2,0.73584,-15.19284
-180.0,20.0,3,0.82413,-10.96886
-180.0,20.0,4,0.74325,-39.96618
-180.0,20.0,5,0.80596,-33.31274
-180.0,20.0,6,0.70374,-40.62103
-180.0,25.0,0,0.73515,10.18089
-180.0,25.0,1,0.83772,8.07457
-180.0,25.0,2,0.76311,-16.65852
-180.0,25.0,3,0.85992,-12.19687
-180.0,25.0,4,0.76497,-39.33898
-180.0,25.0,5,0.81142,-33.12928
-180.0,25.0,6,0.69639,-38.27052
-180.0,30.0,0,0.77179,10.96333
-180.0,30.0,1,0.86468,8.19425
-180.0,30.0,2,0.79838,-16.31918
-180.0,30.0,3,0.86945,-12.20841
-180.0,30.0,4,0.78445,-39.27813
-180.0,30.0,5,0.82156,-32.7029
-180.0,30.0,6,0.71356,-39.63646
-180.0,35.0,0,0.80219,10.95541
-180.0,35.0,1,0.89684,4.21353
-180.0,35.0,2,0.81437,-17.06809
-180.0,35.0,3,0.88154,-15.30657
-180.0,35.0,4,0.78881,-40.0479
-180.0,35.0,5,0.83419,-33.22545
-180.0,35.0,6,0.74928,-36.7306
-180.0,40.0,0,0.83602,10.99002
-180.0,40.0,1,0.92372,6.27554
-180.0,40.0,2,0.83806,-18.14839
-180.0,40.0,3,0.89387,-14.85992
-180.0,40.0,4,0.79841,-41.34372
-180.0,40.0,5,0.86351,-32.59546
-180.0,40.0,6,0.78167,-38.06104
-180.0,45.0,0,0.86302,10.25544
-180.0,45.0,1,0.93551,2.77491
-180.0,45.0,2,0.84072,-20.95502
-180.0,45.0,3,0.91263,-15.09067
-180.0,45.0,4,0.82158,-43.29283
-180.0,45.0,5,0.89597,-33.55993
-180.0,45.0,6,0.83845,-37.1114
-180.0,50.0,0,0.88193,9.60325
-180.0,50.0,1,0.94281,3.30787
-180.0,50.0,2,0.85897,-19.84975
-180.0,50.0,3,0.91971,-15.65634
-180.0,50.0,4,0.84468,-43.50021
-180.0,50.0,5,0.94059,-31.15642
-180.0,50.0,6,0.87127,-36.90676
-180.0,55.0,0,0.90825,9.58284
-180.0,55.0,1,0.96367,2.6619
-180.0,55.0,2,0.86218,-22.4941
-180.0,55.0,3,0.93167,-17.17094
-180.0,55.0,4,0.88731,-42.09895
-180.0,55.0,5,0.98444,-32.76445
-180.0,55.0,6,0.91363,-37.78908
-180.0,60.0,0,0.92665,7.97475
-180.0,60.0,1,0.976,3.3192
-180.0,60.0,2,0.87796,-21.00889
-180.0,60.0,3,0.9638,-16.96091
-180.0,60.0,4,0.92786,-42.57203
-180.0,60.0,5,1.02804,-32.41518
-180.0,60.0,6,0.93424,-36.58176
-180.0,65.0,0,0.94002,5.33513
-180.0,65.0,1,0.98407,2.3174
-180.0,65.0,2,0.87734,-20.93109
-180.0,65.0,3,0.98883,-17.65418
-180.0,65.0,4,0.95713,-42.09591
-180.0,65.0,5,1.04349,-33.107
-180.0,65.0,6,0.92734,-35.30846
-180.0,70.0,0,0.94766,6.92637
-180.0,70.0,1,0.98105,0.1747
-180.0,70.0,2,0.88499,-24.59388
-180.0,70.0,3,1.02261,-17.56632
-180.0,70.0,4,0.98998,-43.48099
-180.0,70.0,5,1.05444,-31.98493
-180.0,70.0,6,0.91674,-34.99821
-180.0,75.0,0,0.94302,7.55537
-180.0,75.0,1,0.9819,-1.30102
-180.0,75.0,2,0.90958,-25.34873
-180.0,75.0,3,1.04394,-19.12497
-180.0,75.0,4,1.0113,-43.19336
-180.0,75.0,5,1.03848,-33.55171
-180.0,75.0,6,0.89749,-33.66814
-180.0,80.0,0,0.94158,6.43898
-180.0,80.0,1,0.98413,-0.64316
-180.0,80.0,2,0.92398,-25.15292
-180.0,80.0,3,1.06514,-19.22618
-180.0,80.0,4,1.01693,-43.67262
-180.0,80.0,5,1.03043,-32.06539
-180.0,80.0,6,0.89865,-34.001
-180.0,85.0,0,0.94338,6.25181
-180.0,85.0,1,0.99415,-0.59594
-180.0,85.0,2,0.94796,-23.57863
-180.0,85.0,3,1.0887,-18.83217
-180.0,85.0,4,0.99433,-44.19801
-180.0,85.0,5,1.00663,-30.19973
-180.0,85.0,6,0.92835,-34.31061
-180.0,90.0,0,0.94266,3.90155
-180.0,90.0,1,0.98441,-2.09343
-180.0,90.0,2,0.94865,-26.45278
-180.0,90.0,3,1.10236,-20.72484
-180.0,90.0,4,0.98009,-45.11592
-180.0,90.0,5,0.99622,-29.98215
-180.0,90.0,6,0.94479,-32.6621
-180.0,95.0,0,0.92976,2.52463
-180.0,95.0,1,0.99079,-2.93815
-180.0,95.0,2,0.97831,-26.51227
-180.0,95.0,3,1.08191,-18.5775
-180.0,95.0,4,0.96472,-44.65547
-180.0,95.0,5,1.00904,-29.40589
-180.0,95.0,6,0.97902,-31.31616
-180.0,100.0,0,0.91376,1.81614
-180.0,100.0,1,0.97893,-4.38291
-180.0,100.0,2,0.98978,-27.25287
-180.0,100.0,3,1.07382,-20.73735
-180.0,100.0,4,0.9342,-43.9842
-180.0,100.0,5,1.02086,-30.48236
-180.0,100.0,6,0.98013,-29.93233
-180.0,105.0,0,0.89817,-0.05966
-180.0,105.0,1,0.98553,-5.10867
-180.0,105.0,2,0.98036,-29.87738
-180.0,105.0,3,1.04769,-20.5281
-180.0,105.0,4,0.92814,-43.75763
-180.0,105.0,5,1.03795,-28.86379
-180.0,105.0,6,0.96771,-30.49068
-180.0,110.0,0,0.88739,1.77517
-180.0,110.0,1,0.97028,-7.21775
-180.0,110.0,2,0.96674,-29.35941
-180.0,110.0,3,1.01554,-20.92744
-180.0,110.0,4,0.92483,-44.0127
-180.0,110.0,5,1.04229,-28.67328
-180.0,110.0,6,0.93355,-29.08321
-180.0,115.0,0,0.87353,-1.12924
-180.0,115.0,1,0.97331,-4.9043
-180.0,115.0,2,0.96427,-29.01009
-180.0,115.0,3,0.98994,-20.58279
-180.0,115.0,4,0.92668,-42.04722
-180.0,115.0,5,1.03922,-27.06965
-180.0,115.0,6,0.89914,-29.39647
-180.0,120.0,0,0.84724,-0.08886
-180.0,120.0,1,0.97957,-5.23487
-180.0,120.0,2,0.93842,-30.57966
-180.0,120.0,3,0.96379,-19.19686
-180.0,120.0,4,0.92939,-41.19763
-180.0,120.0,5,1.03049,-27.81818
-180.0,120.0,6,0.85553,-28.53318
-180.0,125.0,0,0.82849,-1.71043
-180.0,125.0,1,0.97312,-7.47679
-180.0,125.0,2,0.92099,-31.01369
-180.0,125.0,3,0.94734,-21.33068
-180.0,125.0,4,0.93351,-42.11746
-180.0,125.0,5,0.98628,-26.28963
-180.0,125.0,6,0.84086,-26.19955
-180.0,130.0,0,0.80596,-2.96989
-180.0,130.0,1,0.95761,-9.82291
-180.0,130.0,2,0.87644,-32.10671
-180.0,130.0,3,0.91886,-18.18075
-180.0,130.0,4,0.92477,-41.54576
-180.0,130.0,5,0.93593,-24.60405
-180.0,130.0,6,0.82833,-27.7238
-180.0,135.0,0,0.77773,-4.76246
-180.0,135.0,1,0.93602,-8.43784
-180.0,135.0,2,0.8432,-32.21169
-180.0,135.0,3,0.90186,-21.36789
-180.0,135.0,4,0.8968,-41.64201
-180.0,135.0,5,0.90329,-25.10407
-180.0,135.0,6,0.83572,-24.41691
-180.0,140.0,0,0.7558,-3.96036
-180.0,140.0,1,0.92446,-9.44471
-180.0,140.0,2,0.81428,-30.62332
-180.0,140.0,3,0.89229,-19.35333
-180.0,140.0,4,0.88065,-38.553
-180.0,140.0,5,0.85533,-24.8535
-180.0,140.0,6,0.82817,-25.12793
-180.0,145.0,0,0.73378,-4.41447
-180.0,145.0,1,0.88672,-10.19401
-180.0,145.0,2,0.75819,-30.35111
-180.0,145.0,3,0.88749,-20.49215
-180.0,145.0,4,0.82718,-39.87073
-180.0,145.0,5,0.83513,-24.7878
-180.0,145.0,6,0.8132,-24.34506
-180.0,150.0,0,0.71149,-3.59753
-180.0,150.0,1,0.8701,-11.86741
-180.0,150.0,2,0.72573,-31.97175
-180.0,150.0,3,0.8723,-20.48757
-180.0,150.0,4,0.77815,-38.2679
-180.0,150.0,5,0.8226,-22.42691
-180.0,150.0,6,0.79097,-22.74857
-180.0,155.0,0,0.66934,-5.78626
-180.0,155.0,1,0.83623,-11.71616
-180.0,155.0,2,0.69719,-32.1066
-180.0,155.0,3,0.85218,-19.69435
-180.0,155.0,4,0.73581,-37.91862
-180.0,155.0,5,0.81371,-22.9076
-180.0,155.0,6,0.7399,-23.17648
-180.0,160.0,0,0.65565,-6.27423
-180.0,160.0,1,0.80761,-9.59093
-180.0,160.0,2,0.65156,-30.66286
-180.0,160.0,3,0.82689,-18.1183
-180.0,160.0,4,0.68766,-36.71558
-180.0,160.0,5,0.79843,-20.77506
-180.0,160.0,6,0.68082,-22.54562
-180.0,165.0,0,0.62393,-9.01087
-180.0,165.0,1,0.76736,-13.35845
-180.0,165.0,2,0.62718,-31.08267
-180.0,165.0,3,0.79275,-15.68534
-180.0,165.0,4,0.6513,-37.09823
-180.0,165.0,5,0.79296,-21.03409
-180.0,165.0,6,0.60953,-22.15393
-180.0,170.0,0,0.5968,-8.09722
-180.0,170.0,1,0.7084,-11.52384
-180.0,170.0,2,0.60241,-30.08802
-180.0,170.0,3,0.74818,-16.60872
-180.0,170.0,4,0.61764,-36.46122
-180.0,170.0,5,0.75427,-18.79822
-180.0,170.0,6,0.58372,-18.71509
-180.0,175.0,0,0.56304,-9.27727
-180.0,175.0,1,0.67111,-13.09561
-180.0,175.0,2,0.58251,-30.23366
-180.0,175.0,3,0.70842,-15.54202
-180.0,175.0,4,0.59476,-35.32642
-180.0,175.0,5,0.71381,-16.04124
-180.0,175.0,6,0.55862,-20.26433
-180.0,180.0,0,0.53788,-9.42724
-180.0,180.0,1,0.63566,-11.31996
-180.0,180.0,2,0.56218,-30.5438
-180.0,180.0,3,0.65084,-16.61628
-180.0,180.0,4,0.58035,-33.77797
-180.0,180.0,5,0.64263,-19.26366
-180.0,180.0,6,0.54827,-19.02183
-175.0,0.0,0,0.53458,9.64838
-175.0,0.0,1,0.62382,7.42497
-175.0,0.0,2,0.5606,-14.63021
-175.0,0.0,3,0.64351,-7.91075
-175.0,0.0,4,0.58663,-36.67326
-175.0,0.0,5,0.63313,-31.2784
-175.0,0.0,6,0.55643,-37.79877
-175.0,5.0,0,0.58027,8.02074
-175.0,5.0,1,0.66331,7.88431
-175.0,5.0,2,0.6069,-15.16479
-175.0,5.0,3,0.69541,-10.25869
-175.0,5.0,4,0.63962,-38.99201
-175.0,5.0,5,0.68967,-30.10176
-175.0,5.0,6,0.6249,-40.46722
-175.0,10.0,0,0.61666,8.3715
-175.0,10.0,1,0.71731,8.04119
-175.0,10.0,2,0.65883,-17.5991
-175.0,10.0,3,0.74676,-9.88097
-175.0,10.0,4,0.68748,-36.56143
-175.0,10.0,5,0.73575,-30.34378
-175.0,10.0,6,0.68146,-40.0349
-175.0,15.0,0,0.66214,10.13357
-175.0,15.0,1,0.77696,4.87479
-175.0,15.0,2,0.70304,-16.33334
-175.0,15.0,3,0.78643,-12.35632
-175.0,15.0,4,0.72652,-39.45818
-175.0,15.0,5,0.76778,-30.31792
-175.0,15.0,6,0.69348,-39.15841
-175.0,20.0,0,0.69944,8.94299
-175.0,20.0,1,0.801,5.3382
-175.0,20.0,2,0.73706,-15.68703
-175.0,20.0,3,0.82786,-12.6345
-175.0,20.0,4,0.76161,-40.57829
-175.0,20.0,5,0.79561,-33.64599
-175.0,20.0,6,0.70562,-39.51153
-175.0,25.0,0,0.74611,9.32811
-175.0,25.0,1,0.83951,5.6384
-175.0,25.0,2,0.77232,-17.80217
-175.0,25.0,3,0.85202,-12.99812
-175.0,25.0,4,0.77009,-41.21735
-175.0,25.0,5,0.81057,-31.07503
-175.0,25.0,6,0.71901,-40.14605
-175.0,30.0,0,0.78275,9.10659
-175.0,30.0,1,0.86872,4.85873
-175.0,30.0,2,0.79482,-17.28632
-175.0,30.0,3,0.87479,-15.02105
-175.0,30.0,4,0.78467,-40.69861
-175.0,30.0,5,0.81834,-35.12983
-175.0,30.0,6,0.73086,-36.63228
-175.0,35.0,0,0.80558,8.36497
-175.0,35.0,1,0.90337,4.52296
-175.0,35.0,2,0.81046,-21.0584
-175.0,35.0,3,0.87407,-16.1655
-175.0,35.0,4,0.79495,-42.06792
-175.0,35.0,5,0.82527,-32.16388
-175.0,35.0,6,0.75976,-37.84072
-175.0,40.0,0,0.82733,9.37647
-175.0,40.0,1,0.92018,4.59235
-175.0,40.0,2,0.83051,-20.42461
-175.0,40.0,3,0.88906,-15.52842
-175.0,40.0,4,0.81441,-42.69175
-175.0,40.0,5,0.85042,-32.7514
-175.0,40.0,6,0.79022,-39.95259
-175.0,45.0,0,0.86473,4.66876
-175.0,45.0,1,0.9326,2.21872
-175.0,45.0,2,0.84695,-20.70416
-175.0,45.0,3,0.905,-15.63149
-175.0,45.0,4,0.82656,-41.25455
-175.0,45.0,5,0.8851,-31.88845
-175.0,45.0,6,0.83241,-38.33678
-175.0,50.0,0,0.88307,6.99554
-175.0,50.0,1,0.94344,2.72694
-175.0,50.0,2,0.85966,-21.61147
-175.0,50.0,3,0.91255,-15.46546
-175.0,50.0,4,0.85458,-41.94764
-175.0,50.0,5,0.93106,-33.01204
-175.0,50.0,6,0.89213,-36.98411
-175.0,55.0,0,0.91097,7.87948
-175.0,55.0,1,0.97418,2.03189
-175.0,55.0,2,0.86726,-22.774
-175.0,55.0,3,0.94293,-18.02458
-175.0,55.0,4,0.89004,-43.14091
-175.0,55.0,5,0.9681,-33.15355
-175.0,55.0,6,0.92753,-37.52478
-175.0,60.0,0,0.91832,6.53084
-175.0,60.0,1,0.97427,0.39031
-175.0,60.0,2,0.87891,-24.65634
-175.0,60.0,3,0.95235,-18.24736
-175.0,60.0,4,0.93408,-45.28188
-175.0,60.0,5,1.01622,-33.09613
-175.0,60.0,6,0.93976,-36.84306
-175.0,65.0,0,0.9324,6.15932
-175.0,65.0,1,0.98383,0.30635
-175.0,65.0,2,0.88328,-23.24377
-175.0,65.0,3,0.99229,-18.80264
-175.0,65.0,4,0.95495,-43.62361
-175.0,65.0,5,1.04807,-32.63877
-175.0,65.0,6,0.9319,-33.70785
-175.0,70.0,0,0.9387,5.0189
-175.0,70.0,1,0.98876,-2.80183
-175.0,70.0,2,0.89914,-24.41777
-175.0,70.0,3,1.01365,-18.66284
-175.0,70.0,4,0.99601,-42.81538
-175.0,70.0,5,1.04772,-33.42943
-175.0,70.0,6,0.9216,-34.41402
-175.0,75.0,0,0.94342,2.99106
-175.0,75.0,1,0.98543,-2.43135
-175.0,75.0,2,0.91048,-26.0368
-175.0,75.0,3,1.04714,-19.05965
-175.0,75.0,4,1.01539,-42.75592
-175.0,75.0,5,1.02185,-32.13959
-175.0,75.0,6,0.91353,-33.63924
-175.0,80.0,0,0.93975,4.96228
-175.0,80.0,1,0.98392,-2.73178
-175.0,80.0,2,0.93394,-26.0073
-175.0,80.0,3,1.06258,-20.79129
-175.0,80.0,4,1.01604,-43.41076
-175.0,80.0,5,1.01676,-31.72165
-175.0,80.0,6,0.91191,-34.82305
-175.0,85.0,0,0.95438,0.94301
-175.0,85.0,1,0.99244,-3.55061
-175.0,85.0,2,0.95066,-26.83772
-175.0,85.0,3,1.08787,-20.69919
-175.0,85.0,4,1.0061,-45.94099
-175.0,85.0,5,0.99792,-32.16115
-175.0,85.0,6,0.93287,-31.53749
-175.0,90.0,0,0.94078,2.6245
-175.0,90.0,1,0.9881,-4.25428
-175.0,90.0,2,0.96,-31.0019
-175.0,90.0,3,1.08284,-21.24644
-175.0,90.0,4,0.98643,-43.91452
-175.0,90.0,5,0.99136,-29.84335
-175.0,90.0,6,0.96401,-32.43166
-175.0,95.0,0,0.93615,-1.25539
-175.0,95.0,1,0.98755,-5.61628
-175.0,95.0,2,0.98076,-29.61834
-175.0,95.0,3,1.07379,-21.08645
-175.0,95.0,4,0.97261,-43.99694
-175.0,95.0,5,0.99723,-30.48533
-175.0,95.0,6,0.98535,-29.96133
-175.0,100.0,0,0.93035,0.38814
-175.0,100.0,1,0.98791,-4.41218
-175.0,100.0,2,0.98224,-29.59942
-175.0,100.0,3,1.0643,-21.80495
-175.0,100.0,4,0.94618,-43.88748
-175.0,100.0,5,1.01437,-29.63141
-175.0,100.0,6,0.99702,-30.85495
-175.0,105.0,0,0.90568,-0.66492
-175.0,105.0,1,0.9876,-6.94605
-175.0,105.0,2,0.98899,-31.28117
-175.0,105.0,3,1.03348,-20.93765
-175.0,105.0,4,0.93086,-42.01006
-175.0,105.0,5,1.02834,-30.29684
-175.0,105.0,6,0.99291,-29.26797
-175.0,110.0,0,0.88821,-2.4961
-175.0,110.0,1,0.98785,-8.48504
-175.0,110.0,2,0.97934,-29.54697
-175.0,110.0,3,1.00844,-22.13837
-175.0,110.0,4,0.92932,-41.40686
-175.0,110.0,5,1.0432,-28.95097
-175.0,110.0,6,0.95778,-29.21126
-175.0,115.0,0,0.87136,-2.20779
-175.0,115.0,1,0.97584,-5.47312
-175.0,115.0,2,0.97,-30.94825
-175.0,115.0,3,0.98317,-23.00386
-175.0,115.0,4,0.93005,-42.02813
-175.0,115.0,5,1.03239,-28.02389
-175.0,115.0,6,0.91252,-28.08773
-175.0,120.0,0,0.84277,-2.7586
-175.0,120.0,1,0.97676,-8.52579
-175.0,120.0,2,0.93936,-33.69806
-175.0,120.0,3,0.95195,-21.55096
-175.0,120.0,4,0.94246,-39.97211
-175.0,120.0,5,1.01456,-28.5853
-175.0,120.0,6,0.87097,-26.74804
-175.0,125.0,0,0.83251,-4.16222
-175.0,125.0,1,0.97382,-10.82945
-175.0,125.0,2,0.90461,-32.80299
-175.0,125.0,3,0.92841,-19.56023
-175.0,125.0,4,0.93238,-43.3038
-175.0,125.0,5,0.97964,-25.38826
-175.0,125.0,6,0.84941,-26.16587
-175.0,130.0,0,0.8124,-4.56262
-175.0,130.0,1,0.95203,-9.97765
-175.0,130.0,2,0.88681,-31.88046
-175.0,130.0,3,0.9196,-21.09387
-175.0,130.0,4,0.92552,-41.52398
-175.0,130.0,5,0.93452,-26.18904
-175.0,130.0,6,0.84733,-24.30551
-175.0,135.0,0,0.77293,-5.9539
-175.0,135.0,1,0.93648,-11.79865
-175.0,135.0,2,0.84563,-32.63437
-175.0,135.0,3,0.90378,-21.1855
-175.0,135.0,4,0.91033,-41.61713
-175.0,135.0,5,0.88479,-23.39535
-175.0,135.0,6,0.83131,-22.9785
-175.0,140.0,0,0.75515,-5.4932
-175.0,140.0,1,0.90788,-12.13788
-175.0,140.0,2,0.80973,-32.50062
-175.0,140.0,3,0.8949,-22.15308
-175.0,140.0,4,0.87459,-40.90099
-175.0,140.0,5,0.85223,-23.5904
-175.0,140.0,6,0.84307,-24.14125
-175.0,145.0,0,0.73062,-7.35118
-175.0,145.0,1,0.89242,-12.2846
-175.0,145.0,2,0.76505,-33.31741
-175.0,145.0,3,0.87645,-19.51532
-175.0,145.0,4,0.83199,-39.20679
-175.0,145.0,5,0.83198,-22.49562
-175.0,145.0,6,0.82978,-22.05794
-175.0,150.0,0,0.69846,-9.40868
-175.0,150.0,1,0.86711,-12.90852
-175.0,150.0,2,0.72693,-30.96655
-175.0,150.0,3,0.87483,-20.69089
-175.0,150.0,4,0.7869,-39.86099
-175.0,150.0,5,0.81356,-23.75074
-175.0,150.0,6,0.80249,-22.80333
-175.0,155.0,0,0.68143,-10.19468
-175.0,155.0,1,0.84373,-12.48776
-175.0,155.0,2,0.7015,-32.78879
-175.0,155.0,3,0.8401,-21.04493
-175.0,155.0,4,0.72839,-36.67657
-175.0,155.0,5,0.80137,-22.32664
-175.0,155.0,6,0.74656,-21.25234
-175.0,160.0,0,0.65379,-10.06831
-175.0,160.0,1,0.79055,-14.81725
-175.0,160.0,2,0.64848,-31.52829
-175.0,160.0,3,0.82714,-20.19179
-175.0,160.0,4,0.69091,-36.8518
-175.0,160.0,5,0.79767,-20.20408
-175.0,160.0,6,0.6884,-20.69574
-175.0,165.0,0,0.61266,-12.97561
-175.0,165.0,1,0.76723,-13.16496
-175.0,165.0,2,0.61837,-32.52748
-175.0,165.0,3,0.78416,-19.87353
-175.0,165.0,4,0.63613,-35.9962
-175.0,165.0,5,0.77371,-19.08234
-175.0,165.0,6,0.63519,-18.77633
-175.0,170.0,0,0.60426,-10.51708
-175.0,170.0,1,0.71964,-14.65112
-175.0,170.0,2,0.60845,-32.77623
-175.0,170.0,3,0.7406,-17.58369
-175.0,170.0,4,0.62403,-38.67572
-175.0,170.0,5,0.72968,-19.28731
-175.0,170.0,6,0.5842,-18.15279
-175.0,175.0,0,0.56909,-10.79123
-175.0,175.0,1,0.67906,-12.8504
-175.0,175.0,2,0.5819,-31.67668
-175.0,175.0,3,0.69949,-17.38864
-175.0,175.0,4,0.60336,-33.74248
-175.0,175.0,5,0.69255,-18.71407
-175.0,175.0,6,0.57069,-19.87194
-175.0,180.0,0,0.54192,-10.34903
-175.0,180.0,1,0.62613,-15.98825
-175.0,180.0,2,0.56173,-32.53265
-175.0,180.0,3,0.64646,-18.16337
-175.0,180.0,4,0.58611,-35.38237
-175.0,180.0,5,0.63987,-17.65025
-175.0,180.0,6,0.56353,-17.35911
-170.0,0.0,0,0.54024,8.13332
-170.0,0.0,1,0.62523,5.67681
-170.0,0.0,2,0.56701,-15.48995
-170.0,0.0,3,0.62968,-11.02831
-170.0,0.0,4,0.59749,-38.06389
-170.0,0.0,5,0.61592,-30.49097
-170.0,0.0,6,0.58804,-37.70451
-170.0,5.0,0,0.58816,6.89745
-170.0,5.0,1,0.67685,3.361
-170.0,5.0,2,0.61224,-15.21392
-170.0,5.0,3,0.69568,-10.74989
-170.0,5.0,4,0.65431,-37.40216
-170.0,5.0,5,0.66591,-29.36752
-170.0,5.0,6,0.65617,-37.14942
-170.0,10.0,0,0.62001,8.55908
-170.0,10.0,1,0.7148,5.01278
-170.0,10.0,2,0.66131,-17.54325
-170.0,10.0,3,0.73881,-10.91127
-170.0,10.0,4,0.71004,-35.52184
-170.0,10.0,5,0.7156,-30.16458
-170.0,10.0,6,0.69529,-38.12556
-170.0,15.0,0,0.6589,8.67493
-170.0,15.0,1,0.75982,4.87838
-170.0,15.0,2,0.70595,-17.24659
-170.0,15.0,3,0.77597,-12.16997
-170.0,15.0,4,0.75797,-39.74309
-170.0,15.0,5,0.7494,-32.70365
-170.0,15.0,6,0.73212,-37.81677
-170.0,20.0,0,0.70004,6.43641
-170.0,20.0,1,0.79838,3.18786
-170.0,20.0,2,0.75518,-19.14828
-170.0,20.0,3,0.81167,-13.47919
-170.0,20.0,4,0.76418,-41.70412
-170.0,20.0,5,0.77111,-32.03004
-170.0,20.0,6,0.73415,-36.0909
-170.0,25.0,0,0.7433,8.31598
-170.0,25.0,1,0.84036,3.36225
-170.0,25.0,2,0.78913,-19.63872
-170.0,25.0,3,0.82872,-16.54408
-170.0,25.0,4,0.79091,-39.98567
-170.0,25.0,5,0.78331,-30.52971
-170.0,25.0,6,0.74376,-37.08153
-170.0,30.0,0,0.77966,5.67112
-170.0,30.0,1,0.86834,3.30772
-170.0,30.0,2,0.80859,-19.36991
-170.0,30.0,3,0.86132,-15.75791
-170.0,30.0,4,0.80553,-40.36265
-170.0,30.0,5,0.79059,-31.73533
-170.0,30.0,6,0.7591,-36.2652
-170.0,35.0,0,0.80871,6.81096
-170.0,35.0,1,0.89583,2.31812
-170.0,35.0,2,0.82048,-21.75952
-170.0,35.0,3,0.86364,-15.97726
-170.0,35.0,4,0.81468,-41.35926
-170.0,35.0,5,0.80728,-32.7659
-170.0,35.0,6,0.78683,-37.66097
-170.0,40.0,0,0.84161,6.32323
-170.0,40.0,1,0.91476,0.82406
-170.0,40.0,2,0.84292,-22.22906
-170.0,40.0,3,0.88111,-13.46198
-170.0,40.0,4,0.82709,-42.34456
-170.0,40.0,5,0.83176,-33.35124
-170.0,40.0,6,0.82037,-36.44374
-170.0,45.0,0,0.86004,5.41071
-170.0,45.0,1,0.93696,0.89877
-170.0,45.0,2,0.84243,-21.32747
-170.0,45.0,3,0.89047,-16.70804
-170.0,45.0,4,0.83948,-44.20241
-170.0,45.0,5,0.86507,-33.10997
-170.0,45.0,6,0.87596,-37.44183
-170.0,50.0,0,0.88219,5.26177
-170.0,50.0,1,0.95668,0.94518
-170.0,50.0,2,0.86101,-23.6685
-170.0,50.0,3,0.90121,-16.6346
-170.0,50.0,4,0.87929,-42.17483
-170.0,50.0,5,0.90184,-31.89125
-170.0,50.0,6,0.91834,-35.61246
-170.0,55.0,0,0.90868,5.58315
-170.0,55.0,1,0.96381,-1.11384
-170.0,55.0,2,0.86531,-25.94816
-170.0,55.0,3,0.92702,-19.52654
-170.0,55.0,4,0.91278,-44.00577
-170.0,55.0,5,0.95206,-31.74675
-170.0,55.0,6,0.96114,-36.637
-170.0,60.0,0,0.92143,3.74075
-170.0,60.0,1,0.97642,-2.32587
-170.0,60.0,2,0.87802,-25.70549
-170.0,60.0,3,0.95148,-18.36289
-170.0,60.0,4,0.94543,-42.16249
-170.0,60.0,5,0.99345,-33.37445
-170.0,60.0,6,0.96307,-35.64014
-170.0,65.0,0,0.92248,3.28279
-170.0,65.0,1,0.9816,-1.15229
-170.0,65.0,2,0.89392,-28.10504
-170.0,65.0,3,0.97439,-19.14653
-170.0,65.0,4,0.97338,-44.96302
-170.0,65.0,5,1.01574,-32.33918
-170.0,65.0,6,0.9559,-35.09331
-170.0,70.0,0,0.94285,4.49292
-170.0,70.0,1,0.98031,-4.16
-170.0,70.0,2,0.906,-26.84668
-170.0,70.0,3,1.00798,-18.94388
-170.0,70.0,4,1.01188,-45.67775
-170.0,70.0,5,1.01698,-32.12649
-170.0,70.0,6,0.95677,-33.1455
-170.0,75.0,0,0.94388,2.47999
-170.0,75.0,1,0.98973,-4.27366
-170.0,75.0,2,0.92476,-27.76708
-170.0,75.0,3,1.03385,-21.0185
-170.0,75.0,4,1.03209,-41.54232
-170.0,75.0,5,1.00813,-32.9974
-170.0,75.0,6,0.94033,-33.92164
-170.0,80.0,0,0.95041,0.83561
-170.0,80.0,1,0.9986,-4.17714
-170.0,80.0,2,0.94581,-29.36768
-170.0,80.0,3,1.05482,-19.26051
-170.0,80.0,4,1.02191,-44.3192
-170.0,80.0,5,0.98279,-29.94459
-170.0,80.0,6,0.93722,-32.96882
-170.0,85.0,0,0.94572,-1.47773
-170.0,85.0,1,0.99882,-5.92759
-170.0,85.0,2,0.96132,-30.05994
-170.0,85.0,3,1.06363,-21.49792
-170.0,85.0,4,1.02111,-41.53963
-170.0,85.0,5,0.97068,-32.63857
-170.0,85.0,6,0.95896,-31.65993
-170.0,90.0,0,0.94397,-1.33296
-170.0,90.0,1,0.98487,-6.0493
-170.0,90.0,2,0.9737,-30.63569
-170.0,90.0,3,1.07683,-24.82647
-170.0,90.0,4,0.99679,-43.97191
-170.0,90.0,5,0.97014,-30.81186
-170.0,90.0,6,0.99773,-31.52138
-170.0,95.0,0,0.92717,-1.18925
-170.0,95.0,1,0.98745,-8.56374
-170.0,95.0,2,0.9854,-28.97029
-170.0,95.0,3,1.06794,-23.2279
-170.0,95.0,4,0.97969,-43.03065
-170.0,95.0,5,0.97308,-30.85143
-170.0,95.0,6,1.01091,-30.22761
-170.0,100.0,0,0.92242,-2.38873
-170.0,100.0,1,0.99188,-5.96943
-170.0,100.0,2,0.98498,-30.22206
-170.0,100.0,3,1.05716,-19.58323
-170.0,100.0,4,0.95652,-44.43648
-170.0,100.0,5,0.99098,-30.9933
-170.0,100.0,6,1.02195,-28.9662
-170.0,105.0,0,0.90025,-2.9179
-170.0,105.0,1,0.99361,-9.60204
-170.0,105.0,2,0.98476,-34.34426
-170.0,105.0,3,1.03234,-24.38911
-170.0,105.0,4,0.95079,-42.20814
-170.0,105.0,5,1.00971,-29.76655
-170.0,105.0,6,1.01396,-29.3483
-170.0,110.0,0,0.88562,-4.38452
-170.0,110.0,1,0.98365,-10.13264
-170.0,110.0,2,0.98613,-30.16534
-170.0,110.0,3,1.00815,-22.12414
-170.0,110.0,4,0.93952,-42.23091
-170.0,110.0,5,1.01846,-27.33204
-170.0,110.0,6,0.97532,-27.82885
-170.0,115.0,0,0.86119,-5.0853
-170.0,115.0,1,0.97449,-11.51593
-170.0,115.0,2,0.97878,-34.30871
-170.0,115.0,3,0.97494,-23.0905
-170.0,115.0,4,0.94675,-42.21332
-170.0,115.0,5,1.00447,-28.22389
-170.0,115.0,6,0.93492,-26.54567
-170.0,120.0,0,0.85749,-5.98352
-170.0,120.0,1,0.97019,-12.23792
-170.0,120.0,2,0.95102,-31.51622
-170.0,120.0,3,0.94972,-23.66238
-170.0,120.0,4,0.94376,-43.54617
-170.0,120.0,5,0.98289,-25.25223
-170.0,120.0,6,0.90169,-26.74914
-170.0,125.0,0,0.84224,-6.1893
-170.0,125.0,1,0.97189,-11.63234
-170.0,125.0,2,0.92699,-33.46957
-170.0,125.0,3,0.922,-22.49649
-170.0,125.0,4,0.95274,-41.29653
-170.0,125.0,5,0.95563,-26.5069
-170.0,125.0,6,0.87595,-25.27453
-170.0,130.0,0,0.80556,-7.56072
-170.0,130.0,1,0.95556,-11.95509
-170.0,130.0,2,0.89072,-34.58726
-170.0,130.0,3,0.89763,-22.51839
-170.0,130.0,4,0.94312,-42.26832
-170.0,130.0,5,0.91056,-24.64806
-170.0,130.0,6,0.86923,-24.34984
-170.0,135.0,0,0.77891,-8.25953
-170.0,135.0,1,0.9334,-14.587
-170.0,135.0,2,0.8531,-36.92225
-170.0,135.0,3,0.89025,-21.84467
-170.0,135.0,4,0.92631,-42.89689
-170.0,135.0,5,0.8658,-26.54949
-170.0,135.0,6,0.86792,-22.49193
-170.0,140.0,0,0.75945,-7.65448
-170.0,140.0,1,0.91267,-15.77824
-170.0,140.0,2,0.80774,-32.98974
-170.0,140.0,3,0.88403,-21.32605
-170.0,140.0,4,0.89247,-40.85178
-170.0,140.0,5,0.82674,-21.01663
-170.0,140.0,6,0.87277,-21.33618
-170.0,145.0,0,0.73191,-8.21379
-170.0,145.0,1,0.88907,-14.70401
-170.0,145.0,2,0.77359,-34.96349
-170.0,145.0,3,0.86689,-22.26274
-170.0,145.0,4,0.84822,-38.57099
-170.0,145.0,5,0.80892,-24.49178
-170.0,145.0,6,0.86696,-22.32596
-170.0,150.0,0,0.7062,-10.48926
-170.0,150.0,1,0.87085,-13.93926
-170.0,150.0,2,0.73088,-34.39939
-170.0,150.0,3,0.84952,-19.89576
-170.0,150.0,4,0.79728,-40.33928
-170.0,150.0,5,0.78653,-22.11494
-170.0,150.0,6,0.828,-21.84661
-170.0,155.0,0,0.67958,-11.36511
-170.0,155.0,1,0.84066,-14.82443
-170.0,155.0,2,0.68934,-32.97469
-170.0,155.0,3,0.83961,-19.42218
-170.0,155.0,4,0.74757,-39.23877
-170.0,155.0,5,0.78182,-22.81908
-170.0,155.0,6,0.77052,-19.45949
-170.0,160.0,0,0.65569,-14.10493
-170.0,160.0,1,0.80445,-15.04523
-170.0,160.0,2,0.66974,-34.35639
-170.0,160.0,3,0.8133,-20.84612
-170.0,160.0,4,0.70404,-39.04561
-170.0,160.0,5,0.77792,-20.35231
-170.0,160.0,6,0.71472,-19.62757
-170.0,165.0,0,0.6231,-12.3937
-170.0,165.0,1,0.75168,-15.44598
-170.0,165.0,2,0.6385,-34.5318
-170.0,165.0,3,0.76971,-19.07319
-170.0,165.0,4,0.66428,-37.27075
-170.0,165.0,5,0.75079,-20.33018
-170.0,165.0,6,0.65652,-20.37664
-170.0,170.0,0,0.59395,-10.87211
-170.0,170.0,1,0.72194,-13.95408
-170.0,170.0,2,0.60887,-36.01852
-170.0,170.0,3,0.72943,-22.51185
-170.0,170.0,4,0.64186,-35.24239
-170.0,170.0,5,0.71777,-18.52382
-170.0,170.0,6,0.62158,-18.69874
-170.0,175.0,0,0.57267,-14.51208
-170.0,175.0,1,0.66957,-16.29841
-170.0,175.0,2,0.58089,-34.91336
-170.0,175.0,3,0.6901,-18.94493
-170.0,175.0,4,0.60413,-34.7552
-170.0,175.0,5,0.66975,-17.31001
-170.0,175.0,6,0.59849,-17.35321
-170.0,180.0,0,0.53462,-14.22782
-170.0,180.0,1,0.62123,-16.80659
-170.0,180.0,2,0.57409,-31.99979
-170.0,180.0,3,0.63632,-19.11303
-170.0,180.0,4,0.60552,-34.39789
-170.0,180.0,5,0.61978,-16.64194
-170.0,180.0,6,0.57795,-17.27808
-165.0,0.0,0,0.54061,4.76181
-165.0,0.0,1,0.62282,4.30729
-165.0,0.0,2,0.57599,-15.94891
-165.0,0.0,3,0.62205,-10.64711
-165.0,0.0,4,0.62545,-36.59022
-165.0,0.0,5,0.57462,-28.91371
-165.0,0.0,6,0.62453,-35.40316
-165.0,5.0,0,0.59115,6.03517
-165.0,5.0,1,0.66509,4.10479
-165.0,5.0,2,0.62807,-19.63336
-165.0,5.0,3,0.67033,-12.58745
-165.0,5.0,4,0.68637,-36.85793
-165.0,5.0,5,0.63436,-31.12586
-165.0,5.0,6,0.6797,-36.71762
-165.0,10.0,0,0.62942,7.23962
-165.0,10.0,1,0.70519,4.27442
-165.0,10.0,2,0.67218,-19.64257
-165.0,10.0,3,0.71854,-13.49041
-165.0,10.0,4,0.73097,-39.28179
-165.0,10.0,5,0.69313,-31.55969
-165.0,10.0,6,0.72522,-38.00332
-165.0,15.0,0,0.66743,3.82668
-165.0,15.0,1,0.75018,3.35036
-165.0,15.0,2,0.70905,-18.86363
-165.0,15.0,3,0.764,-14.1506
-165.0,15.0,4,0.76792,-40.47534
-165.0,15.0,5,0.72032,-31.74179
-165.0,15.0,6,0.76392,-37.08303
-165.0,20.0,0,0.70098,4.11258
-165.0,20.0,1,0.80385,1.14674
-165.0,20.0,2,0.75314,-19.30664
-165.0,20.0,3,0.80126,-15.12176
-165.0,20.0,4,0.80603,-38.87605
-165.0,20.0,5,0.74107,-32.97471
-165.0,20.0,6,0.77928,-37.09081
-165.0,25.0,0,0.74039,4.0243
-165.0,25.0,1,0.82678,1.79696
-165.0,25.0,2,0.79061,-23.3768
-165.0,25.0,3,0.81009,-14.24942
-165.0,25.0,4,0.80942,-40.56467
-165.0,25.0,5,0.75319,-30.769
-165.0,25.0,6,0.78554,-37.04197
-165.0,30.0,0,0.776,4.8344
-165.0,30.0,1,0.86579,0.36121
-165.0,30.0,2,0.80477,-22.03369
-165.0,30.0,3,0.8399,-16.16361
-165.0,30.0,4,0.81961,-41.22446
-165.0,30.0,5,0.75151,-32.7077
-165.0,30.0,6,0.79746,-37.67099
-165.0,35.0,0,0.81126,4.60015
-165.0,35.0,1,0.89229,-1.36471
-165.0,35.0,2,0.83788,-22.82163
-165.0,35.0,3,0.85551,-16.47546
-165.0,35.0,4,0.83434,-41.13833
-165.0,35.0,5,0.78049,-34.23139
-165.0,35.0,6,0.81183,-36.46835
-165.0,40.0,0,0.82788,5.19691
-165.0,40.0,1,0.91001,0.1569
-165.0,40.0,2,0.84961,-24.01281
-165.0,40.0,3,0.85857,-17.88974
-165.0,40.0,4,0.84756,-42.05283
-165.0,40.0,5,0.79687,-32.86495
-165.0,40.0,6,0.85587,-34.68533
-165.0,45.0,0,0.86651,2.60021
-165.0,45.0,1,0.92698,-1.55404
-165.0,45.0,2,0.85604,-25.04918
-165.0,45.0,3,0.88151,-17.56221
-165.0,45.0,4,0.86863,-42.86732
-165.0,45.0,5,0.84333,-33.64369
-165.0,45.0,6,0.91077,-35.82215
-165.0,50.0,0,0.88873,2.82908
-165.0,50.0,1,0.94697,-1.3736
-165.0,50.0,2,0.85971,-25.17673
-165.0,50.0,3,0.89239,-19.89848
-165.0,50.0,4,0.89155,-41.75427
-165.0,50.0,5,0.87518,-32.86752
-165.0,50.0,6,0.95399,-35.8096
-165.0,55.0,0,0.90413,0.09457
-165.0,55.0,1,0.972,-3.42759
-165.0,55.0,2,0.88158,-26.37187
-165.0,55.0,3,0.91469,-18.92011
-165.0,55.0,4,0.93792,-42.83004
-165.0,55.0,5,0.9289,-32.38425
-165.0,55.0,6,0.99727,-36.32065
-165.0,60.0,0,0.92767,2.28663
-165.0,60.0,1,0.97004,-4.839
-165.0,60.0,2,0.89613,-27.77973
-165.0,60.0,3,0.93504,-22.07229
-165.0,60.0,4,0.97014,-44.91496
-165.0,60.0,5,0.95733,-32.9467
-165.0,60.0,6,1.01556,-34.25914
-165.0,65.0,0,0.93705,3.06891
-165.0,65.0,1,0.96716,-2.8184
-165.0,65.0,2,0.899,-28.53734
-165.0,65.0,3,0.95768,-22.62006
-165.0,65.0,4,0.99951,-45.62527
-165.0,65.0,5,0.97971,-31.38687
-165.0,65.0,6,1.00726,-34.03561
-165.0,70.0,0,0.94561,0.69791
-165.0,70.0,1,0.97682,-4.94711
-165.0,70.0,2,0.91125,-28.14493
-165.0,70.0,3,0.98793,-21.32439
-165.0,70.0,4,1.03637,-44.52221
-165.0,70.0,5,0.98307,-33.1936
-165.0,70.0,6,0.9875,-33.63538
-165.0,75.0,0,0.94588,-0.55362
-165.0,75.0,1,0.97662,-5.56823
-165.0,75.0,2,0.93139,-30.353
-165.0,75.0,3,1.01866,-22.81513
-165.0,75.0,4,1.05453,-44.16347
-165.0,75.0,5,0.97676,-30.66796
-165.0,75.0,6,0.98244,-31.9941
-165.0,80.0,0,0.94061,-1.06239
-165.0,80.0,1,0.98232,-6.05476
-165.0,80.0,2,0.94096,-29.49353
-165.0,80.0,3,1.04146,-21.90619
-165.0,80.0,4,1.04694,-45.69522
-165.0,80.0,5,0.96594,-30.37926
-165.0,80.0,6,0.9797,-30.68494
-165.0,85.0,0,0.94884,-2.37884
-165.0,85.0,1,0.974,-6.68955
-165.0,85.0,2,0.96172,-30.6675
-165.0,85.0,3,1.04584,-23.25041
-165.0,85.0,4,1.04445,-45.07887
-165.0,85.0,5,0.94208,-31.90573
-165.0,85.0,6,0.99935,-31.4294
-165.0,90.0,0,0.94037,-3.04979
-165.0,90.0,1,0.97875,-8.86257
-165.0,90.0,2,0.97452,-31.54745
-165.0,90.0,3,1.05318,-24.15041
-165.0,90.0,4,1.0246,-44.93948
-165.0,90.0,5,0.94076,-28.3564
-165.0,90.0,6,1.02921,-29.21201
-165.0,95.0,0,0.93562,-3.68891
-165.0,95.0,1,0.97784,-11.19921
-165.0,95.0,2,0.9827,-34.52536
-165.0,95.0,3,1.04915,-24.92626
-165.0,95.0,4,0.99813,-44.67225
-165.0,95.0,5,0.94366,-28.96803
-165.0,95.0,6,1.05416,-28.55558
-165.0,100.0,0,0.92652,-4.12702
-165.0,100.0,1,0.97868,-9.71129
-165.0,100.0,2,0.99596,-32.99701
-165.0,100.0,3,1.04164,-24.66432
-165.0,100.0,4,0.97567,-44.14685
-165.0,100.0,5,0.96903,-28.18105
-165.0,100.0,6,1.07745,-30.16892
-165.0,105.0,0,0.9052,-7.49792
-165.0,105.0,1,0.97577,-9.0658
-165.0,105.0,2,1.00657,-34.34895
-165.0,105.0,3,1.01512,-24.57075
-165.0,105.0,4,0.96417,-44.46867
-165.0,105.0,5,0.97509,-28.60119
-165.0,105.0,6,1.04783,-27.28266
-165.0,110.0,0,0.89901,-6.13104
-165.0,110.0,1,0.9768,-11.69286
-165.0,110.0,2,0.99504,-33.97161
-165.0,110.0,3,0.98403,-24.38693
-165.0,110.0,4,0.96936,-44.95
-165.0,110.0,5,0.99054,-29.43871
-165.0,110.0,6,1.0181,-26.57059
-165.0,115.0,0,0.87288,-6.91351
-165.0,115.0,1,0.97298,-10.77178
-165.0,115.0,2,0.97731,-35.01617
-165.0,115.0,3,0.96144,-22.83345
-165.0,115.0,4,0.96865,-43.72838
-165.0,115.0,5,0.98743,-28.13902
-165.0,115.0,6,0.97051,-27.54956
-165.0,120.0,0,0.85979,-9.91267
-165.0,120.0,1,0.962,-12.89637
-165.0,120.0,2,0.96064,-32.97708
-165.0,120.0,3,0.93387,-24.42056
-165.0,120.0,4,0.97772,-42.12795
-165.0,120.0,5,0.96678,-25.62848
-165.0,120.0,6,0.93982,-26.92616
-165.0,125.0,0,0.8269,-6.6079
-165.0,125.0,1,0.96018,-15.631
-165.0,125.0,2,0.93121,-34.096
-165.0,125.0,3,0.90975,-23.86198
-165.0,125.0,4,0.96066,-42.67341
-165.0,125.0,5,0.92388,-24.29582
-165.0,125.0,6,0.9138,-24.70662
-165.0,130.0,0,0.80687,-9.49934
-165.0,130.0,1,0.9497,-14.95797
-165.0,130.0,2,0.89328,-36.5706
-165.0,130.0,3,0.88938,-24.11466
-165.0,130.0,4,0.96392,-43.73937
-165.0,130.0,5,0.87543,-27.06668
-165.0,130.0,6,0.9109,-22.65993
-165.0,135.0,0,0.78686,-10.30147
-165.0,135.0,1,0.93534,-16.52278
-165.0,135.0,2,0.85381,-34.432
-165.0,135.0,3,0.86936,-23.64849
-165.0,135.0,4,0.94393,-44.11246
-165.0,135.0,5,0.83116,-23.60495
-165.0,135.0,6,0.91478,-25.49533
-165.0,140.0,0,0.75193,-11.55312
-165.0,140.0,1,0.91856,-14.40204
-165.0,140.0,2,0.8288,-34.11309
-165.0,140.0,3,0.86127,-24.34642
-165.0,140.0,4,0.92073,-41.36349
-165.0,140.0,5,0.79781,-23.96954
-165.0,140.0,6,0.90635,-21.27426
-165.0,145.0,0,0.72882,-13.47496
-165.0,145.0,1,0.88649,-16.0201
-165.0,145.0,2,0.77969,-36.05056
-165.0,145.0,3,0.84296,-23.9582
-165.0,145.0,4,0.87913,-40.66192
-165.0,145.0,5,0.76969,-21.69505
-165.0,145.0,6,0.89143,-20.64364
-165.0,150.0,0,0.70832,-12.09988
-165.0,150.0,1,0.86694,-14.36561
-165.0,150.0,2,0.74909,-36.83812
-165.0,150.0,3,0.83431,-23.0892
-165.0,150.0,4,0.82342,-39.15082
-165.0,150.0,5,0.75996,-21.79997
-165.0,150.0,6,0.85151,-20.66408
-165.0,155.0,0,0.68287,-11.53087
-165.0,155.0,1,0.83334,-16.92577
-165.0,155.0,2,0.70114,-36.02331
-165.0,155.0,3,0.82162,-22.52153
-165.0,155.0,4,0.77407,-38.64841
-165.0,155.0,5,0.75452,-18.95205
-165.0,155.0,6,0.80316,-21.41633
-165.0,160.0,0,0.65484,-15.13037
-165.0,160.0,1,0.79212,-17.46652
-165.0,160.0,2,0.6707,-35.18708
-165.0,160.0,3,0.79914,-21.80782
-165.0,160.0,4,0.72938,-37.56506
-165.0,160.0,5,0.74071,-19.74933
-165.0,160.0,6,0.74907,-19.12648
-165.0,165.0,0,0.62297,-12.82314
-165.0,165.0,1,0.75511,-19.11264
-165.0,165.0,2,0.64862,-38.41852
-165.0,165.0,3,0.7632,-20.69927
-165.0,165.0,4,0.69475,-37.47395
-165.0,165.0,5,0.71836,-17.57994
-165.0,165.0,6,0.69926,-17.13111
-165.0,170.0,0,0.59625,-14.53491
-165.0,170.0,1,0.70233,-17.47936
-165.0,170.0,2,0.61052,-36.74204
-165.0,170.0,3,0.71247,-19.79111
-165.0,170.0,4,0.66355,-37.49039
-165.0,170.0,5,0.69287,-18.60718
-165.0,170.0,6,0.64538,-18.13171
-165.0,175.0,0,0.56102,-15.65925
-165.0,175.0,1,0.66863,-18.88852
-165.0,175.0,2,0.60244,-34.45285
-165.0,175.0,3,0.66697,-19.7839
-165.0,175.0,4,0.6385,-36.38874
-165.0,175.0,5,0.64587,-18.5675
-165.0,175.0,6,0.63257,-17.16677
-165.0,180.0,0,0.54456,-15.47207
-165.0,180.0,1,0.61694,-16.91681
-165.0,180.0,2,0.58639,-33.21035
-165.0,180.0,3,0.62053,-20.22824
-165.0,180.0,4,0.61883,-34.93806
-165.0,180.0,5,0.57933,-17.10639
-165.0,180.0,6,0.62213,-18.69871
-160.0,0.0,0,0.54189,3.21899
-160.0,0.0,1,0.61384,0.94695
-160.0,0.0,2,0.58834,-19.04377
-160.0,0.0,3,0.5945,-11.28022
-160.0,0.0,4,0.64997,-37.90711
-160.0,0.0,5,0.55171,-29.95681
-160.0,0.0,6,0.65531,-35.33592
-160.0,5.0,0,0.58897,4.26189
-160.0,5.0,1,0.66,2.71172
-160.0,5.0,2,0.64401,-21.00897
-160.0,5.0,3,0.64991,-12.77775
-160.0,5.0,4,0.70506,-36.98791
-160.0,5.0,5,0.6135,-30.30849
-160.0,5.0,6,0.71575,-37.34265
-160.0,10.0,0,0.62163,4.63415
-160.0,10.0,1,0.69661,2.10506
-160.0,10.0,2,0.68146,-20.65202
-160.0,10.0,3,0.69983,-11.74964
-160.0,10.0,4,0.75604,-38.98364
-160.0,10.0,5,0.66196,-32.80604
-160.0,10.0,6,0.77401,-37.63711
-160.0,15.0,0,0.66341,3.84983
-160.0,15.0,1,0.7415,-0.77694
-160.0,15.0,2,0.73388,-21.41532
-160.0,15.0,3,0.74718,-13.90784
-160.0,15.0,4,0.79289,-38.46872
-160.0,15.0,5,0.6908,-28.93072
-160.0,15.0,6,0.7896,-36.91828
-160.0,20.0,0,0.70265,3.20934
-160.0,20.0,1,0.78169,-0.28242
-160.0,20.0,2,0.77337,-21.69431
-160.0,20.0,3,0.78238,-14.83433
-160.0,20.0,4,0.81893,-41.5695
-160.0,20.0,5,0.71345,-31.18686
-160.0,20.0,6,0.80386,-36.37722
-160.0,25.0,0,0.75056,3.77065
-160.0,25.0,1,0.82517,-0.51643
-160.0,25.0,2,0.79637,-20.67579
-160.0,25.0,3,0.79928,-13.70141
-160.0,25.0,4,0.83621,-42.89842
-160.0,25.0,5,0.73264,-31.63601
-160.0,25.0,6,0.81897,-35.23368
-160.0,30.0,0,0.77708,3.35718
-160.0,30.0,1,0.85453,-0.39248
-160.0,30.0,2,0.82396,-25.26036
-160.0,30.0,3,0.8224,-17.33875
-160.0,30.0,4,0.84971,-41.58308
-160.0,30.0,5,0.72293,-31.20372
-160.0,30.0,6,0.82421,-33.5601
-160.0,35.0,0,0.81473,2.38283
-160.0,35.0,1,0.88079,-1.5402
-160.0,35.0,2,0.8381,-23.93937
-160.0,35.0,3,0.83231,-17.95928
-160.0,35.0,4,0.85988,-42.08592
-160.0,35.0,5,0.74442,-33.08749
-160.0,35.0,6,0.85252,-35.2038
-160.0,40.0,0,0.8417,1.61431
-160.0,40.0,1,0.90296,-1.9857
-160.0,40.0,2,0.85875,-26.03963
-160.0,40.0,3,0.84436,-17.61252
-160.0,40.0,4,0.8758,-42.84395
-160.0,40.0,5,0.76456,-32.34478
-160.0,40.0,6,0.88658,-36.34539
-160.0,45.0,0,0.87034,1.22255
-160.0,45.0,1,0.92064,-1.51548
-160.0,45.0,2,0.88229,-27.31637
-160.0,45.0,3,0.85398,-19.91989
-160.0,45.0,4,0.89693,-44.83421
-160.0,45.0,5,0.80686,-31.68429
-160.0,45.0,6,0.94415,-36.44582
-160.0,50.0,0,0.88549,0.4086
-160.0,50.0,1,0.94697,-3.68314
-160.0,50.0,2,0.88629,-26.42622
-160.0,50.0,3,0.86466,-19.9068
-160.0,50.0,4,0.92007,-44.17657
-160.0,50.0,5,0.84477,-31.30441
-160.0,50.0,6,0.98942,-36.04437
-160.0,55.0,0,0.91234,-0.51265
-160.0,55.0,1,0.94647,-3.37021
-160.0,55.0,2,0.89166,-27.36035
-160.0,55.0,3,0.88736,-20.4972
-160.0,55.0,4,0.94894,-43.45728
-160.0,55.0,5,0.89072,-31.96732
-160.0,55.0,6,1.0224,-34.65556
-160.0,60.0,0,0.91826,-0.71224
-160.0,60.0,1,0.96848,-6.03087
-160.0,60.0,2,0.89859,-28.43388
-160.0,60.0,3,0.90912,-19.78279
-160.0,60.0,4,0.99893,-41.99532
-160.0,60.0,5,0.93196,-29.63755
-160.0,60.0,6,1.03394,-32.94463
-160.0,65.0,0,0.93139,-1.5699
-160.0,65.0,1,0.96647,-5.57359
-160.0,65.0,2,0.9198,-29.55982
-160.0,65.0,3,0.93276,-21.63909
-160.0,65.0,4,1.03205,-45.15923
-160.0,65.0,5,0.95661,-30.49343
-160.0,65.0,6,1.02871,-33.28422
-160.0,70.0,0,0.93235,-2.458
-160.0,70.0,1,0.97605,-7.89491
-160.0,70.0,2,0.93106,-29.38196
-160.0,70.0,3,0.97251,-21.51468
-160.0,70.0,4,1.06066,-43.78967
-160.0,70.0,5,0.96193,-30.98853
-160.0,70.0,6,1.01814,-30.65343
-160.0,75.0,0,0.95763,-3.14131
-160.0,75.0,1,0.97841,-7.72886
-160.0,75.0,2,0.95359,-31.10246
-160.0,75.0,3,0.99427,-23.52696
-160.0,75.0,4,1.08156,-45.94556
-160.0,75.0,5,0.95016,-31.52972
-160.0,75.0,6,1.01461,-29.73002
-160.0,80.0,0,0.95714,-5.18394
-160.0,80.0,1,0.96823,-11.30572
-160.0,80.0,2,0.97157,-32.1009
-160.0,80.0,3,1.01824,-23.0111
-160.0,80.0,4,1.08223,-45.27534
-160.0,80.0,5,0.9308,-30.6707
-160.0,80.0,6,1.00423,-28.81252
-160.0,85.0,0,0.95792,-3.97812
-160.0,85.0,1,0.97539,-7.57475
-160.0,85.0,2,0.98724,-32.14961
-160.0,85.0,3,1.03843,-23.85286
-160.0,85.0,4,1.07084,-47.47518
-160.0,85.0,5,0.90479,-29.78957
-160.0,85.0,6,1.02808,-29.49868
-160.0,90.0,0,0.94432,-4.17539
-160.0,90.0,1,0.97757,-10.43416
-160.0,90.0,2,0.99244,-33.51526
-160.0,90.0,3,1.04782,-24.74027
-160.0,90.0,4,1.0488,-43.9371
-160.0,90.0,5,0.90855,-28.80215
-160.0,90.0,6,1.06366,-28.34996
-160.0,95.0,0,0.93337,-3.65718
-160.0,95.0,1,0.97853,-12.022
-160.0,95.0,2,1.01268,-33.27565
-160.0,95.0,3,1.0387,-23.13195
-160.0,95.0,4,1.0268,-43.79448
-160.0,95.0,5,0.90998,-30.21818
-160.0,95.0,6,1.07867,-26.17125
-160.0,100.0,0,0.92736,-5.20158
-160.0,100.0,1,0.97358,-11.30987
-160.0,100.0,2,0.99959,-34.28969
-160.0,100.0,3,1.02277,-24.81789
-160.0,100.0,4,1.00032,-46.13738
-160.0,100.0,5,0.93397,-27.32558
-160.0,100.0,6,1.08793,-25.96189
-160.0,105.0,0,0.904,-6.5719
-160.0,105.0,1,0.97606,-11.57907
-160.0,105.0,2,1.00397,-33.58886
-160.0,105.0,3,0.99818,-25.30699
-160.0,105.0,4,0.99495,-44.50088
-160.0,105.0,5,0.94856,-28.95889
-160.0,105.0,6,1.07303,-26.69826
-160.0,110.0,0,0.89396,-7.56226
-160.0,110.0,1,0.97672,-15.29156
-160.0,110.0,2,1.0051,-34.8974
-160.0,110.0,3,0.96984,-25.67949
-160.0,110.0,4,0.99545,-42.3106
-160.0,110.0,5,0.95584,-28.30969
-160.0,110.0,6,1.04958,-25.99165
-160.0,115.0,0,0.87624,-8.71527
-160.0,115.0,1,0.96598,-14.21689
-160.0,115.0,2,0.9884,-37.59179
-160.0,115.0,3,0.94533,-24.39979
-160.0,115.0,4,0.99268,-42.35179
-160.0,115.0,5,0.95168,-25.73462
-160.0,115.0,6,1.00904,-25.48849
-160.0,120.0,0,0.84916,-9.31114
-160.0,120.0,1,0.96358,-13.90084
-160.0,120.0,2,0.96333,-36.15249
-160.0,120.0,3,0.91343,-24.35107
-160.0,120.0,4,0.99749,-42.99956
-160.0,120.0,5,0.91942,-26.47883
-160.0,120.0,6,0.96442,-25.92242
-160.0,125.0,0,0.83432,-11.01829
-160.0,125.0,1,0.94819,-17.00164
-160.0,125.0,2,0.94504,-38.94097
-160.0,125.0,3,0.8878,-25.77336
-160.0,125.0,4,0.9988,-40.93189
-160.0,125.0,5,0.89975,-25.49258
-160.0,125.0,6,0.95187,-21.63089
-160.0,130.0,0,0.81571,-9.57155
-160.0,130.0,1,0.94355,-15.58154
-160.0,130.0,2,0.90977,-37.05198
-160.0,130.0,3,0.86948,-25.30063
-160.0,130.0,4,0.9911,-40.11975
-160.0,130.0,5,0.85319,-24.85037
-160.0,130.0,6,0.94549,-21.21976
-160.0,135.0,0,0.7812,-12.93807
-160.0,135.0,1,0.93596,-16.71269
-160.0,135.0,2,0.8739,-37.43463
-160.0,135.0,3,0.84952,-23.17533
-160.0,135.0,4,0.96931,-41.25461
-160.0,135.0,5,0.81409,-23.3275
-160.0,135.0,6,0.93787,-21.2087
-160.0,140.0,0,0.76431,-13.48066
-160.0,140.0,1,0.9092,-18.5885
-160.0,140.0,2,0.82469,-37.64478
-160.0,140.0,3,0.83508,-24.75218
-160.0,140.0,4,0.94165,-41.03729
-160.0,140.0,5,0.77723,-24.01706
-160.0,140.0,6,0.93654,-21.51266
-160.0,145.0,0,0.7304,-11.74784
-160.0,145.0,1,0.88012,-18.1336
-160.0,145.0,2,0.79284,-34.76417
-160.0,145.0,3,0.83178,-24.62651
-160.0,145.0,4,0.90613,-41.28448
-160.0,145.0,5,0.73246,-21.1306
-160.0,145.0,6,0.92951,-21.70842
-160.0,150.0,0,0.70264,-14.59664
-160.0,150.0,1,0.85097,-19.92125
-160.0,150.0,2,0.74918,-35.50685
-160.0,150.0,3,0.8258,-24.619
-160.0,150.0,4,0.8495,-39.86746
-160.0,150.0,5,0.72812,-21.52062
-160.0,150.0,6,0.89937,-20.14885
-160.0,155.0,0,0.67789,-15.34924
-160.0,155.0,1,0.81999,-19.26752
-160.0,155.0,2,0.71717,-38.38582
-160.0,155.0,3,0.80817,-23.84612
-160.0,155.0,4,0.80598,-40.17152
-160.0,155.0,5,0.71758,-20.41636
-160.0,155.0,6,0.83706,-17.88573
-160.0,160.0,0,0.65789,-13.61859
-160.0,160.0,1,0.772,-20.2557
-160.0,160.0,2,0.6869,-37.54815
-160.0,160.0,3,0.77605,-20.07314
-160.0,160.0,4,0.74068,-37.87854
-160.0,160.0,5,0.71104,-19.82955
-160.0,160.0,6,0.78437,-18.07584
-160.0,165.0,0,0.63092,-15.30692
-160.0,165.0,1,0.75363,-21.4155
-160.0,165.0,2,0.65523,-38.5682
-160.0,165.0,3,0.73822,-22.44414
-160.0,165.0,4,0.72433,-38.49121
-160.0,165.0,5,0.69028,-19.18755
-160.0,165.0,6,0.73222,-17.89307
-160.0,170.0,0,0.60137,-16.40766
-160.0,170.0,1,0.708,-21.84957
-160.0,170.0,2,0.62661,-36.3865
-160.0,170.0,3,0.69094,-21.97433
-160.0,170.0,4,0.67696,-36.67672
-160.0,170.0,5,0.65626,-19.82738
-160.0,170.0,6,0.68416,-17.78138
-160.0,175.0,0,0.56806,-16.57445
-160.0,175.0,1,0.66201,-19.65186
-160.0,175.0,2,0.61847,-36.79396
-160.0,175.0,3,0.65831,-20.77756
-160.0,175.0,4,0.66605,-36.67944
-160.0,175.0,5,0.60291,-18.47377
-160.0,175.0,6,0.65972,-15.51013
-160.0,180.0,0,0.5451,-19.24042
-160.0,180.0,1,0.62165,-20.78644
-160.0,180.0,2,0.5874,-38.03091
-160.0,180.0,3,0.59553,-19.66551
-160.0,180.0,4,0.65208,-36.13237
-160.0,180.0,5,0.55573,-16.66468
-160.0,180.0,6,0.65578,-14.3561
-155.0,0.0,0,0.5474,0.98155
-155.0,0.0,1,0.6026,1.94254
-155.0,0.0,2,0.59188,-20.77729
-155.0,0.0,3,0.57009,-13.18029
-155.0,0.0,4,0.67817,-38.39558
-155.0,0.0,5,0.52529,-29.12706
-155.0,0.0,6,0.6792,-33.25744
-155.0,5.0,0,0.58803,0.63926
-155.0,5.0,1,0.6512,0.551
-155.0,5.0,2,0.65125,-20.98316
-155.0,5.0,3,0.6255,-14.79727
-155.0,5.0,4,0.72316,-38.55423
-155.0,5.0,5,0.58063,-26.96457
-155.0,5.0,6,0.73269,-34.06108
-155.0,10.0,0,0.63339,0.1729
-155.0,10.0,1,0.69167,-0.47145
-155.0,10.0,2,0.70229,-21.00349
-155.0,10.0,3,0.68774,-12.77466
-155.0,10.0,4,0.78362,-38.29368
-155.0,10.0,5,0.63632,-29.01445
-155.0,10.0,6,0.77718,-35.08841
-155.0,15.0,0,0.67395,-0.48636
-155.0,15.0,1,0.74756,1.22342
-155.0,15.0,2,0.74036,-21.46744
-155.0,15.0,3,0.72285,-15.90992
-155.0,15.0,4,0.82011,-39.4975
-155.0,15.0,5,0.67567,-30.50603
-155.0,15.0,6,0.80903,-35.17719
-155.0,20.0,0,0.71362,0.94766
-155.0,20.0,1,0.78477,-1.85491
-155.0,20.0,2,0.78168,-23.89288
-155.0,20.0,3,0.75243,-14.59696
-155.0,20.0,4,0.84534,-40.7609
-155.0,20.0,5,0.69465,-31.30741
-155.0,20.0,6,0.83047,-35.25362
-155.0,25.0,0,0.74373,2.98997
-155.0,25.0,1,0.80798,-0.00018
-155.0,25.0,2,0.81527,-23.2768
-155.0,25.0,3,0.77648,-16.36264
-155.0,25.0,4,0.85745,-40.28937
-155.0,25.0,5,0.69968,-31.42813
-155.0,25.0,6,0.82301,-34.50003
-155.0,30.0,0,0.78549,0.82647
-155.0,30.0,1,0.845,-3.33318
-155.0,30.0,2,0.83418,-23.84484
-155.0,30.0,3,0.80225,-18.48131
-155.0,30.0,4,0.86645,-41.9631
-155.0,30.0,5,0.70534,-30.48351
-155.0,30.0,6,0.8347,-33.7961
-155.0,35.0,0,0.81687,1.11223
-155.0,35.0,1,0.87569,-2.44457
-155.0,35.0,2,0.85686,-26.71898
-155.0,35.0,3,0.81374,-16.95705
-155.0,35.0,4,0.89108,-42.52421
-155.0,35.0,5,0.71264,-30.86884
-155.0,35.0,6,0.8588,-33.31131
-155.0,40.0,0,0.84757,-0.81905
-155.0,40.0,1,0.89678,-4.29353
-155.0,40.0,2,0.87186,-27.36279
-155.0,40.0,3,0.8241,-19.67813
-155.0,40.0,4,0.89546,-43.30162
-155.0,40.0,5,0.74267,-30.70881
-155.0,40.0,6,0.89881,-33.73166
-155.0,45.0,0,0.87239,-1.01675
-155.0,45.0,1,0.91233,-5.14225
-155.0,45.0,2,0.88485,-26.5925
-155.0,45.0,3,0.84234,-19.48738
-155.0,45.0,4,0.91648,-41.96239
-155.0,45.0,5,0.779,-31.07213
-155.0,45.0,6,0.95487,-33.34744
-155.0,50.0,0,0.89037,-1.22183
-155.0,50.0,1,0.94242,-4.87732
-155.0,50.0,2,0.89411,-27.77718
-155.0,50.0,3,0.85307,-18.61161
-155.0,50.0,4,0.95007,-43.61935
-155.0,50.0,5,0.83426,-30.47289
-155.0,50.0,6,1.00249,-33.54198
-155.0,55.0,0,0.91116,-1.01603
-155.0,55.0,1,0.94111,-7.83034
-155.0,55.0,2,0.90882,-30.42128
-155.0,55.0,3,0.86077,-21.25854
-155.0,55.0,4,0.98071,-44.10031
-155.0,55.0,5,0.87323,-30.76832
-155.0,55.0,6,1.0361,-33.25417
-155.0,60.0,0,0.91238,-1.34933
-155.0,60.0,1,0.95863,-6.45087
-155.0,60.0,2,0.91585,-30.61351
-155.0,60.0,3,0.89344,-21.77525
-155.0,60.0,4,1.01375,-43.44004
-155.0,60.0,5,0.90169,-31.61454
-155.0,60.0,6,1.05924,-32.74564
-155.0,65.0,0,0.93933,-2.19664
-155.0,65.0,1,0.9604,-9.31504
-155.0,65.0,2,0.92477,-30.60606
-155.0,65.0,3,0.9113,-20.88187
-155.0,65.0,4,1.05811,-43.99597
-155.0,65.0,5,0.93131,-30.6357
-155.0,65.0,6,1.04375,-32.86777
-155.0,70.0,0,0.9501,-3.91243
-155.0,70.0,1,0.97178,-9.91983
-155.0,70.0,2,0.94129,-29.18812
-155.0,70.0,3,0.94136,-24.04497
-155.0,70.0,4,1.08556,-43.19657
-155.0,70.0,5,0.92813,-30.72035
-155.0,70.0,6,1.03054,-31.37268
-155.0,75.0,0,0.9502,-3.45583
-155.0,75.0,1,0.96679,-10.92775
-155.0,75.0,2,0.95257,-32.03486
-155.0,75.0,3,0.96874,-24.06424
-155.0,75.0,4,1.09818,-47.10782
-155.0,75.0,5,0.9334,-32.10714
-155.0,75.0,6,1.0212,-30.36756
-155.0,80.0,0,0.94959,-4.21983
-155.0,80.0,1,0.96754,-11.30133
-155.0,80.0,2,0.9779,-32.32146
-155.0,80.0,3,0.99342,-25.35045
-155.0,80.0,4,1.10677,-45.20494
-155.0,80.0,5,0.90036,-29.59379
-155.0,80.0,6,1.0165,-30.21013
-155.0,85.0,0,0.94633,-8.17402
-155.0,85.0,1,0.97122,-7.79971
-155.0,85.0,2,0.99186,-33.16164
-155.0,85.0,3,1.01242,-24.28476
-155.0,85.0,4,1.09368,-44.42818
-155.0,85.0,5,0.89066,-29.67997
-155.0,85.0,6,1.04093,-28.23235
-155.0,90.0,0,0.94982,-5.85473
-155.0,90.0,1,0.96588,-12.57745
-155.0,90.0,2,1.0075,-34.45288
-155.0,90.0,3,1.01814,-24.04623
-155.0,90.0,4,1.07598,-43.60172
-155.0,90.0,5,0.88166,-28.08067
-155.0,90.0,6,1.06717,-27.32012
-155.0,95.0,0,0.93043,-7.83865
-155.0,95.0,1,0.96508,-11.09284
-155.0,95.0,2,1.01168,-33.63947
-155.0,95.0,3,1.01009,-25.88182
-155.0,95.0,4,1.05426,-43.71518
-155.0,95.0,5,0.89329,-28.07255
-155.0,95.0,6,1.095,-27.26676
-155.0,100.0,0,0.93267,-8.50109
-155.0,100.0,1,0.9721,-14.80576
-155.0,100.0,2,1.02306,-34.40545
-155.0,100.0,3,0.99684,-27.11666
-155.0,100.0,4,1.0374,-43.98984
-155.0,100.0,5,0.9068,-27.98711
-155.0,100.0,6,1.10138,-26.01275
-155.0,105.0,0,0.9175,-9.00051
-155.0,105.0,1,0.96621,-14.89419
-155.0,105.0,2,1.0247,-36.37922
-155.0,105.0,3,0.98118,-26.18573
-155.0,105.0,4,1.01789,-43.96317
-155.0,105.0,5,0.92648,-27.23481
-155.0,105.0,6,1.08872,-25.37817
-155.0,110.0,0,0.8887,-11.66012
-155.0,110.0,1,0.95808,-14.77712
-155.0,110.0,2,1.02666,-36.79255
-155.0,110.0,3,0.94581,-25.52093
-155.0,110.0,4,1.02484,-43.78313
-155.0,110.0,5,0.93521,-27.39344
-155.0,110.0,6,1.06199,-23.43285
-155.0,115.0,0,0.87865,-11.75227
-155.0,115.0,1,0.96751,-15.88709
-155.0,115.0,2,1.0155,-37.84306
-155.0,115.0,3,0.91864,-24.99923
-155.0,115.0,4,1.00839,-43.53933
-155.0,115.0,5,0.93368,-26.27589
-155.0,115.0,6,1.02102,-23.72536
-155.0,120.0,0,0.85336,-11.06102
-155.0,120.0,1,0.95139,-16.88155
-155.0,120.0,2,0.98199,-36.56467
-155.0,120.0,3,0.88914,-25.75638
-155.0,120.0,4,1.01026,-43.52991
-155.0,120.0,5,0.91418,-27.54617
-155.0,120.0,6,0.98348,-23.12815
-155.0,125.0,0,0.82713,-13.04757
-155.0,125.0,1,0.95141,-17.27551
-155.0,125.0,2,0.95968,-36.46185
-155.0,125.0,3,0.86587,-24.37055
-155.0,125.0,4,1.01596,-43.66559
-155.0,125.0,5,0.87991,-23.38182
-155.0,125.0,6,0.96281,-23.74018
-155.0,130.0,0,0.81165,-14.32686
-155.0,130.0,1,0.94466,-19.23089
-155.0,130.0,2,0.91838,-38.44131
-155.0,130.0,3,0.85021,-25.67991
-155.0,130.0,4,1.01415,-41.99494
-155.0,130.0,5,0.82784,-25.81787
-155.0,130.0,6,0.94444,-19.77066
-155.0,135.0,0,0.78891,-12.42454
-155.0,135.0,1,0.92716,-17.36821
-155.0,135.0,2,0.88789,-36.54356
-155.0,135.0,3,0.83216,-22.68584
-155.0,135.0,4,1.0005,-41.12303
-155.0,135.0,5,0.78103,-23.69529
-155.0,135.0,6,0.95179,-21.03092
-155.0,140.0,0,0.75948,-16.0363
-155.0,140.0,1,0.90178,-17.78663
-155.0,140.0,2,0.85814,-37.43871
-155.0,140.0,3,0.82305,-24.00751
-155.0,140.0,4,0.97522,-40.93771
-155.0,140.0,5,0.75137,-21.89443
-155.0,140.0,6,0.95391,-20.21397
-155.0,145.0,0,0.74167,-16.51315
-155.0,145.0,1,0.87234,-19.10284
-155.0,145.0,2,0.81368,-37.38055
-155.0,145.0,3,0.81734,-24.61541
-155.0,145.0,4,0.92386,-39.32031
-155.0,145.0,5,0.73209,-24.11916
-155.0,145.0,6,0.94525,-18.62964
-155.0,150.0,0,0.71136,-17.16918
-155.0,150.0,1,0.84606,-21.10599
-155.0,150.0,2,0.77176,-39.34612
-155.0,150.0,3,0.79925,-25.48131
-155.0,150.0,4,0.88088,-39.11628
-155.0,150.0,5,0.7028,-20.19961
-155.0,150.0,6,0.90299,-18.94946
-155.0,155.0,0,0.68489,-16.34035
-155.0,155.0,1,0.82423,-20.08119
-155.0,155.0,2,0.74043,-37.73713
-155.0,155.0,3,0.78525,-22.64407
-155.0,155.0,4,0.81721,-39.49684
-155.0,155.0,5,0.70847,-21.15972
-155.0,155.0,6,0.84879,-15.46301
-155.0,160.0,0,0.65209,-17.74368
-155.0,160.0,1,0.78177,-21.01392
-155.0,160.0,2,0.70691,-37.52551
-155.0,160.0,3,0.7527,-21.46331
-155.0,160.0,4,0.77287,-38.84689
-155.0,160.0,5,0.69016,-18.82929
-155.0,160.0,6,0.78769,-16.39464
-155.0,165.0,0,0.61845,-19.05143
-155.0,165.0,1,0.73605,-21.7896
-155.0,165.0,2,0.67301,-38.11008
-155.0,165.0,3,0.71806,-22.75788
-155.0,165.0,4,0.73045,-38.09939
-155.0,165.0,5,0.67473,-18.95254
-155.0,165.0,6,0.73701,-16.02119
-155.0,170.0,0,0.60526,-18.86091
-155.0,170.0,1,0.69705,-22.38
-155.0,170.0,2,0.64924,-41.06603
-155.0,170.0,3,0.68157,-23.01844
-155.0,170.0,4,0.7122,-37.03636
-155.0,170.0,5,0.64152,-18.09415
-155.0,170.0,6,0.68988,-15.31598
-155.0,175.0,0,0.5709,-19.89966
-155.0,175.0,1,0.65939,-22.49059
-155.0,175.0,2,0.62873,-37.14747
-155.0,175.0,3,0.63637,-23.67189
-155.0,175.0,4,0.68977,-36.86382
-155.0,175.0,5,0.58445,-17.44986
-155.0,175.0,6,0.67707,-13.77734
-155.0,180.0,0,0.55381,-19.63603
-155.0,180.0,1,0.60229,-20.51209
-155.0,180.0,2,0.59817,-38.11068
-155.0,180.0,3,0.5849,-21.66217
-155.0,180.0,4,0.67771,-35.62738
-155.0,180.0,5,0.52214,-15.62842
-155.0,180.0,6,0.66691,-12.36483
-150.0,0.0,0,0.55685,0.99797
-150.0,0.0,1,0.59478,1.01429
-150.0,0.0,2,0.62133,-20.59907
-150.0,0.0,3,0.56077,-13.45636
-150.0,0.0,4,0.69241,-36.87186
-150.0,0.0,5,0.52744,-27.56928
-150.0,0.0,6,0.66186,-33.62899
-150.0,5.0,0,0.58812,1.03549
-150.0,5.0,1,0.64843,-1.04255
-150.0,5.0,2,0.66027,-23.55268
-150.0,5.0,3,0.61493,-13.13088
-150.0,5.0,4,0.75215,-38.29027
-150.0,5.0,5,0.5744,-30.29491
-150.0,5.0,6,0.71782,-35.5352
-150.0,10.0,0,0.63247,-0.18565
-150.0,10.0,1,0.69607,-3.553
-150.0,10.0,2,0.708,-21.95825
-150.0,10.0,3,0.66153,-16.57914
-150.0,10.0,4,0.79235,-39.12032
-150.0,10.0,5,0.62491,-28.6757
-150.0,10.0,6,0.77074,-33.84594
-150.0,15.0,0,0.67322,-0.88786
-150.0,15.0,1,0.73732,-3.71888
-150.0,15.0,2,0.75677,-24.02262
-150.0,15.0,3,0.7007,-15.03766
-150.0,15.0,4,0.83844,-42.0368
-150.0,15.0,5,0.66766,-28.89336
-150.0,15.0,6,0.80248,-33.19828
-150.0,20.0,0,0.71501,-0.60596
-150.0,20.0,1,0.76227,-3.51513
-150.0,20.0,2,0.79468,-24.50606
-150.0,20.0,3,0.73371,-15.66012
-150.0,20.0,4,0.85759,-41.31488
-150.0,20.0,5,0.67732,-29.78439
-150.0,20.0,6,0.81437,-34.08561
-150.0,25.0,0,0.74939,-1.82137
-150.0,25.0,1,0.81442,-5.69517
-150.0,25.0,2,0.82809,-23.81583
-150.0,25.0,3,0.75971,-18.18269
-150.0,25.0,4,0.87641,-40.63488
-150.0,25.0,5,0.68955,-28.96743
-150.0,25.0,6,0.81733,-33.58823
-150.0,30.0,0,0.78026,-1.10953
-150.0,30.0,1,0.84485,-4.90585
-150.0,30.0,2,0.84853,-26.93329
-150.0,30.0,3,0.78217,-16.04147
-150.0,30.0,4,0.88918,-41.06994
-150.0,30.0,5,0.69786,-29.28926
-150.0,30.0,6,0.81977,-32.22019
-150.0,35.0,0,0.8084,-2.78016
-150.0,35.0,1,0.86959,-5.00827
-150.0,35.0,2,0.87467,-26.05821
-150.0,35.0,3,0.79378,-17.13488
-150.0,35.0,4,0.90505,-43.1178
-150.0,35.0,5,0.7127,-30.91444
-150.0,35.0,6,0.84986,-30.7686
-150.0,40.0,0,0.84053,-1.06998
-150.0,40.0,1,0.89919,-2.74362
-150.0,40.0,2,0.89076,-27.15084
-150.0,40.0,3,0.80486,-19.73211
-150.0,40.0,4,0.92325,-40.77534
-150.0,40.0,5,0.72616,-30.77264
-150.0,40.0,6,0.89927,-33.2659
-150.0,45.0,0,0.86733,-2.77719
-150.0,45.0,1,0.91097,-6.40488
-150.0,45.0,2,0.90204,-26.43315
-150.0,45.0,3,0.80281,-20.61189
-150.0,45.0,4,0.92895,-42.94777
-150.0,45.0,5,0.7722,-30.02058
-150.0,45.0,6,0.94473,-29.55647
-150.0,50.0,0,0.88711,-3.81848
-150.0,50.0,1,0.9307,-7.37945
-150.0,50.0,2,0.91337,-30.63485
-150.0,50.0,3,0.83229,-20.92972
-150.0,50.0,4,0.96643,-44.50468
-150.0,50.0,5,0.81654,-31.36401
-150.0,50.0,6,1.00228,-33.24044
-150.0,55.0,0,0.91525,-3.64746
-150.0,55.0,1,0.94423,-7.51855
-150.0,55.0,2,0.91654,-29.41675
-150.0,55.0,3,0.83887,-20.41094
-150.0,55.0,4,0.99885,-44.67822
-150.0,55.0,5,0.86181,-29.8406
-150.0,55.0,6,1.02032,-29.28694
-150.0,60.0,0,0.92528,-2.97949
-150.0,60.0,1,0.94703,-6.67304
-150.0,60.0,2,0.92537,-29.86508
-150.0,60.0,3,0.87122,-22.7477
-150.0,60.0,4,1.04239,-44.44718
-150.0,60.0,5,0.89708,-30.52116
-150.0,60.0,6,1.03881,-30.72988
-150.0,65.0,0,0.94072,-4.06796
-150.0,65.0,1,0.95143,-10.22736
-150.0,65.0,2,0.9467,-31.93367
-150.0,65.0,3,0.89437,-23.92249
-150.0,65.0,4,1.08313,-44.55083
-150.0,65.0,5,0.93027,-31.11442
-150.0,65.0,6,1.03248,-28.20781
-150.0,70.0,0,0.94802,-6.04529
-150.0,70.0,1,0.95441,-11.33018
-150.0,70.0,2,0.96135,-33.58295
-150.0,70.0,3,0.93248,-24.33411
-150.0,70.0,4,1.11546,-43.87797
-150.0,70.0,5,0.93184,-31.59813
-150.0,70.0,6,1.02562,-29.99995
-150.0,75.0,0,0.94966,-7.42114
-150.0,75.0,1,0.96197,-11.08009
-150.0,75.0,2,0.96887,-33.72407
-150.0,75.0,3,0.95313,-24.28571
-150.0,75.0,4,1.11658,-45.88841
-150.0,75.0,5,0.91177,-31.83232
-150.0,75.0,6,1.01318,-28.13529
-150.0,80.0,0,0.9528,-5.89828
-150.0,80.0,1,0.95506,-11.92662
-150.0,80.0,2,0.99376,-33.59137
-150.0,80.0,3,0.97529,-23.81529
-150.0,80.0,4,1.11818,-43.63452
-150.0,80.0,5,0.90383,-29.43565
-150.0,80.0,6,1.01886,-26.2737
-150.0,85.0,0,0.9589,-7.18786
-150.0,85.0,1,0.95863,-13.37923
-150.0,85.0,2,1.00071,-33.48816
-150.0,85.0,3,0.98899,-24.15313
-150.0,85.0,4,1.11827,-46.36032
-150.0,85.0,5,0.88723,-29.79959
-150.0,85.0,6,1.03382,-26.79108
-150.0,90.0,0,0.94277,-10.18034
-150.0,90.0,1,0.95769,-13.39682
-150.0,90.0,2,1.01774,-36.1617
-150.0,90.0,3,1.0032,-26.04161
-150.0,90.0,4,1.0844,-44.57704
-150.0,90.0,5,0.89063,-28.84545
-150.0,90.0,6,1.06125,-27.61404
-150.0,95.0,0,0.93622,-10.79476
-150.0,95.0,1,0.96097,-15.11456
-150.0,95.0,2,1.02789,-34.88088
-150.0,95.0,3,0.9871,-24.25213
-150.0,95.0,4,1.06925,-45.48403
-150.0,95.0,5,0.88531,-28.1055
-150.0,95.0,6,1.08749,-26.03231
-150.0,100.0,0,0.93756,-9.39927
-150.0,100.0,1,0.96471,-16.44573
-150.0,100.0,2,1.03765,-35.20388
-150.0,100.0,3,0.98243,-25.39301
-150.0,100.0,4,1.0506,-43.3045
-150.0,100.0,5,0.89039,-28.1378
-150.0,100.0,6,1.08808,-23.84759
-150.0,105.0,0,0.90723,-11.55547
-150.0,105.0,1,0.96475,-16.30091
-150.0,105.0,2,1.04229,-36.90754
-150.0,105.0,3,0.96001,-23.34786
-150.0,105.0,4,1.03225,-44.16437
-150.0,105.0,5,0.92496,-24.25146
-150.0,105.0,6,1.08174,-22.79337
-150.0,110.0,0,0.90148,-11.4671
-150.0,110.0,1,0.94856,-18.39491
-150.0,110.0,2,1.03585,-37.5561
-150.0,110.0,3,0.92831,-26.88275
-150.0,110.0,4,1.0404,-43.99692
-150.0,110.0,5,0.94015,-26.25061
-150.0,110.0,6,1.0533,-22.60722
-150.0,115.0,0,0.87807,-13.95557
-150.0,115.0,1,0.94921,-17.46011
-150.0,115.0,2,1.01928,-35.86061
-150.0,115.0,3,0.89687,-24.95278
-150.0,115.0,4,1.03853,-43.26211
-150.0,115.0,5,0.91689,-24.81452
-150.0,115.0,6,1.01555,-22.35656
-150.0,120.0,0,0.85989,-15.95239
-150.0,120.0,1,0.94085,-18.35726
-150.0,120.0,2,1.00197,-37.50884
-150.0,120.0,3,0.87019,-25.55264
-150.0,120.0,4,1.03314,-42.41066
-150.0,120.0,5,0.90467,-24.73965
-150.0,120.0,6,0.97859,-21.99679
-150.0,125.0,0,0.8356,-14.88672
-150.0,125.0,1,0.94806,-20.4764
-150.0,125.0,2,0.97434,-38.9724
-150.0,125.0,3,0.84834,-27.16164
-150.0,125.0,4,1.04331,-41.92499
-150.0,125.0,5,0.86322,-24.31951
-150.0,125.0,6,0.95055,-19.88383
-150.0,130.0,0,0.80735,-13.98394
-150.0,130.0,1,0.92486,-18.61968
-150.0,130.0,2,0.93595,-36.91907
-150.0,130.0,3,0.83024,-23.74375
-150.0,130.0,4,1.03002,-42.71614
-150.0,130.0,5,0.8253,-22.37939
-150.0,130.0,6,0.94456,-18.73039
-150.0,135.0,0,0.79321,-16.51268
-150.0,135.0,1,0.90176,-22.33788
-150.0,135.0,2,0.90631,-38.53358
-150.0,135.0,3,0.81021,-24.78736
-150.0,135.0,4,1.01398,-41.45962
-150.0,135.0,5,0.77967,-23.88469
-150.0,135.0,6,0.94683,-18.60709
-150.0,140.0,0,0.76505,-16.7783
-150.0,140.0,1,0.88625,-20.41428
-150.0,140.0,2,0.86688,-38.49572
-150.0,140.0,3,0.80019,-24.28128
-150.0,140.0,4,0.98551,-40.22935
-150.0,140.0,5,0.73779,-20.84911
-150.0,140.0,6,0.94604,-15.86122
-150.0,145.0,0,0.7386,-16.56641
-150.0,145.0,1,0.86819,-22.58863
-150.0,145.0,2,0.82634,-38.18096
-150.0,145.0,3,0.79695,-24.02664
-150.0,145.0,4,0.93751,-39.97632
-150.0,145.0,5,0.70642,-18.8838
-150.0,145.0,6,0.93882,-18.56493
-150.0,150.0,0,0.71163,-19.70321
-150.0,150.0,1,0.83643,-21.99374
-150.0,150.0,2,0.77963,-39.95544
-150.0,150.0,3,0.78342,-24.7701
-150.0,150.0,4,0.89579,-39.794
-150.0,150.0,5,0.7007,-21.13504
-150.0,150.0,6,0.90147,-17.88473
-150.0,155.0,0,0.68479,-20.47489
-150.0,155.0,1,0.8104,-23.02418
-150.0,155.0,2,0.75271,-37.55088
-150.0,155.0,3,0.76372,-26.36773
-150.0,155.0,4,0.8462,-38.74673
-150.0,155.0,5,0.69583,-18.59907
-150.0,155.0,6,0.85078,-14.93179
-150.0,160.0,0,0.65907,-21.09779
-150.0,160.0,1,0.77127,-21.52903
-150.0,160.0,2,0.70823,-39.28663
-150.0,160.0,3,0.72734,-22.49884
-150.0,160.0,4,0.80379,-37.28773
-150.0,160.0,5,0.68067,-17.36295
-150.0,160.0,6,0.79215,-13.50714
-150.0,165.0,0,0.63907,-19.35856
-150.0,165.0,1,0.72714,-22.69918
-150.0,165.0,2,0.6916,-39.27232
-150.0,165.0,3,0.69259,-23.30218
-150.0,165.0,4,0.75221,-37.20257
-150.0,165.0,5,0.66422,-18.78008
-150.0,165.0,6,0.72731,-14.33377
-150.0,170.0,0,0.5988,-21.1112
-150.0,170.0,1,0.68547,-23.57659
-150.0,170.0,2,0.66845,-39.30405
-150.0,170.0,3,0.65754,-21.05568
-150.0,170.0,4,0.72541,-36.68259
-150.0,170.0,5,0.62736,-13.44385
-150.0,170.0,6,0.69545,-12.95758
-150.0,175.0,0,0.57431,-20.79136
-150.0,175.0,1,0.65115,-24.24486
-150.0,175.0,2,0.64362,-37.28383
-150.0,175.0,3,0.62123,-21.77364
-150.0,175.0,4,0.71877,-36.53255
-150.0,175.0,5,0.5834,-15.12926
-150.0,175.0,6,0.66609,-12.14809
-150.0,180.0,0,0.5419,-22.80559
-150.0,180.0,1,0.59985,-24.39327
-150.0,180.0,2,0.62627,-39.11195
-150.0,180.0,3,0.55405,-21.12311
-150.0,180.0,4,0.69225,-36.11667
-150.0,180.0,5,0.51758,-13.95085
-150.0,180.0,6,0.66648,-14.1606
-145.0,0.0,0,0.55613,-1.27712
-145.0,0.0,1,0.59672,-2.62631
-145.0,0.0,2,0.63203,-21.93288
-145.0,0.0,3,0.54114,-13.28366
-145.0,0.0,4,0.69714,-37.48457
-145.0,0.0,5,0.52594,-26.93786
-145.0,0.0,6,0.63659,-31.74522
-145.0,5.0,0,0.5903,-0.66552
-145.0,5.0,1,0.64086,-2.07055
-145.0,5.0,2,0.68003,-21.91731
-145.0,5.0,3,0.59539,-13.25994
-145.0,5.0,4,0.7562,-35.39545
-145.0,5.0,5,0.58633,-28.47784
-145.0,5.0,6,0.70179,-30.41362
-145.0,10.0,0,0.64114,-5.02656
-145.0,10.0,1,0.67558,-3.88372
-145.0,10.0,2,0.72271,-23.19574
-145.0,10.0,3,0.64774,-13.63537
-145.0,10.0,4,0.80874,-38.67476
-145.0,10.0,5,0.64318,-27.66456
-145.0,10.0,6,0.73017,-31.9759
-145.0,15.0,0,0.67069,-2.23545
-145.0,15.0,1,0.72028,-3.96127
-145.0,15.0,2,0.78073,-24.91852
-145.0,15.0,3,0.67925,-15.36608
-145.0,15.0,4,0.84656,-39.56002
-145.0,15.0,5,0.67012,-28.95005
-145.0,15.0,6,0.76673,-32.44745
-145.0,20.0,0,0.70786,-1.57879
-145.0,20.0,1,0.76055,-2.80684
-145.0,20.0,2,0.8109,-25.90542
-145.0,20.0,3,0.72105,-16.26345
-145.0,20.0,4,0.87782,-42.18191
-145.0,20.0,5,0.68825,-28.28261
-145.0,20.0,6,0.78186,-31.48201
-145.0,25.0,0,0.7489,-1.63922
-145.0,25.0,1,0.80446,-6.94543
-145.0,25.0,2,0.83598,-26.59561
-145.0,25.0,3,0.74536,-17.43949
-145.0,25.0,4,0.88607,-40.11921
-145.0,25.0,5,0.70488,-28.85537
-145.0,25.0,6,0.7891,-31.41093
-145.0,30.0,0,0.78117,-2.55917
-145.0,30.0,1,0.83466,-6.43104
-145.0,30.0,2,0.87748,-26.6495
-145.0,30.0,3,0.76814,-18.06697
-145.0,30.0,4,0.89877,-40.57493
-145.0,30.0,5,0.703,-29.4105
-145.0,30.0,6,0.79458,-30.74014
-145.0,35.0,0,0.81663,-4.08364
-145.0,35.0,1,0.85584,-5.51229
-145.0,35.0,2,0.89195,-27.65078
-145.0,35.0,3,0.77453,-17.02491
-145.0,35.0,4,0.91676,-42.96608
-145.0,35.0,5,0.72729,-28.77644
-145.0,35.0,6,0.82691,-30.54477
-145.0,40.0,0,0.84039,-1.66519
-145.0,40.0,1,0.89266,-6.83056
-145.0,40.0,2,0.90637,-28.10003
-145.0,40.0,3,0.78406,-19.03376
-145.0,40.0,4,0.92203,-43.39995
-145.0,40.0,5,0.7432,-30.07476
-145.0,40.0,6,0.86359,-31.02255
-145.0,45.0,0,0.87675,-5.08366
-145.0,45.0,1,0.89328,-6.18425
-145.0,45.0,2,0.91524,-27.65728
-145.0,45.0,3,0.79967,-19.78259
-145.0,45.0,4,0.93818,-42.67279
-145.0,45.0,5,0.7805,-29.5339
-145.0,45.0,6,0.92043,-30.71905
-145.0,50.0,0,0.9007,-6.61399
-145.0,50.0,1,0.91132,-7.97602
-145.0,50.0,2,0.93076,-28.86925
-145.0,50.0,3,0.8209,-20.57146
-145.0,50.0,4,0.97525,-42.8868
-145.0,50.0,5,0.82819,-29.537
-145.0,50.0,6,0.968,-30.45157
-145.0,55.0,0,0.91527,-4.91156
-145.0,55.0,1,0.93101,-8.02164
-145.0,55.0,2,0.93506,-31.11872
-145.0,55.0,3,0.83398,-22.53336
-145.0,55.0,4,1.00285,-42.84283
-145.0,55.0,5,0.871,-28.4949
-145.0,55.0,6,1.00275,-29.87088
-145.0,60.0,0,0.9265,-5.13209
-145.0,60.0,1,0.93637,-10.91136
-145.0,60.0,2,0.93954,-32.86328
-145.0,60.0,3,0.85353,-21.0862
-145.0,60.0,4,1.0413,-43.49645
-145.0,60.0,5,0.9099,-32.62633
-145.0,60.0,6,1.00963,-28.14977
-145.0,65.0,0,0.93327,-5.89827
-145.0,65.0,1,0.94231,-12.58757
-145.0,65.0,2,0.96761,-32.5853
-145.0,65.0,3,0.89112,-22.7507
-145.0,65.0,4,1.078,-42.92026
-145.0,65.0,5,0.93898,-27.82832
-145.0,65.0,6,1.00506,-27.80391
-145.0,70.0,0,0.94599,-8.33577
-145.0,70.0,1,0.95271,-13.17997
-145.0,70.0,2,0.98413,-34.81316
-145.0,70.0,3,0.90585,-22.74772
-145.0,70.0,4,1.10871,-44.37776
-145.0,70.0,5,0.92929,-28.13734
-145.0,70.0,6,0.99814,-27.92875
-145.0,75.0,0,0.95254,-9.97366
-145.0,75.0,1,0.94799,-14.79734
-145.0,75.0,2,0.98336,-33.3761
-145.0,75.0,3,0.94369,-24.42774
-145.0,75.0,4,1.11246,-43.78266
-145.0,75.0,5,0.92869,-28.52292
-145.0,75.0,6,0.99305,-26.15475
-145.0,80.0,0,0.94939,-9.41834
-145.0,80.0,1,0.94677,-11.8157
-145.0,80.0,2,1.00868,-34.6223
-145.0,80.0,3,0.96604,-23.54714
-145.0,80.0,4,1.12421,-44.56759
-145.0,80.0,5,0.90727,-28.64387
-145.0,80.0,6,0.9877,-26.28284
-145.0,85.0,0,0.94915,-11.12258
-145.0,85.0,1,0.95382,-12.6923
-145.0,85.0,2,1.02932,-37.23169
-145.0,85.0,3,0.98013,-25.69899
-145.0,85.0,4,1.11495,-44.61022
-145.0,85.0,5,0.89522,-27.24178
-145.0,85.0,6,0.99521,-26.43481
-145.0,90.0,0,0.95579,-10.61918
-145.0,90.0,1,0.9417,-16.08932
-145.0,90.0,2,1.03084,-35.09103
-145.0,90.0,3,0.99237,-26.31868
-145.0,90.0,4,1.10175,-44.62258
-145.0,90.0,5,0.89032,-27.60858
-145.0,90.0,6,1.02899,-25.76104
-145.0,95.0,0,0.93837,-10.08658
-145.0,95.0,1,0.94584,-15.35462
-145.0,95.0,2,1.04271,-37.448
-145.0,95.0,3,0.97922,-26.08646
-145.0,95.0,4,1.08755,-42.87772
-145.0,95.0,5,0.88728,-26.35323
-145.0,95.0,6,1.06652,-25.57332
-145.0,100.0,0,0.92832,-10.88865
-145.0,100.0,1,0.94489,-16.08647
-145.0,100.0,2,1.05405,-37.17669
-145.0,100.0,3,0.95768,-25.8099
-145.0,100.0,4,1.05612,-42.24666
-145.0,100.0,5,0.91083,-26.21353
-145.0,100.0,6,1.06786,-22.85909
-145.0,105.0,0,0.90834,-14.25463
-145.0,105.0,1,0.94319,-18.33555
-145.0,105.0,2,1.04741,-37.38587
-145.0,105.0,3,0.93761,-24.64365
-145.0,105.0,4,1.04478,-44.18585
-145.0,105.0,5,0.92625,-25.29845
-145.0,105.0,6,1.05415,-22.17467
-145.0,110.0,0,0.90666,-14.53187
-145.0,110.0,1,0.95222,-18.48337
-145.0,110.0,2,1.05444,-38.46091
-145.0,110.0,3,0.91025,-25.73577
-145.0,110.0,4,1.03455,-45.14226
-145.0,110.0,5,0.93359,-25.35568
-145.0,110.0,6,1.01845,-19.79168
-145.0,115.0,0,0.88405,-15.64701
-145.0,115.0,1,0.94455,-18.46979
-145.0,115.0,2,1.0347,-39.11289
-145.0,115.0,3,0.87341,-25.87081
-145.0,115.0,4,1.05111,-42.00158
-145.0,115.0,5,0.93494,-25.02964
-145.0,115.0,6,0.97797,-20.21781
-145.0,120.0,0,0.86337,-15.947
-145.0,120.0,1,0.93457,-18.76889
-145.0,120.0,2,1.01901,-39.74523
-145.0,120.0,3,0.85447,-27.79284
-145.0,120.0,4,1.03945,-42.18878
-145.0,120.0,5,0.906,-24.60968
-145.0,120.0,6,0.94774,-18.99961
-145.0,125.0,0,0.8359,-16.90389
-145.0,125.0,1,0.92647,-17.92222
-145.0,125.0,2,0.99331,-39.35016
-145.0,125.0,3,0.82388,-25.27275
-145.0,125.0,4,1.04957,-42.51127
-145.0,125.0,5,0.86804,-23.45277
-145.0,125.0,6,0.9145,-19.83522
-145.0,130.0,0,0.81479,-18.31444
-145.0,130.0,1,0.91454,-22.63295
-145.0,130.0,2,0.96058,-40.08167
-145.0,130.0,3,0.80611,-25.15392
-145.0,130.0,4,1.04286,-42.32537
-145.0,130.0,5,0.82005,-22.30966
-145.0,130.0,6,0.91762,-17.9668
-145.0,135.0,0,0.79755,-17.34653
-145.0,135.0,1,0.89339,-21.51757
-145.0,135.0,2,0.90811,-39.18968
-145.0,135.0,3,0.79983,-24.80378
-145.0,135.0,4,1.02199,-41.28572
-145.0,135.0,5,0.77903,-24.27001
-145.0,135.0,6,0.91637,-15.19149
-145.0,140.0,0,0.77423,-19.22051
-145.0,140.0,1,0.88312,-21.73888
-145.0,140.0,2,0.87524,-40.34947
-145.0,140.0,3,0.78841,-26.03037
-145.0,140.0,4,0.99306,-39.4415
-145.0,140.0,5,0.74919,-20.3734
-145.0,140.0,6,0.91658,-16.22186
-145.0,145.0,0,0.73927,-20.38544
-145.0,145.0,1,0.86428,-23.05367
-145.0,145.0,2,0.83172,-39.60133
-145.0,145.0,3,0.77987,-24.09323
-145.0,145.0,4,0.94801,-38.88384
-145.0,145.0,5,0.71989,-20.83087
-145.0,145.0,6,0.90262,-15.87583
-145.0,150.0,0,0.7101,-20.65012
-145.0,150.0,1,0.83115,-23.54884
-145.0,150.0,2,0.80068,-40.53476
-145.0,150.0,3,0.75939,-24.52706
-145.0,150.0,4,0.90208,-41.36451
-145.0,150.0,5,0.70408,-18.14469
-145.0,150.0,6,0.87171,-17.21713
-145.0,155.0,0,0.68991,-19.74837
-145.0,155.0,1,0.8021,-22.73448
-145.0,155.0,2,0.76418,-40.40387
-145.0,155.0,3,0.73967,-24.42073
-145.0,155.0,4,0.85995,-38.63957
-145.0,155.0,5,0.69557,-17.57139
-145.0,155.0,6,0.80751,-12.2419
-145.0,160.0,0,0.66469,-22.0633
-145.0,160.0,1,0.75979,-24.74485
-145.0,160.0,2,0.7332,-40.37296
-145.0,160.0,3,0.71215,-22.9733
-145.0,160.0,4,0.79985,-38.95786
-145.0,160.0,5,0.69497,-16.48997
-145.0,160.0,6,0.75535,-14.41252
-145.0,165.0,0,0.6396,-22.81814
-145.0,165.0,1,0.7231,-22.7489
-145.0,165.0,2,0.69812,-41.79213
-145.0,165.0,3,0.68174,-24.03906
-145.0,165.0,4,0.76324,-36.10857
-145.0,165.0,5,0.66789,-14.68434
-145.0,165.0,6,0.70517,-15.00712
-145.0,170.0,0,0.60631,-22.28138
-145.0,170.0,1,0.68537,-25.05938
-145.0,170.0,2,0.67866,-37.86401
-145.0,170.0,3,0.6448,-23.82016
-145.0,170.0,4,0.7269,-36.72436
-145.0,170.0,5,0.63686,-16.63431
-145.0,170.0,6,0.67216,-13.07877
-145.0,175.0,0,0.56918,-22.89125
-145.0,175.0,1,0.63588,-24.75403
-145.0,175.0,2,0.66308,-40.46001
-145.0,175.0,3,0.59932,-22.83364
-145.0,175.0,4,0.72283,-35.46562
-145.0,175.0,5,0.58598,-14.09725
-145.0,175.0,6,0.64412,-11.21399
-145.0,180.0,0,0.5497,-23.41925
-145.0,180.0,1,0.59087,-25.18542
-145.0,180.0,2,0.63842,-39.09725
-145.0,180.0,3,0.53877,-21.96697
-145.0,180.0,4,0.69145,-34.53958
-145.0,180.0,5,0.53227,-11.4524
-145.0,180.0,6,0.63685,-10.01042
-140.0,0.0,0,0.56146,-3.32824
-140.0,0.0,1,0.57119,-3.92983
-140.0,0.0,2,0.65177,-22.28071
-140.0,0.0,3,0.5343,-14.02461
-140.0,0.0,4,0.68713,-36.27812
-140.0,0.0,5,0.55585,-26.31484
-140.0,0.0,6,0.60242,-30.3938
-140.0,5.0,0,0.59521,-4.65831
-140.0,5.0,1,0.62983,-4.8074
-140.0,5.0,2,0.69935,-22.39157
-140.0,5.0,3,0.58537,-15.18426
-140.0,5.0,4,0.75326,-37.57953
-140.0,5.0,5,0.60147,-26.49673
-140.0,5.0,6,0.65877,-29.34406
-140.0,10.0,0,0.63485,-4.07488
-140.0,10.0,1,0.67296,-6.26304
-140.0,10.0,2,0.75012,-24.03236
-140.0,10.0,3,0.62882,-14.67173
-140.0,10.0,4,0.80568,-38.80848
-140.0,10.0,5,0.65436,-25.39128
-140.0,10.0,6,0.71627,-28.01533
-140.0,15.0,0,0.67783,-5.2604
-140.0,15.0,1,0.70754,-5.21794
-140.0,15.0,2,0.78329,-24.38962
-140.0,15.0,3,0.68212,-16.69498
-140.0,15.0,4,0.84731,-39.71074
-140.0,15.0,5,0.68878,-28.49236
-140.0,15.0,6,0.74143,-30.04282
-140.0,20.0,0,0.71675,-7.39857
-140.0,20.0,1,0.74898,-5.16142
-140.0,20.0,2,0.81258,-23.66977
-140.0,20.0,3,0.71147,-15.37397
-140.0,20.0,4,0.8664,-38.55481
-140.0,20.0,5,0.719,-24.88616
-140.0,20.0,6,0.74506,-27.77878
-140.0,25.0,0,0.74858,-4.58841
-140.0,25.0,1,0.78642,-6.1998
-140.0,25.0,2,0.84911,-26.66542
-140.0,25.0,3,0.72978,-17.42148
-140.0,25.0,4,0.88707,-39.96535
-140.0,25.0,5,0.72238,-26.27074
-140.0,25.0,6,0.75699,-29.0666
-140.0,30.0,0,0.79576,-5.08902
-140.0,30.0,1,0.82136,-5.98002
-140.0,30.0,2,0.88373,-25.9298
-140.0,30.0,3,0.7509,-18.2108
-140.0,30.0,4,0.8961,-40.90687
-140.0,30.0,5,0.73034,-28.33802
-140.0,30.0,6,0.75348,-28.31723
-140.0,35.0,0,0.81927,-4.67046
-140.0,35.0,1,0.84349,-6.76452
-140.0,35.0,2,0.89904,-26.58008
-140.0,35.0,3,0.76617,-19.24487
-140.0,35.0,4,0.89184,-43.41552
-140.0,35.0,5,0.74089,-28.69544
-140.0,35.0,6,0.78666,-29.77109
-140.0,40.0,0,0.85544,-6.27686
-140.0,40.0,1,0.87025,-8.86347
-140.0,40.0,2,0.91551,-28.55123
-140.0,40.0,3,0.77497,-19.9818
-140.0,40.0,4,0.92035,-41.62394
-140.0,40.0,5,0.77168,-27.45105
-140.0,40.0,6,0.8246,-29.74764
-140.0,45.0,0,0.88173,-6.73143
-140.0,45.0,1,0.89474,-9.73949
-140.0,45.0,2,0.92078,-31.94289
-140.0,45.0,3,0.78478,-20.75443
-140.0,45.0,4,0.95101,-41.35926
-140.0,45.0,5,0.80816,-27.29648
-140.0,45.0,6,0.87458,-28.51518
-140.0,50.0,0,0.89949,-4.87909
-140.0,50.0,1,0.90354,-11.0583
-140.0,50.0,2,0.94332,-30.74402
-140.0,50.0,3,0.80317,-20.75049
-140.0,50.0,4,0.96921,-43.08963
-140.0,50.0,5,0.84756,-25.85395
-140.0,50.0,6,0.92892,-27.61867
-140.0,55.0,0,0.91463,-9.08041
-140.0,55.0,1,0.92329,-10.15412
-140.0,55.0,2,0.95901,-30.27273
-140.0,55.0,3,0.82323,-22.32405
-140.0,55.0,4,1.01431,-42.63892
-140.0,55.0,5,0.90599,-27.281
-140.0,55.0,6,0.97205,-26.92064
-140.0,60.0,0,0.93836,-8.04276
-140.0,60.0,1,0.93952,-11.91201
-140.0,60.0,2,0.95531,-31.7262
-140.0,60.0,3,0.84324,-21.12251
-140.0,60.0,4,1.04302,-41.72426
-140.0,60.0,5,0.93265,-28.56147
-140.0,60.0,6,0.98012,-26.29229
-140.0,65.0,0,0.94523,-9.29352
-140.0,65.0,1,0.93275,-11.5381
-140.0,65.0,2,0.9803,-32.40831
-140.0,65.0,3,0.87851,-22.88089
-140.0,65.0,4,1.0891,-40.96781
-140.0,65.0,5,0.95016,-27.37254
-140.0,65.0,6,0.97619,-26.12644
-140.0,70.0,0,0.95511,-9.85306
-140.0,70.0,1,0.93086,-13.19624
-140.0,70.0,2,0.98755,-32.59883
-140.0,70.0,3,0.90634,-23.65639
-140.0,70.0,4,1.1046,-44.81113
-140.0,70.0,5,0.96086,-27.28858
-140.0,70.0,6,0.96571,-25.11257
-140.0,75.0,0,0.96404,-9.98771
-140.0,75.0,1,0.93796,-14.54328
-140.0,75.0,2,0.99944,-33.98701
-140.0,75.0,3,0.94237,-24.16962
-140.0,75.0,4,1.12473,-40.28791
-140.0,75.0,5,0.94799,-27.44872
-140.0,75.0,6,0.95213,-25.50314
-140.0,80.0,0,0.95275,-9.84889
-140.0,80.0,1,0.93151,-15.00854
-140.0,80.0,2,1.01662,-34.76695
-140.0,80.0,3,0.95263,-24.76835
-140.0,80.0,4,1.12102,-43.36949
-140.0,80.0,5,0.92883,-27.57823
-140.0,80.0,6,0.94765,-25.55864
-140.0,85.0,0,0.9603,-13.11461
-140.0,85.0,1,0.94098,-15.30802
-140.0,85.0,2,1.04051,-36.6951
-140.0,85.0,3,0.96345,-24.88681
-140.0,85.0,4,1.11283,-46.27732
-140.0,85.0,5,0.92147,-26.29638
-140.0,85.0,6,0.97286,-24.8609
-140.0,90.0,0,0.95565,-12.68451
-140.0,90.0,1,0.94811,-15.57568
-140.0,90.0,2,1.05688,-37.93248
-140.0,90.0,3,0.96908,-25.56509
-140.0,90.0,4,1.09313,-42.0375
-140.0,90.0,5,0.91162,-27.14242
-140.0,90.0,6,0.99807,-21.50008
-140.0,95.0,0,0.94387,-12.5934
-140.0,95.0,1,0.93156,-17.63791
-140.0,95.0,2,1.0612,-37.59607
-140.0,95.0,3,0.96816,-25.08888
-140.0,95.0,4,1.08037,-45.23848
-140.0,95.0,5,0.91582,-24.87072
-140.0,95.0,6,1.02474,-21.41774
-140.0,100.0,0,0.93345,-14.45174
-140.0,100.0,1,0.93542,-16.98299
-140.0,100.0,2,1.06306,-38.36271
-140.0,100.0,3,0.95284,-25.06294
-140.0,100.0,4,1.05399,-44.26542
-140.0,100.0,5,0.9329,-26.16711
-140.0,100.0,6,1.02901,-23.7785
-140.0,105.0,0,0.92097,-14.74361
-140.0,105.0,1,0.9295,-18.93311
-140.0,105.0,2,1.07339,-39.1863
-140.0,105.0,3,0.92164,-25.98969
-140.0,105.0,4,1.04533,-44.98231
-140.0,105.0,5,0.95049,-24.5461
-140.0,105.0,6,1.02469,-22.04852
-140.0,110.0,0,0.90837,-15.4289
-140.0,110.0,1,0.93971,-19.41391
-140.0,110.0,2,1.06969,-39.19996
-140.0,110.0,3,0.89994,-27.03759
-140.0,110.0,4,1.02943,-42.77151
-140.0,110.0,5,0.95439,-23.94579
-140.0,110.0,6,0.98728,-19.85482
-140.0,115.0,0,0.8857,-17.16529
-140.0,115.0,1,0.93588,-18.12345
-140.0,115.0,2,1.04713,-39.91301
-140.0,115.0,3,0.87552,-26.78279
-140.0,115.0,4,1.04358,-43.15338
-140.0,115.0,5,0.94606,-24.088
-140.0,115.0,6,0.95332,-21.34553
-140.0,120.0,0,0.86613,-19.50855
-140.0,120.0,1,0.93023,-20.48241
-140.0,120.0,2,1.03415,-37.70042
-140.0,120.0,3,0.84498,-24.83471
-140.0,120.0,4,1.0458,-40.94184
-140.0,120.0,5,0.92748,-21.22358
-140.0,120.0,6,0.91005,-16.90902
-140.0,125.0,0,0.84917,-18.00192
-140.0,125.0,1,0.92186,-20.86688
-140.0,125.0,2,1.00507,-37.36544
-140.0,125.0,3,0.81793,-27.15301
-140.0,125.0,4,1.03812,-41.65937
-140.0,125.0,5,0.89504,-20.81844
-140.0,125.0,6,0.8935,-17.20367
-140.0,130.0,0,0.82259,-19.74187
-140.0,130.0,1,0.91265,-20.60279
-140.0,130.0,2,0.97037,-39.55389
-140.0,130.0,3,0.80018,-25.65471
-140.0,130.0,4,1.03884,-40.01345
-140.0,130.0,5,0.84313,-20.64024
-140.0,130.0,6,0.88563,-16.25024
-140.0,135.0,0,0.80106,-22.09409
-140.0,135.0,1,0.88806,-23.00426
-140.0,135.0,2,0.92979,-42.87856
-140.0,135.0,3,0.79416,-25.26073
-140.0,135.0,4,1.01014,-40.87806
-140.0,135.0,5,0.80529,-19.03674
-140.0,135.0,6,0.88626,-16.85468
-140.0,140.0,0,0.76895,-20.24906
-140.0,140.0,1,0.87753,-23.6515
-140.0,140.0,2,0.89068,-40.21113
-140.0,140.0,3,0.77813,-23.96496
-140.0,140.0,4,0.99091,-38.84993
-140.0,140.0,5,0.75823,-20.59284
-140.0,140.0,6,0.87505,-15.75287
-140.0,145.0,0,0.74787,-21.56272
-140.0,145.0,1,0.85122,-24.52194
-140.0,145.0,2,0.85878,-40.11105
-140.0,145.0,3,0.75799,-26.17154
-140.0,145.0,4,0.9428,-38.45347
-140.0,145.0,5,0.74715,-16.66793
-140.0,145.0,6,0.86086,-14.09142
-140.0,150.0,0,0.71931,-22.35451
-140.0,150.0,1,0.81969,-26.35463
-140.0,150.0,2,0.81676,-41.50357
-140.0,150.0,3,0.7472,-23.37911
-140.0,150.0,4,0.89278,-38.41451
-140.0,150.0,5,0.72639,-19.24378
-140.0,150.0,6,0.83176,-13.23622
-140.0,155.0,0,0.68723,-22.29962
-140.0,155.0,1,0.79658,-23.49051
-140.0,155.0,2,0.77799,-41.88957
-140.0,155.0,3,0.74001,-25.80652
-140.0,155.0,4,0.84014,-36.18123
-140.0,155.0,5,0.7245,-16.30648
-140.0,155.0,6,0.78095,-9.85958
-140.0,160.0,0,0.68118,-23.56192
-140.0,160.0,1,0.75635,-25.25643
-140.0,160.0,2,0.75009,-39.59603
-140.0,160.0,3,0.71672,-24.1055
-140.0,160.0,4,0.80104,-34.22329
-140.0,160.0,5,0.71791,-14.41767
-140.0,160.0,6,0.72616,-12.0138
-140.0,165.0,0,0.63254,-24.98514
-140.0,165.0,1,0.70429,-26.33642
-140.0,165.0,2,0.71494,-40.07105
-140.0,165.0,3,0.66783,-22.92543
-140.0,165.0,4,0.75039,-33.68183
-140.0,165.0,5,0.68972,-14.88868
-140.0,165.0,6,0.67793,-11.40596
-140.0,170.0,0,0.61083,-24.45255
-140.0,170.0,1,0.67323,-25.99374
-140.0,170.0,2,0.7032,-39.4837
-140.0,170.0,3,0.63496,-21.56278
-140.0,170.0,4,0.7312,-36.09585
-140.0,170.0,5,0.65703,-13.73158
-140.0,170.0,6,0.62227,-10.8597
-140.0,175.0,0,0.58476,-26.28911
-140.0,175.0,1,0.62781,-26.81101
-140.0,175.0,2,0.67267,-40.51686
-140.0,175.0,3,0.5876,-22.99558
-140.0,175.0,4,0.70157,-37.43655
-140.0,175.0,5,0.62732,-14.91866
-140.0,175.0,6,0.60464,-11.61524
-140.0,180.0,0,0.5615,-24.96969
-140.0,180.0,1,0.58515,-27.01379
-140.0,180.0,2,0.65557,-40.97236
-140.0,180.0,3,0.54032,-21.73674
-140.0,180.0,4,0.68486,-34.0967
-140.0,180.0,5,0.54578,-10.13687
-140.0,180.0,6,0.59302,-9.64103
-135.0,0.0,0,0.55636,-6.50012
-135.0,0.0,1,0.56644,-4.59826
-135.0,0.0,2,0.66441,-23.49269
-135.0,0.0,3,0.52878,-12.95552
-135.0,0.0,4,0.67767,-36.09344
-135.0,0.0,5,0.5803,-23.41382
-135.0,0.0,6,0.5712,-27.54361
-135.0,5.0,0,0.60422,-6.4863
-135.0,5.0,1,0.62114,-5.37148
-135.0,5.0,2,0.71031,-24.21462
-135.0,5.0,3,0.58522,-14.47138
-135.0,5.0,4,0.74034,-36.97564
-135.0,5.0,5,0.63525,-24.56654
-135.0,5.0,6,0.62376,-26.94635
-135.0,10.0,0,0.63703,-6.292
-135.0,10.0,1,0.66555,-7.01068
-135.0,10.0,2,0.76214,-24.50387
-135.0,10.0,3,0.63048,-14.47935
-135.0,10.0,4,0.78177,-35.68314
-135.0,10.0,5,0.68969,-24.75952
-135.0,10.0,6,0.68044,-27.23564
-135.0,15.0,0,0.68255,-6.92989
-135.0,15.0,1,0.69508,-7.42879
-135.0,15.0,2,0.7981,-24.34956
-135.0,15.0,3,0.66531,-15.89473
-135.0,15.0,4,0.82876,-38.43224
-135.0,15.0,5,0.72056,-26.92762
-135.0,15.0,6,0.7063,-28.82824
-135.0,20.0,0,0.71621,-6.61911
-135.0,20.0,1,0.74299,-5.65553
-135.0,20.0,2,0.83241,-25.69348
-135.0,20.0,3,0.70022,-18.28806
-135.0,20.0,4,0.85012,-38.70551
-135.0,20.0,5,0.74187,-25.7978
-135.0,20.0,6,0.70742,-26.74246
-135.0,25.0,0,0.76109,-5.79554
-135.0,25.0,1,0.76923,-6.78864
-135.0,25.0,2,0.86797,-27.49196
-135.0,25.0,3,0.73156,-18.81692
-135.0,25.0,4,0.87666,-38.33073
-135.0,25.0,5,0.75631,-25.0066
-135.0,25.0,6,0.71408,-28.29464
-135.0,30.0,0,0.79024,-8.02454
-135.0,30.0,1,0.81389,-5.28901
-135.0,30.0,2,0.89153,-27.21182
-135.0,30.0,3,0.75021,-17.80816
-135.0,30.0,4,0.88279,-39.21899
-135.0,30.0,5,0.75668,-27.02169
-135.0,30.0,6,0.74116,-27.75515
-135.0,35.0,0,0.82442,-8.87967
-135.0,35.0,1,0.84031,-7.92295
-135.0,35.0,2,0.9188,-27.02973
-135.0,35.0,3,0.75276,-17.84022
-135.0,35.0,4,0.88346,-41.51398
-135.0,35.0,5,0.76292,-25.96509
-135.0,35.0,6,0.75669,-27.98687
-135.0,40.0,0,0.85393,-9.68934
-135.0,40.0,1,0.85828,-9.11051
-135.0,40.0,2,0.9298,-29.57633
-135.0,40.0,3,0.76502,-19.3833
-135.0,40.0,4,0.90289,-40.77928
-135.0,40.0,5,0.80508,-26.86906
-135.0,40.0,6,0.79541,-26.8885
-135.0,45.0,0,0.87425,-6.43177
-135.0,45.0,1,0.88058,-10.07671
-135.0,45.0,2,0.94716,-31.64941
-135.0,45.0,3,0.78383,-20.54325
-135.0,45.0,4,0.93541,-40.01897
-135.0,45.0,5,0.84309,-26.97377
-135.0,45.0,6,0.85049,-25.87989
-135.0,50.0,0,0.89926,-9.55102
-135.0,50.0,1,0.90358,-10.40318
-135.0,50.0,2,0.95684,-32.95803
-135.0,50.0,3,0.79596,-21.49401
-135.0,50.0,4,0.94993,-41.53885
-135.0,50.0,5,0.87411,-28.19445
-135.0,50.0,6,0.9088,-26.04677
-135.0,55.0,0,0.91695,-7.04154
-135.0,55.0,1,0.9102,-11.29901
-135.0,55.0,2,0.9502,-30.52867
-135.0,55.0,3,0.81818,-20.38837
-135.0,55.0,4,0.99832,-43.42333
-135.0,55.0,5,0.93362,-26.00771
-135.0,55.0,6,0.93493,-28.27491
-135.0,60.0,0,0.9483,-9.36033
-135.0,60.0,1,0.91934,-13.56753
-135.0,60.0,2,0.97711,-32.19116
-135.0,60.0,3,0.84916,-23.12425
-135.0,60.0,4,1.01774,-42.98516
-135.0,60.0,5,0.95586,-26.42038
-135.0,60.0,6,0.94763,-25.23675
-135.0,65.0,0,0.95695,-8.62966
-135.0,65.0,1,0.92226,-14.7994
-135.0,65.0,2,0.98527,-33.79274
-135.0,65.0,3,0.86889,-22.95563
-135.0,65.0,4,1.06449,-44.82985
-135.0,65.0,5,0.98475,-26.03428
-135.0,65.0,6,0.94505,-25.05616
-135.0,70.0,0,0.96319,-12.75972
-135.0,70.0,1,0.92482,-13.51715
-135.0,70.0,2,0.99609,-34.50354
-135.0,70.0,3,0.9034,-23.57517
-135.0,70.0,4,1.08793,-43.32347
-135.0,70.0,5,0.98773,-27.38061
-135.0,70.0,6,0.92921,-24.77482
-135.0,75.0,0,0.9636,-11.05084
-135.0,75.0,1,0.93111,-14.88547
-135.0,75.0,2,1.01466,-34.4173
-135.0,75.0,3,0.92224,-23.74276
-135.0,75.0,4,1.1025,-41.71455
-135.0,75.0,5,0.97664,-27.30008
-135.0,75.0,6,0.91635,-22.97116
-135.0,80.0,0,0.96603,-14.16581
-135.0,80.0,1,0.93745,-15.54414
-135.0,80.0,2,1.03201,-36.20785
-135.0,80.0,3,0.94514,-25.80975
-135.0,80.0,4,1.1113,-42.98958
-135.0,80.0,5,0.95853,-24.89182
-135.0,80.0,6,0.92326,-24.03004
-135.0,85.0,0,0.96055,-12.15598
-135.0,85.0,1,0.9226,-14.46975
-135.0,85.0,2,1.04412,-34.03237
-135.0,85.0,3,0.96657,-26.26888
-135.0,85.0,4,1.10281,-42.84588
-135.0,85.0,5,0.94329,-25.15154
-135.0,85.0,6,0.94032,-25.50025
-135.0,90.0,0,0.96093,-14.31324
-135.0,90.0,1,0.92982,-16.67985
-135.0,90.0,2,1.06212,-38.44108
-135.0,90.0,3,0.97378,-25.32887
-135.0,90.0,4,1.08333,-43.56621
-135.0,90.0,5,0.93897,-25.71782
-135.0,90.0,6,0.97513,-22.57767
-135.0,95.0,0,0.95365,-16.68284
-135.0,95.0,1,0.93086,-18.47567
-135.0,95.0,2,1.07924,-37.61419
-135.0,95.0,3,0.97579,-22.37553
-135.0,95.0,4,1.05799,-42.02815
-135.0,95.0,5,0.94082,-25.17587
-135.0,95.0,6,0.99129,-19.86672
-135.0,100.0,0,0.94091,-15.80433
-135.0,100.0,1,0.93472,-20.1446
-135.0,100.0,2,1.07745,-38.48728
-135.0,100.0,3,0.94049,-24.1583
-135.0,100.0,4,1.04095,-42.84146
-135.0,100.0,5,0.96235,-24.97248
-135.0,100.0,6,1.00027,-21.62984
-135.0,105.0,0,0.92309,-16.30618
-135.0,105.0,1,0.93601,-19.72571
-135.0,105.0,2,1.09017,-38.94708
-135.0,105.0,3,0.91867,-24.8981
-135.0,105.0,4,1.02916,-42.83128
-135.0,105.0,5,0.98136,-24.08197
-135.0,105.0,6,0.98667,-18.42202
-135.0,110.0,0,0.91195,-17.91429
-135.0,110.0,1,0.92736,-20.41812
-135.0,110.0,2,1.08078,-39.67019
-135.0,110.0,3,0.88836,-26.14225
-135.0,110.0,4,1.03117,-42.80279
-135.0,110.0,5,0.98548,-21.57775
-135.0,110.0,6,0.95596,-19.39141
-135.0,115.0,0,0.88929,-18.29828
-135.0,115.0,1,0.91781,-21.39218
-135.0,115.0,2,1.0574,-41.45641
-135.0,115.0,3,0.86392,-26.02009
-135.0,115.0,4,1.02494,-42.2178
-135.0,115.0,5,0.98777,-21.13219
-135.0,115.0,6,0.91666,-16.34462
-135.0,120.0,0,0.87677,-18.22263
-135.0,120.0,1,0.91364,-21.08021
-135.0,120.0,2,1.04943,-39.86208
-135.0,120.0,3,0.84129,-25.53922
-135.0,120.0,4,1.0306,-43.01909
-135.0,120.0,5,0.96902,-20.95318
-135.0,120.0,6,0.88934,-16.55137
-135.0,125.0,0,0.84374,-18.91512
-135.0,125.0,1,0.90856,-21.69833
-135.0,125.0,2,1.01375,-41.07222
-135.0,125.0,3,0.81453,-26.43443
-135.0,125.0,4,1.03229,-42.00472
-135.0,125.0,5,0.92554,-19.18623
-135.0,125.0,6,0.85113,-16.01731
-135.0,130.0,0,0.82076,-20.95995
-135.0,130.0,1,0.89715,-22.55156
-135.0,130.0,2,0.98692,-41.60446
-135.0,130.0,3,0.80217,-26.27827
-135.0,130.0,4,1.01771,-41.23375
-135.0,130.0,5,0.86973,-19.50379
-135.0,130.0,6,0.83903,-14.79277
-135.0,135.0,0,0.81348,-22.33153
-135.0,135.0,1,0.87058,-23.49125
-135.0,135.0,2,0.93995,-41.24176
-135.0,135.0,3,0.78442,-25.27585
-135.0,135.0,4,1.0166,-39.41854
-135.0,135.0,5,0.83581,-18.84639
-135.0,135.0,6,0.84675,-14.76507
-135.0,140.0,0,0.77003,-21.30752
-135.0,140.0,1,0.86102,-23.71489
-135.0,140.0,2,0.90757,-39.11631
-135.0,140.0,3,0.77308,-24.61021
-135.0,140.0,4,0.9713,-37.94146
-135.0,140.0,5,0.79693,-17.8604
-135.0,140.0,6,0.8438,-12.71236
-135.0,145.0,0,0.758,-21.52753
-135.0,145.0,1,0.83295,-23.94895
-135.0,145.0,2,0.86294,-43.06841
-135.0,145.0,3,0.75702,-23.64381
-135.0,145.0,4,0.93064,-39.64479
-135.0,145.0,5,0.7753,-16.72427
-135.0,145.0,6,0.83521,-11.95086
-135.0,150.0,0,0.72142,-22.37144
-135.0,150.0,1,0.81421,-25.35402
-135.0,150.0,2,0.82991,-40.59151
-135.0,150.0,3,0.7498,-24.0413
-135.0,150.0,4,0.88212,-38.10402
-135.0,150.0,5,0.7507,-17.49975
-135.0,150.0,6,0.79734,-11.64164
-135.0,155.0,0,0.70924,-25.31262
-135.0,155.0,1,0.77554,-27.04852
-135.0,155.0,2,0.79016,-41.79521
-135.0,155.0,3,0.73527,-25.62687
-135.0,155.0,4,0.83396,-36.89477
-135.0,155.0,5,0.751,-16.71575
-135.0,155.0,6,0.74495,-11.17533
-135.0,160.0,0,0.67147,-25.18291
-135.0,160.0,1,0.73758,-25.85971
-135.0,160.0,2,0.75455,-40.74085
-135.0,160.0,3,0.72088,-24.37812
-135.0,160.0,4,0.78977,-37.38408
-135.0,160.0,5,0.74295,-14.08704
-135.0,160.0,6,0.69679,-10.18226
-135.0,165.0,0,0.64793,-26.9719
-135.0,165.0,1,0.70079,-26.4305
-135.0,165.0,2,0.73181,-41.53186
-135.0,165.0,3,0.68153,-23.67227
-135.0,165.0,4,0.75113,-35.2024
-135.0,165.0,5,0.7326,-13.98204
-135.0,165.0,6,0.64022,-8.89755
-135.0,170.0,0,0.59733,-25.86211
-135.0,170.0,1,0.66491,-25.09651
-135.0,170.0,2,0.70107,-41.39788
-135.0,170.0,3,0.63656,-23.83428
-135.0,170.0,4,0.71349,-34.21191
-135.0,170.0,5,0.69083,-11.54064
-135.0,170.0,6,0.60365,-8.54665
-135.0,175.0,0,0.58058,-27.44974
-135.0,175.0,1,0.61558,-26.42134
-135.0,175.0,2,0.68426,-40.14187
-135.0,175.0,3,0.57838,-22.52773
-135.0,175.0,4,0.69119,-31.95543
-135.0,175.0,5,0.63745,-11.05461
-135.0,175.0,6,0.5836,-7.72711
-135.0,180.0,0,0.55716,-27.78677
-135.0,180.0,1,0.56921,-28.6539
-135.0,180.0,2,0.66025,-39.87636
-135.0,180.0,3,0.532,-20.61262
-135.0,180.0,4,0.687,-32.43217
-135.0,180.0,5,0.58112,-11.02637
-135.0,180.0,6,0.57277,-7.84309
-130.0,0.0,0,0.55514,-6.20305
-130.0,0.0,1,0.56028,-4.32334
-130.0,0.0,2,0.66917,-24.96625
-130.0,0.0,3,0.53324,-13.19439
-130.0,0.0,4,0.65612,-33.26573
-130.0,0.0,5,0.61187,-24.09287
-130.0,0.0,6,0.5433,-26.19311
-130.0,5.0,0,0.60664,-6.80843
-130.0,5.0,1,0.61112,-5.52315
-130.0,5.0,2,0.72336,-25.94085
-130.0,5.0,3,0.59231,-13.94
-130.0,5.0,4,0.72054,-37.12778
-130.0,5.0,5,0.66373,-22.19041
-130.0,5.0,6,0.60574,-25.99974
-130.0,10.0,0,0.6431,-5.41682
-130.0,10.0,1,0.65148,-5.0123
-130.0,10.0,2,0.76748,-26.47134
-130.0,10.0,3,0.64448,-14.79021
-130.0,10.0,4,0.7654,-36.31564
-130.0,10.0,5,0.70962,-23.08439
-130.0,10.0,6,0.65833,-27.9758
-130.0,15.0,0,0.67794,-9.61617
-130.0,15.0,1,0.68786,-7.06186
-130.0,15.0,2,0.80566,-25.60968
-130.0,15.0,3,0.6743,-14.58002
-130.0,15.0,4,0.8043,-37.1909
-130.0,15.0,5,0.74831,-25.43338
-130.0,15.0,6,0.68472,-25.85186
-130.0,20.0,0,0.72171,-6.10227
-130.0,20.0,1,0.73534,-8.84446
-130.0,20.0,2,0.85059,-25.14139
-130.0,20.0,3,0.70672,-14.69954
-130.0,20.0,4,0.82846,-36.09028
-130.0,20.0,5,0.77543,-24.80023
-130.0,20.0,6,0.69315,-26.26446
-130.0,25.0,0,0.75745,-7.47259
-130.0,25.0,1,0.76294,-7.60603
-130.0,25.0,2,0.87814,-26.61912
-130.0,25.0,3,0.73974,-16.57771
-130.0,25.0,4,0.85225,-37.19652
-130.0,25.0,5,0.77789,-24.23133
-130.0,25.0,6,0.70771,-24.38173
-130.0,30.0,0,0.79536,-7.15927
-130.0,30.0,1,0.7912,-7.46265
-130.0,30.0,2,0.90894,-27.63371
-130.0,30.0,3,0.75835,-18.81695
-130.0,30.0,4,0.85959,-38.79487
-130.0,30.0,5,0.78863,-25.57289
-130.0,30.0,6,0.72132,-25.76788
-130.0,35.0,0,0.82742,-8.47444
-130.0,35.0,1,0.8345,-7.52871
-130.0,35.0,2,0.93279,-28.35219
-130.0,35.0,3,0.75995,-18.89802
-130.0,35.0,4,0.86543,-40.36757
-130.0,35.0,5,0.80939,-25.81864
-130.0,35.0,6,0.74808,-25.43292
-130.0,40.0,0,0.85745,-9.14381
-130.0,40.0,1,0.84432,-10.53946
-130.0,40.0,2,0.94724,-28.99969
-130.0,40.0,3,0.77803,-18.39
-130.0,40.0,4,0.88397,-39.49209
-130.0,40.0,5,0.84004,-25.16058
-130.0,40.0,6,0.77378,-27.36254
-130.0,45.0,0,0.88078,-9.18965
-130.0,45.0,1,0.87588,-10.89247
-130.0,45.0,2,0.95568,-29.92021
-130.0,45.0,3,0.78346,-19.84775
-130.0,45.0,4,0.90525,-40.72772
-130.0,45.0,5,0.86058,-24.80813
-130.0,45.0,6,0.8395,-24.78994
-130.0,50.0,0,0.89562,-10.71531
-130.0,50.0,1,0.88405,-11.20298
-130.0,50.0,2,0.96246,-31.81037
-130.0,50.0,3,0.8075,-19.24341
-130.0,50.0,4,0.9328,-41.84561
-130.0,50.0,5,0.9034,-24.70875
-130.0,50.0,6,0.87916,-24.50845
-130.0,55.0,0,0.92575,-10.36883
-130.0,55.0,1,0.89928,-13.50603
-130.0,55.0,2,0.97064,-32.05344
-130.0,55.0,3,0.82153,-22.56812
-130.0,55.0,4,0.97775,-42.5016
-130.0,55.0,5,0.95974,-26.93921
-130.0,55.0,6,0.92274,-25.81965
-130.0,60.0,0,0.94699,-10.96987
-130.0,60.0,1,0.90988,-14.04942
-130.0,60.0,2,0.98492,-32.82486
-130.0,60.0,3,0.84608,-22.40626
-130.0,60.0,4,1.01363,-43.21642
-130.0,60.0,5,0.98318,-26.65791
-130.0,60.0,6,0.93898,-24.42496
-130.0,65.0,0,0.95077,-12.52529
-130.0,65.0,1,0.91001,-14.38518
-130.0,65.0,2,0.99248,-35.40496
-130.0,65.0,3,0.87514,-22.43227
-130.0,65.0,4,1.05051,-41.19881
-130.0,65.0,5,1.01184,-26.43231
-130.0,65.0,6,0.92742,-22.3683
-130.0,70.0,0,0.9713,-12.06214
-130.0,70.0,1,0.91939,-14.33914
-130.0,70.0,2,1.01657,-33.49015
-130.0,70.0,3,0.90274,-24.41281
-130.0,70.0,4,1.0792,-41.67883
-130.0,70.0,5,1.01242,-26.17845
-130.0,70.0,6,0.90411,-22.09721
-130.0,75.0,0,0.96688,-12.85599
-130.0,75.0,1,0.92373,-16.39682
-130.0,75.0,2,1.02508,-35.93611
-130.0,75.0,3,0.92588,-25.70476
-130.0,75.0,4,1.08285,-40.78424
-130.0,75.0,5,1.00404,-24.12205
-130.0,75.0,6,0.90317,-19.66844
-130.0,80.0,0,0.97639,-14.55082
-130.0,80.0,1,0.91666,-15.44919
-130.0,80.0,2,1.04136,-36.00228
-130.0,80.0,3,0.95922,-23.29654
-130.0,80.0,4,1.08993,-38.82909
-130.0,80.0,5,0.99241,-25.38661
-130.0,80.0,6,0.90724,-20.73369
-130.0,85.0,0,0.97554,-14.29469
-130.0,85.0,1,0.91637,-17.03226
-130.0,85.0,2,1.05069,-37.15889
-130.0,85.0,3,0.97026,-25.11713
-130.0,85.0,4,1.06889,-42.94553
-130.0,85.0,5,0.97164,-23.06532
-130.0,85.0,6,0.92128,-20.39792
-130.0,90.0,0,0.95662,-15.3913
-130.0,90.0,1,0.91631,-17.71506
-130.0,90.0,2,1.07302,-36.05048
-130.0,90.0,3,0.9764,-24.97547
-130.0,90.0,4,1.05594,-41.6676
-130.0,90.0,5,0.97348,-21.66413
-130.0,90.0,6,0.94788,-20.96092
-130.0,95.0,0,0.94347,-17.31631
-130.0,95.0,1,0.91811,-19.42896
-130.0,95.0,2,1.08217,-38.23059
-130.0,95.0,3,0.96961,-26.67976
-130.0,95.0,4,1.03879,-41.97371
-130.0,95.0,5,0.97433,-23.21507
-130.0,95.0,6,0.96518,-18.44748
-130.0,100.0,0,0.93874,-17.29539
-130.0,100.0,1,0.91987,-19.94912
-130.0,100.0,2,1.09313,-38.37523
-130.0,100.0,3,0.94806,-26.3917
-130.0,100.0,4,1.02336,-42.41741
-130.0,100.0,5,1.00056,-23.34199
-130.0,100.0,6,0.98448,-18.21047
-130.0,105.0,0,0.92857,-18.95004
-130.0,105.0,1,0.91872,-18.78247
-130.0,105.0,2,1.08963,-41.57703
-130.0,105.0,3,0.93295,-25.01319
-130.0,105.0,4,1.00964,-42.22487
-130.0,105.0,5,1.00817,-20.76664
-130.0,105.0,6,0.96888,-17.29762
-130.0,110.0,0,0.91356,-18.10747
-130.0,110.0,1,0.91367,-21.3524
-130.0,110.0,2,1.09659,-37.84171
-130.0,110.0,3,0.89669,-23.36628
-130.0,110.0,4,0.99926,-40.05511
-130.0,110.0,5,1.00973,-21.21759
-130.0,110.0,6,0.93658,-15.71516
-130.0,115.0,0,0.8937,-19.26251
-130.0,115.0,1,0.91308,-22.09431
-130.0,115.0,2,1.0778,-40.21205
-130.0,115.0,3,0.87209,-26.25738
-130.0,115.0,4,0.99784,-41.32282
-130.0,115.0,5,1.01349,-19.34876
-130.0,115.0,6,0.89842,-13.72711
-130.0,120.0,0,0.87871,-20.50958
-130.0,120.0,1,0.90703,-23.03237
-130.0,120.0,2,1.04314,-39.928
-130.0,120.0,3,0.84575,-27.30344
-130.0,120.0,4,1.0106,-40.95362
-130.0,120.0,5,0.98913,-21.38375
-130.0,120.0,6,0.86174,-14.46552
-130.0,125.0,0,0.84863,-21.39806
-130.0,125.0,1,0.88737,-23.17135
-130.0,125.0,2,1.02428,-41.15443
-130.0,125.0,3,0.82397,-24.5592
-130.0,125.0,4,1.00697,-39.05659
-130.0,125.0,5,0.96291,-20.04236
-130.0,125.0,6,0.83879,-15.69798
-130.0,130.0,0,0.82934,-20.85516
-130.0,130.0,1,0.88445,-25.4972
-130.0,130.0,2,0.98848,-41.01037
-130.0,130.0,3,0.79406,-26.90098
-130.0,130.0,4,1.00301,-40.83597
-130.0,130.0,5,0.90894,-19.27242
-130.0,130.0,6,0.82271,-12.43379
-130.0,135.0,0,0.80904,-23.81869
-130.0,135.0,1,0.8814,-24.77795
-130.0,135.0,2,0.95664,-41.46183
-130.0,135.0,3,0.78198,-24.25112
-130.0,135.0,4,0.98337,-38.38092
-130.0,135.0,5,0.86464,-17.76913
-130.0,135.0,6,0.84491,-11.9196
-130.0,140.0,0,0.77739,-23.09836
-130.0,140.0,1,0.84465,-25.0756
-130.0,140.0,2,0.92841,-42.4663
-130.0,140.0,3,0.77895,-26.21167
-130.0,140.0,4,0.95186,-37.15801
-130.0,140.0,5,0.82203,-17.49468
-130.0,140.0,6,0.83901,-11.26661
-130.0,145.0,0,0.75604,-23.99102
-130.0,145.0,1,0.82058,-27.66774
-130.0,145.0,2,0.86559,-41.41584
-130.0,145.0,3,0.75879,-26.53213
-130.0,145.0,4,0.90653,-37.80895
-130.0,145.0,5,0.80388,-17.582
-130.0,145.0,6,0.82577,-11.6933
-130.0,150.0,0,0.72688,-25.32851
-130.0,150.0,1,0.79391,-26.01792
-130.0,150.0,2,0.83841,-40.85128
-130.0,150.0,3,0.7627,-22.2395
-130.0,150.0,4,0.86475,-36.29371
-130.0,150.0,5,0.78763,-16.42467
-130.0,150.0,6,0.78715,-10.51636
-130.0,155.0,0,0.69796,-26.45256
-130.0,155.0,1,0.76888,-27.21653
-130.0,155.0,2,0.81317,-41.09144
-130.0,155.0,3,0.73237,-23.61133
-130.0,155.0,4,0.81621,-37.47173
-130.0,155.0,5,0.78317,-14.58896
-130.0,155.0,6,0.73351,-9.6448
-130.0,160.0,0,0.67301,-26.15918
-130.0,160.0,1,0.73379,-28.65031
-130.0,160.0,2,0.77255,-41.87988
-130.0,160.0,3,0.7062,-23.58547
-130.0,160.0,4,0.77047,-35.67698
-130.0,160.0,5,0.76772,-12.47775
-130.0,160.0,6,0.67267,-7.66869
-130.0,165.0,0,0.64602,-25.84962
-130.0,165.0,1,0.68803,-27.80873
-130.0,165.0,2,0.74613,-40.04216
-130.0,165.0,3,0.67662,-21.7702
-130.0,165.0,4,0.72624,-34.7169
-130.0,165.0,5,0.74352,-10.19119
-130.0,165.0,6,0.62553,-9.95904
-130.0,170.0,0,0.62102,-28.43014
-130.0,170.0,1,0.64364,-28.24288
-130.0,170.0,2,0.7192,-41.66636
-130.0,170.0,3,0.63239,-22.64148
-130.0,170.0,4,0.69313,-33.41958
-130.0,170.0,5,0.70639,-12.86581
-130.0,170.0,6,0.57984,-8.18061
-130.0,175.0,0,0.58987,-28.78543
-130.0,175.0,1,0.60649,-28.03856
-130.0,175.0,2,0.69592,-41.3923
-130.0,175.0,3,0.58886,-22.23624
-130.0,175.0,4,0.66627,-33.125
-130.0,175.0,5,0.66779,-11.16195
-130.0,175.0,6,0.56508,-5.764
-130.0,180.0,0,0.56925,-29.23717
-130.0,180.0,1,0.55762,-27.41489
-130.0,180.0,2,0.67962,-41.74693
-130.0,180.0,3,0.53624,-21.2217
-130.0,180.0,4,0.65912,-31.33408
-130.0,180.0,5,0.61462,-9.07005
-130.0,180.0,6,0.54781,-5.64437
-125.0,0.0,0,0.5573,-7.89282
-125.0,0.0,1,0.54316,-6.49972
-125.0,0.0,2,0.68247,-23.71031
-125.0,0.0,3,0.54504,-12.73677
-125.0,0.0,4,0.64822,-34.95475
-125.0,0.0,5,0.62932,-21.44472
-125.0,0.0,6,0.56927,-24.68974
-125.0,5.0,0,0.6081,-7.60521
-125.0,5.0,1,0.58443,-5.68913
-125.0,5.0,2,0.72889,-22.58046
-125.0,5.0,3,0.6042,-12.30515
-125.0,5.0,4,0.69597,-35.03723
-125.0,5.0,5,0.68473,-21.92076
-125.0,5.0,6,0.61799,-24.4311
-125.0,10.0,0,0.65174,-7.77986
-125.0,10.0,1,0.64866,-7.15499
-125.0,10.0,2,0.77166,-24.31661
-125.0,10.0,3,0.64623,-13.00199
-125.0,10.0,4,0.74849,-35.88121
-125.0,10.0,5,0.74378,-20.6933
-125.0,10.0,6,0.67203,-25.60346
-125.0,15.0,0,0.68858,-7.23566
-125.0,15.0,1,0.68234,-7.04419
-125.0,15.0,2,0.81659,-24.24413
-125.0,15.0,3,0.68845,-14.71188
-125.0,15.0,4,0.77981,-34.32921
-125.0,15.0,5,0.77714,-24.10154
-125.0,15.0,6,0.68417,-23.42084
-125.0,20.0,0,0.72043,-8.66116
-125.0,20.0,1,0.71796,-7.92838
-125.0,20.0,2,0.851,-28.85084
-125.0,20.0,3,0.7277,-15.41507
-125.0,20.0,4,0.80565,-34.95654
-125.0,20.0,5,0.79823,-21.8141
-125.0,20.0,6,0.70528,-24.02934
-125.0,25.0,0,0.76777,-9.77418
-125.0,25.0,1,0.76151,-8.40058
-125.0,25.0,2,0.88503,-27.73151
-125.0,25.0,3,0.75039,-16.39356
-125.0,25.0,4,0.82602,-36.88682
-125.0,25.0,5,0.80367,-26.44045
-125.0,25.0,6,0.7129,-23.21037
-125.0,30.0,0,0.79719,-10.15199
-125.0,30.0,1,0.79407,-10.68802
-125.0,30.0,2,0.91899,-27.57726
-125.0,30.0,3,0.77116,-17.04948
-125.0,30.0,4,0.83555,-37.45403
-125.0,30.0,5,0.80449,-24.28883
-125.0,30.0,6,0.72679,-24.48371
-125.0,35.0,0,0.82806,-9.50292
-125.0,35.0,1,0.82469,-10.20727
-125.0,35.0,2,0.932,-28.98864
-125.0,35.0,3,0.77936,-19.35115
-125.0,35.0,4,0.84627,-37.85492
-125.0,35.0,5,0.83066,-22.47236
-125.0,35.0,6,0.74923,-21.51596
-125.0,40.0,0,0.86251,-10.33858
-125.0,40.0,1,0.84976,-10.72082
-125.0,40.0,2,0.94624,-30.31642
-125.0,40.0,3,0.78781,-19.85884
-125.0,40.0,4,0.8626,-38.41544
-125.0,40.0,5,0.85646,-24.65378
-125.0,40.0,6,0.78568,-23.84826
-125.0,45.0,0,0.89147,-10.30459
-125.0,45.0,1,0.86475,-10.88286
-125.0,45.0,2,0.95579,-30.33068
-125.0,45.0,3,0.79943,-19.25311
-125.0,45.0,4,0.88052,-41.04694
-125.0,45.0,5,0.88345,-23.95701
-125.0,45.0,6,0.8346,-24.01096
-125.0,50.0,0,0.91629,-10.36264
-125.0,50.0,1,0.88462,-13.3164
-125.0,50.0,2,0.95936,-30.83815
-125.0,50.0,3,0.81127,-21.0647
-125.0,50.0,4,0.90914,-39.71304
-125.0,50.0,5,0.92281,-23.66251
-125.0,50.0,6,0.87946,-21.99895
-125.0,55.0,0,0.92445,-13.39719
-125.0,55.0,1,0.89085,-12.33399
-125.0,55.0,2,0.97839,-33.54086
-125.0,55.0,3,0.83458,-20.59149
-125.0,55.0,4,0.94334,-40.39985
-125.0,55.0,5,0.96882,-24.18691
-125.0,55.0,6,0.92946,-22.75368
-125.0,60.0,0,0.94579,-12.56373
-125.0,60.0,1,0.90027,-13.80886
-125.0,60.0,2,0.98735,-31.35529
-125.0,60.0,3,0.85638,-21.04038
-125.0,60.0,4,0.97762,-41.79463
-125.0,60.0,5,1.01496,-23.91788
-125.0,60.0,6,0.93798,-23.77753
-125.0,65.0,0,0.96681,-13.10341
-125.0,65.0,1,0.90539,-15.96577
-125.0,65.0,2,1.00133,-33.85868
-125.0,65.0,3,0.88888,-21.14415
-125.0,65.0,4,1.00697,-40.29126
-125.0,65.0,5,1.03476,-23.69119
-125.0,65.0,6,0.93269,-20.42797
-125.0,70.0,0,0.97171,-14.93717
-125.0,70.0,1,0.90096,-15.67974
-125.0,70.0,2,1.01751,-35.73536
-125.0,70.0,3,0.9128,-23.70145
-125.0,70.0,4,1.04528,-40.83805
-125.0,70.0,5,1.0408,-21.75518
-125.0,70.0,6,0.9138,-19.9721
-125.0,75.0,0,0.96401,-14.20422
-125.0,75.0,1,0.91615,-18.07238
-125.0,75.0,2,1.02699,-38.66897
-125.0,75.0,3,0.94272,-20.76986
-125.0,75.0,4,1.0564,-40.42728
-125.0,75.0,5,1.03544,-23.56025
-125.0,75.0,6,0.90827,-20.49448
-125.0,80.0,0,0.97075,-15.2076
-125.0,80.0,1,0.91304,-17.13779
-125.0,80.0,2,1.04593,-36.41028
-125.0,80.0,3,0.969,-22.85179
-125.0,80.0,4,1.06536,-42.62342
-125.0,80.0,5,1.01113,-23.48624
-125.0,80.0,6,0.91884,-18.37558
-125.0,85.0,0,0.97825,-16.80416
-125.0,85.0,1,0.90172,-18.98388
-125.0,85.0,2,1.06597,-37.60396
-125.0,85.0,3,0.98241,-22.3799
-125.0,85.0,4,1.05168,-39.7716
-125.0,85.0,5,0.98681,-23.22853
-125.0,85.0,6,0.92545,-18.64873
-125.0,90.0,0,0.95858,-17.12004
-125.0,90.0,1,0.91478,-18.15458
-125.0,90.0,2,1.0802,-38.48817
-125.0,90.0,3,0.99123,-23.40474
-125.0,90.0,4,1.02986,-39.6979
-125.0,90.0,5,0.99038,-20.97918
-125.0,90.0,6,0.95767,-16.97414
-125.0,95.0,0,0.96479,-15.02185
-125.0,95.0,1,0.91154,-19.65696
-125.0,95.0,2,1.09023,-37.70371
-125.0,95.0,3,0.98211,-25.59721
-125.0,95.0,4,1.01413,-38.20626
-125.0,95.0,5,1.00196,-19.87423
-125.0,95.0,6,0.98003,-14.57846
-125.0,100.0,0,0.94926,-18.6105
-125.0,100.0,1,0.90553,-20.06643
-125.0,100.0,2,1.10693,-39.37463
-125.0,100.0,3,0.95925,-26.82044
-125.0,100.0,4,0.99805,-41.38891
-125.0,100.0,5,1.00894,-21.47739
-125.0,100.0,6,0.98489,-15.19475
-125.0,105.0,0,0.92842,-18.99795
-125.0,105.0,1,0.90421,-21.73685
-125.0,105.0,2,1.10251,-38.66174
-125.0,105.0,3,0.93517,-24.70806
-125.0,105.0,4,0.97665,-39.40849
-125.0,105.0,5,1.02578,-20.79102
-125.0,105.0,6,0.98094,-15.76966
-125.0,110.0,0,0.91655,-19.31602
-125.0,110.0,1,0.90282,-22.47638
-125.0,110.0,2,1.09635,-37.5706
-125.0,110.0,3,0.91606,-24.13084
-125.0,110.0,4,0.97628,-39.8793
-125.0,110.0,5,1.04607,-19.98099
-125.0,110.0,6,0.94179,-12.91176
-125.0,115.0,0,0.8937,-22.12347
-125.0,115.0,1,0.90418,-21.89314
-125.0,115.0,2,1.0888,-38.07364
-125.0,115.0,3,0.87245,-25.12332
-125.0,115.0,4,0.97584,-39.1123
-125.0,115.0,5,1.03022,-18.52316
-125.0,115.0,6,0.90603,-13.35944
-125.0,120.0,0,0.87325,-21.46063
-125.0,120.0,1,0.89166,-24.44649
-125.0,120.0,2,1.05787,-39.88528
-125.0,120.0,3,0.84587,-24.98626
-125.0,120.0,4,0.98828,-38.93032
-125.0,120.0,5,1.01046,-17.6055
-125.0,120.0,6,0.87548,-12.89497
-125.0,125.0,0,0.85225,-21.76711
-125.0,125.0,1,0.88628,-24.9786
-125.0,125.0,2,1.03559,-41.89681
-125.0,125.0,3,0.83042,-23.53581
-125.0,125.0,4,0.98329,-37.36716
-125.0,125.0,5,0.96761,-18.66018
-125.0,125.0,6,0.84,-12.04021
-125.0,130.0,0,0.823,-23.15555
-125.0,130.0,1,0.87316,-25.45334
-125.0,130.0,2,0.99821,-41.62237
-125.0,130.0,3,0.80678,-25.01959
-125.0,130.0,4,0.96977,-36.84087
-125.0,130.0,5,0.92908,-16.66687
-125.0,130.0,6,0.83297,-11.06022
-125.0,135.0,0,0.80956,-24.32744
-125.0,135.0,1,0.85529,-24.41055
-125.0,135.0,2,0.96063,-43.50915
-125.0,135.0,3,0.78721,-25.75873
-125.0,135.0,4,0.95163,-39.31699
-125.0,135.0,5,0.88154,-15.30257
-125.0,135.0,6,0.84466,-10.04567
-125.0,140.0,0,0.7849,-23.8408
-125.0,140.0,1,0.85214,-24.94401
-125.0,140.0,2,0.92433,-41.94468
-125.0,140.0,3,0.7823,-23.96792
-125.0,140.0,4,0.93247,-36.73616
-125.0,140.0,5,0.84686,-14.23727
-125.0,140.0,6,0.83792,-10.05394
-125.0,145.0,0,0.74735,-25.21224
-125.0,145.0,1,0.8141,-25.43842
-125.0,145.0,2,0.87837,-41.85067
-125.0,145.0,3,0.77402,-22.33199
-125.0,145.0,4,0.89098,-36.42994
-125.0,145.0,5,0.83229,-15.26494
-125.0,145.0,6,0.82767,-9.19838
-125.0,150.0,0,0.73019,-26.95353
-125.0,150.0,1,0.79244,-28.86601
-125.0,150.0,2,0.84093,-40.60645
-125.0,150.0,3,0.75254,-23.97296
-125.0,150.0,4,0.82798,-38.44432
-125.0,150.0,5,0.81395,-13.65788
-125.0,150.0,6,0.79668,-9.72969
-125.0,155.0,0,0.70588,-25.5837
-125.0,155.0,1,0.7478,-26.80553
-125.0,155.0,2,0.81115,-41.77902
-125.0,155.0,3,0.75297,-22.66758
-125.0,155.0,4,0.78027,-35.80074
-125.0,155.0,5,0.80389,-10.64668
-125.0,155.0,6,0.73778,-6.14631
-125.0,160.0,0,0.67608,-27.20588
-125.0,160.0,1,0.72378,-26.54504
-125.0,160.0,2,0.78481,-42.41888
-125.0,160.0,3,0.71459,-22.96053
-125.0,160.0,4,0.73695,-33.99774
-125.0,160.0,5,0.79978,-11.87234
-125.0,160.0,6,0.67901,-6.26873
-125.0,165.0,0,0.65499,-28.88824
-125.0,165.0,1,0.68766,-26.09675
-125.0,165.0,2,0.74604,-40.33149
-125.0,165.0,3,0.68933,-22.41795
-125.0,165.0,4,0.70892,-32.20937
-125.0,165.0,5,0.77298,-9.99465
-125.0,165.0,6,0.62154,-6.93287
-125.0,170.0,0,0.6272,-29.00658
-125.0,170.0,1,0.64784,-28.10509
-125.0,170.0,2,0.72363,-41.68073
-125.0,170.0,3,0.64553,-22.5823
-125.0,170.0,4,0.66895,-34.44026
-125.0,170.0,5,0.73031,-11.11284
-125.0,170.0,6,0.58301,-4.93715
-125.0,175.0,0,0.59305,-28.38491
-125.0,175.0,1,0.6077,-30.93909
-125.0,175.0,2,0.70694,-40.4201
-125.0,175.0,3,0.59329,-21.07033
-125.0,175.0,4,0.64013,-32.13032
-125.0,175.0,5,0.69814,-10.14352
-125.0,175.0,6,0.56208,-4.12907
-125.0,180.0,0,0.56934,-30.07695
-125.0,180.0,1,0.54711,-27.9805
-125.0,180.0,2,0.6753,-38.67981
-125.0,180.0,3,0.55067,-20.51456
-125.0,180.0,4,0.63097,-31.67586
-125.0,180.0,5,0.62852,-8.47912
-125.0,180.0,6,0.55805,-4.95685
-120.0,0.0,0,0.57109,-9.59238
-120.0,0.0,1,0.53539,-5.49656
-120.0,0.0,2,0.68267,-23.07251
-120.0,0.0,3,0.55733,-12.10374
-120.0,0.0,4,0.6104,-33.93485
-120.0,0.0,5,0.64201,-20.72834
-120.0,0.0,6,0.58006,-21.42838
-120.0,5.0,0,0.61061,-10.30776
-120.0,5.0,1,0.58154,-7.10758
-120.0,5.0,2,0.723,-24.19667
-120.0,5.0,3,0.61675,-14.13449
-120.0,5.0,4,0.6609,-32.95568
-120.0,5.0,5,0.69221,-21.1442
-120.0,5.0,6,0.63436,-21.36534
-120.0,10.0,0,0.64228,-9.90961
-120.0,10.0,1,0.62832,-7.76101
-120.0,10.0,2,0.77106,-24.87051
-120.0,10.0,3,0.6573,-13.98185
-120.0,10.0,4,0.72691,-32.98455
-120.0,10.0,5,0.74135,-21.27932
-120.0,10.0,6,0.6908,-20.85548
-120.0,15.0,0,0.6923,-9.2443
-120.0,15.0,1,0.67259,-7.13741
-120.0,15.0,2,0.81523,-26.50287
-120.0,15.0,3,0.70334,-13.67475
-120.0,15.0,4,0.75355,-33.45643
-120.0,15.0,5,0.78546,-20.82134
-120.0,15.0,6,0.71212,-21.56933
-120.0,20.0,0,0.73669,-10.79262
-120.0,20.0,1,0.71087,-9.98052
-120.0,20.0,2,0.85667,-26.72708
-120.0,20.0,3,0.72714,-14.75552
-120.0,20.0,4,0.77967,-35.66913
-120.0,20.0,5,0.80762,-20.75709
-120.0,20.0,6,0.73478,-22.48243
-120.0,25.0,0,0.77638,-11.16174
-120.0,25.0,1,0.7513,-10.96166
-120.0,25.0,2,0.88948,-28.32475
-120.0,25.0,3,0.75445,-14.88707
-120.0,25.0,4,0.79994,-35.42946
-120.0,25.0,5,0.81267,-21.23313
-120.0,25.0,6,0.73514,-22.16656
-120.0,30.0,0,0.8052,-8.38426
-120.0,30.0,1,0.77491,-11.60505
-120.0,30.0,2,0.91002,-28.78027
-120.0,30.0,3,0.78273,-15.22602
-120.0,30.0,4,0.81583,-36.69295
-120.0,30.0,5,0.82374,-19.81095
-120.0,30.0,6,0.74875,-20.44382
-120.0,35.0,0,0.83239,-10.11519
-120.0,35.0,1,0.81236,-11.95755
-120.0,35.0,2,0.93559,-28.26547
-120.0,35.0,3,0.7887,-16.1601
-120.0,35.0,4,0.82458,-36.67346
-120.0,35.0,5,0.83288,-22.0055
-120.0,35.0,6,0.77217,-20.36161
-120.0,40.0,0,0.85991,-11.23951
-120.0,40.0,1,0.83322,-12.3316
-120.0,40.0,2,0.94449,-29.96854
-120.0,40.0,3,0.79512,-17.62394
-120.0,40.0,4,0.83117,-38.6035
-120.0,40.0,5,0.85786,-22.80237
-120.0,40.0,6,0.80782,-20.03527
-120.0,45.0,0,0.88898,-14.514
-120.0,45.0,1,0.85265,-13.29113
-120.0,45.0,2,0.95831,-29.0677
-120.0,45.0,3,0.81416,-17.78154
-120.0,45.0,4,0.8458,-39.01059
-120.0,45.0,5,0.89026,-21.28961
-120.0,45.0,6,0.85936,-22.8292
-120.0,50.0,0,0.91947,-13.01349
-120.0,50.0,1,0.86672,-12.27045
-120.0,50.0,2,0.98351,-31.51737
-120.0,50.0,3,0.83667,-20.70899
-120.0,50.0,4,0.88247,-38.06076
-120.0,50.0,5,0.92815,-23.00523
-120.0,50.0,6,0.90831,-19.97378
-120.0,55.0,0,0.93262,-13.47328
-120.0,55.0,1,0.87444,-13.36688
-120.0,55.0,2,0.9815,-32.38394
-120.0,55.0,3,0.84649,-19.28978
-120.0,55.0,4,0.91399,-38.70991
-120.0,55.0,5,0.98458,-21.53153
-120.0,55.0,6,0.95211,-19.63043
-120.0,60.0,0,0.94436,-12.60668
-120.0,60.0,1,0.8926,-13.3045
-120.0,60.0,2,0.99628,-34.62193
-120.0,60.0,3,0.87136,-19.73153
-120.0,60.0,4,0.96077,-38.98341
-120.0,60.0,5,1.022,-22.80468
-120.0,60.0,6,0.96338,-21.47648
-120.0,65.0,0,0.96241,-13.22681
-120.0,65.0,1,0.88653,-14.07797
-120.0,65.0,2,1.01335,-33.28877
-120.0,65.0,3,0.89739,-21.56089
-120.0,65.0,4,0.98689,-38.34983
-120.0,65.0,5,1.03724,-21.30219
-120.0,65.0,6,0.95116,-18.27287
-120.0,70.0,0,0.96512,-14.97319
-120.0,70.0,1,0.89271,-15.15051
-120.0,70.0,2,1.01492,-34.74792
-120.0,70.0,3,0.93502,-22.72859
-120.0,70.0,4,1.01472,-39.31994
-120.0,70.0,5,1.04176,-19.57963
-120.0,70.0,6,0.94324,-17.97995
-120.0,75.0,0,0.97503,-18.74335
-120.0,75.0,1,0.90477,-17.15639
-120.0,75.0,2,1.02184,-36.4594
-120.0,75.0,3,0.95685,-20.90095
-120.0,75.0,4,1.03832,-39.02648
-120.0,75.0,5,1.03862,-21.87796
-120.0,75.0,6,0.92864,-17.59718
-120.0,80.0,0,0.97112,-16.30884
-120.0,80.0,1,0.90285,-20.25898
-120.0,80.0,2,1.04729,-36.39251
-120.0,80.0,3,0.98032,-20.83847
-120.0,80.0,4,1.03182,-37.50754
-120.0,80.0,5,1.02386,-18.1403
-120.0,80.0,6,0.93285,-16.57843
-120.0,85.0,0,0.97501,-16.60839
-120.0,85.0,1,0.89556,-19.51625
-120.0,85.0,2,1.06413,-36.18067
-120.0,85.0,3,0.98834,-23.33307
-120.0,85.0,4,1.02549,-39.15866
-120.0,85.0,5,1.01002,-21.73059
-120.0,85.0,6,0.94784,-16.60228
-120.0,90.0,0,0.96502,-16.49616
-120.0,90.0,1,0.9086,-18.81992
-120.0,90.0,2,1.08267,-38.62131
-120.0,90.0,3,0.99523,-22.93372
-120.0,90.0,4,1.01753,-39.76051
-120.0,90.0,5,1.00149,-18.17274
-120.0,90.0,6,0.98876,-16.53643
-120.0,95.0,0,0.96294,-17.98779
-120.0,95.0,1,0.89156,-20.89105
-120.0,95.0,2,1.09311,-38.69091
-120.0,95.0,3,0.99734,-24.05454
-120.0,95.0,4,0.97979,-40.57023
-120.0,95.0,5,0.99485,-20.6611
-120.0,95.0,6,1.00694,-14.52331
-120.0,100.0,0,0.95257,-18.30364
-120.0,100.0,1,0.89331,-21.75635
-120.0,100.0,2,1.10005,-37.10771
-120.0,100.0,3,0.98084,-24.07126
-120.0,100.0,4,0.97056,-40.0669
-120.0,100.0,5,1.0101,-18.31237
-120.0,100.0,6,1.01091,-13.58478
-120.0,105.0,0,0.93013,-21.35721
-120.0,105.0,1,0.90164,-21.84527
-120.0,105.0,2,1.10551,-40.02365
-120.0,105.0,3,0.95682,-23.42232
-120.0,105.0,4,0.96064,-38.96658
-120.0,105.0,5,1.03792,-18.28548
-120.0,105.0,6,1.00002,-13.29018
-120.0,110.0,0,0.92218,-22.63093
-120.0,110.0,1,0.89538,-23.84952
-120.0,110.0,2,1.095,-40.12258
-120.0,110.0,3,0.92941,-24.52444
-120.0,110.0,4,0.95001,-40.07016
-120.0,110.0,5,1.053,-18.98912
-120.0,110.0,6,0.95951,-12.12697
-120.0,115.0,0,0.90424,-22.27983
-120.0,115.0,1,0.88991,-24.76353
-120.0,115.0,2,1.0906,-42.08892
-120.0,115.0,3,0.91064,-25.96083
-120.0,115.0,4,0.94675,-38.60027
-120.0,115.0,5,1.03948,-16.48037
-120.0,115.0,6,0.92391,-12.00923
-120.0,120.0,0,0.87316,-21.84182
-120.0,120.0,1,0.88427,-25.0826
-120.0,120.0,2,1.06057,-39.84998
-120.0,120.0,3,0.87306,-25.06108
-120.0,120.0,4,0.95669,-37.57584
-120.0,120.0,5,1.02273,-16.52716
-120.0,120.0,6,0.8948,-11.87939
-120.0,125.0,0,0.86036,-24.61752
-120.0,125.0,1,0.87802,-25.51519
-120.0,125.0,2,1.0365,-41.44989
-120.0,125.0,3,0.85354,-25.16746
-120.0,125.0,4,0.96259,-38.26945
-120.0,125.0,5,0.97193,-16.44327
-120.0,125.0,6,0.87243,-9.69808
-120.0,130.0,0,0.83925,-24.98584
-120.0,130.0,1,0.86792,-26.54634
-120.0,130.0,2,1.00858,-39.73028
-120.0,130.0,3,0.83096,-24.67454
-120.0,130.0,4,0.94769,-36.26911
-120.0,130.0,5,0.94121,-15.55453
-120.0,130.0,6,0.86439,-8.1514
-120.0,135.0,0,0.81569,-24.94586
-120.0,135.0,1,0.85241,-26.07706
-120.0,135.0,2,0.96148,-42.11319
-120.0,135.0,3,0.82089,-25.40886
-120.0,135.0,4,0.93361,-35.43071
-120.0,135.0,5,0.90626,-14.1612
-120.0,135.0,6,0.86995,-6.86378
-120.0,140.0,0,0.79276,-24.23239
-120.0,140.0,1,0.82382,-25.59142
-120.0,140.0,2,0.92338,-41.18166
-120.0,140.0,3,0.80324,-24.40531
-120.0,140.0,4,0.89292,-35.22221
-120.0,140.0,5,0.85702,-14.29246
-120.0,140.0,6,0.86266,-8.39494
-120.0,145.0,0,0.75788,-26.65206
-120.0,145.0,1,0.81234,-29.03629
-120.0,145.0,2,0.8836,-41.18823
-120.0,145.0,3,0.78685,-23.64603
-120.0,145.0,4,0.86125,-34.13834
-120.0,145.0,5,0.82762,-13.84021
-120.0,145.0,6,0.84584,-7.0544
-120.0,150.0,0,0.73528,-27.58968
-120.0,150.0,1,0.77035,-26.8944
-120.0,150.0,2,0.83706,-41.56047
-120.0,150.0,3,0.78254,-22.61457
-120.0,150.0,4,0.81154,-34.08653
-120.0,150.0,5,0.81606,-12.24387
-120.0,150.0,6,0.8253,-4.1895
-120.0,155.0,0,0.71521,-27.525
-120.0,155.0,1,0.73974,-26.14622
-120.0,155.0,2,0.80859,-41.94569
-120.0,155.0,3,0.76569,-23.31843
-120.0,155.0,4,0.76565,-36.17877
-120.0,155.0,5,0.81871,-10.05828
-120.0,155.0,6,0.75842,-4.16416
-120.0,160.0,0,0.68695,-28.23832
-120.0,160.0,1,0.71617,-28.65015
-120.0,160.0,2,0.7827,-40.81861
-120.0,160.0,3,0.74264,-21.54472
-120.0,160.0,4,0.70369,-32.498
-120.0,160.0,5,0.79582,-10.5451
-120.0,160.0,6,0.70232,-4.1427
-120.0,165.0,0,0.65182,-29.40244
-120.0,165.0,1,0.6741,-28.57751
-120.0,165.0,2,0.74894,-41.48753
-120.0,165.0,3,0.70527,-22.72426
-120.0,165.0,4,0.66556,-31.28745
-120.0,165.0,5,0.78233,-11.34583
-120.0,165.0,6,0.65399,-2.51866
-120.0,170.0,0,0.61597,-31.59433
-120.0,170.0,1,0.62625,-30.30131
-120.0,170.0,2,0.71996,-41.7905
-120.0,170.0,3,0.66449,-23.80429
-120.0,170.0,4,0.64468,-30.49571
-120.0,170.0,5,0.73414,-7.86204
-120.0,170.0,6,0.60918,-3.56863
-120.0,175.0,0,0.60127,-29.59755
-120.0,175.0,1,0.59033,-27.15659
-120.0,175.0,2,0.6971,-43.5606
-120.0,175.0,3,0.60865,-20.50904
-120.0,175.0,4,0.63039,-30.21566
-120.0,175.0,5,0.69437,-5.93692
-120.0,175.0,6,0.59109,-2.07308
-120.0,180.0,0,0.56865,-31.01049
-120.0,180.0,1,0.5426,-29.31286
-120.0,180.0,2,0.66755,-42.06093
-120.0,180.0,3,0.56192,-18.43291
-120.0,180.0,4,0.61572,-28.79466
-120.0,180.0,5,0.6486,-5.79395
-120.0,180.0,6,0.58656,-0.63201
-115.0,0.0,0,0.57575,-11.58433
-115.0,0.0,1,0.52303,-6.80444
-115.0,0.0,2,0.67161,-23.30135
-115.0,0.0,3,0.58325,-11.24333
-115.0,0.0,4,0.59546,-30.98329
-115.0,0.0,5,0.62743,-17.15848
-115.0,0.0,6,0.61893,-20.51006
-115.0,5.0,0,0.61906,-11.82632
-115.0,5.0,1,0.57733,-7.34133
-115.0,5.0,2,0.72134,-23.77745
-115.0,5.0,3,0.63885,-11.97759
-115.0,5.0,4,0.64005,-33.23356
-115.0,5.0,5,0.68595,-19.33576
-115.0,5.0,6,0.66749,-19.97445
-115.0,10.0,0,0.65963,-11.73334
-115.0,10.0,1,0.62141,-7.1432
-115.0,10.0,2,0.77519,-24.41272
-115.0,10.0,3,0.68342,-12.80295
-115.0,10.0,4,0.69979,-30.55779
-115.0,10.0,5,0.73597,-20.52064
-115.0,10.0,6,0.72068,-21.10184
-115.0,15.0,0,0.69963,-9.61441
-115.0,15.0,1,0.66651,-6.82956
-115.0,15.0,2,0.81885,-25.25799
-115.0,15.0,3,0.71227,-12.53515
-115.0,15.0,4,0.73157,-33.66863
-115.0,15.0,5,0.77319,-17.30453
-115.0,15.0,6,0.75826,-19.99981
-115.0,20.0,0,0.73034,-11.46685
-115.0,20.0,1,0.70198,-8.25081
-115.0,20.0,2,0.85739,-25.5907
-115.0,20.0,3,0.75142,-12.78842
-115.0,20.0,4,0.77647,-35.20585
-115.0,20.0,5,0.78962,-19.21825
-115.0,20.0,6,0.77107,-19.69299
-115.0,25.0,0,0.77521,-9.80453
-115.0,25.0,1,0.73396,-11.86958
-115.0,25.0,2,0.87889,-26.1577
-115.0,25.0,3,0.78647,-15.00961
-115.0,25.0,4,0.77273,-35.33955
-115.0,25.0,5,0.80654,-18.62923
-115.0,25.0,6,0.76747,-20.72486
-115.0,30.0,0,0.80458,-12.32568
-115.0,30.0,1,0.77479,-10.31305
-115.0,30.0,2,0.91433,-27.76337
-115.0,30.0,3,0.80047,-16.80711
-115.0,30.0,4,0.78532,-34.72877
-115.0,30.0,5,0.81389,-18.76403
-115.0,30.0,6,0.78011,-20.58816
-115.0,35.0,0,0.84055,-12.32439
-115.0,35.0,1,0.80215,-11.3507
-115.0,35.0,2,0.93571,-28.12167
-115.0,35.0,3,0.81529,-15.61439
-115.0,35.0,4,0.79536,-34.39438
-115.0,35.0,5,0.8338,-19.09111
-115.0,35.0,6,0.81383,-18.89455
-115.0,40.0,0,0.86895,-11.81373
-115.0,40.0,1,0.82363,-11.8854
-115.0,40.0,2,0.95758,-30.27823
-115.0,40.0,3,0.82946,-17.40584
-115.0,40.0,4,0.80529,-35.17119
-115.0,40.0,5,0.85106,-19.70751
-115.0,40.0,6,0.84883,-17.82097
-115.0,45.0,0,0.90033,-12.99639
-115.0,45.0,1,0.8432,-11.94529
-115.0,45.0,2,0.95917,-29.72551
-115.0,45.0,3,0.82507,-17.59172
-115.0,45.0,4,0.8348,-35.55962
-115.0,45.0,5,0.88226,-20.11102
-115.0,45.0,6,0.90153,-15.66512
-115.0,50.0,0,0.92257,-12.61091
-115.0,50.0,1,0.85635,-11.00217
-115.0,50.0,2,0.97076,-31.19088
-115.0,50.0,3,0.85032,-19.47947
-115.0,50.0,4,0.85871,-37.03258
-115.0,50.0,5,0.92843,-18.93726
-115.0,50.0,6,0.94587,-15.90859
-115.0,55.0,0,0.9422,-14.56848
-115.0,55.0,1,0.87117,-13.31535
-115.0,55.0,2,0.9808,-31.40614
-115.0,55.0,3,0.86709,-19.68328
-115.0,55.0,4,0.89879,-35.34732
-115.0,55.0,5,0.97525,-19.97272
-115.0,55.0,6,0.97536,-18.38582
-115.0,60.0,0,0.95794,-14.8518
-115.0,60.0,1,0.88415,-13.92264
-115.0,60.0,2,0.98803,-32.83214
-115.0,60.0,3,0.89514,-19.22939
-115.0,60.0,4,0.93625,-39.23165
-115.0,60.0,5,1.0203,-19.79067
-115.0,60.0,6,0.99759,-17.95611
-115.0,65.0,0,0.97564,-15.28312
-115.0,65.0,1,0.88495,-17.72076
-115.0,65.0,2,0.99924,-33.60609
-115.0,65.0,3,0.9215,-19.51102
-115.0,65.0,4,0.97276,-36.64657
-115.0,65.0,5,1.03406,-19.82134
-115.0,65.0,6,0.99171,-18.38854
-115.0,70.0,0,0.96554,-14.08638
-115.0,70.0,1,0.87893,-17.21152
-115.0,70.0,2,1.0175,-35.04151
-115.0,70.0,3,0.95418,-22.72249
-115.0,70.0,4,1.00214,-37.26326
-115.0,70.0,5,1.04939,-17.99396
-115.0,70.0,6,0.97394,-15.31547
-115.0,75.0,0,0.98248,-17.84276
-115.0,75.0,1,0.88704,-16.43356
-115.0,75.0,2,1.02827,-36.10885
-115.0,75.0,3,0.97322,-22.5501
-115.0,75.0,4,1.00941,-37.64912
-115.0,75.0,5,1.0309,-18.15143
-115.0,75.0,6,0.95924,-16.67624
-115.0,80.0,0,0.98421,-17.27942
-115.0,80.0,1,0.8897,-19.53098
-115.0,80.0,2,1.04445,-37.33064
-115.0,80.0,3,1.00659,-21.09534
-115.0,80.0,4,1.01435,-36.8759
-115.0,80.0,5,1.0069,-18.28743
-115.0,80.0,6,0.97031,-15.31671
-115.0,85.0,0,0.98645,-19.84705
-115.0,85.0,1,0.88935,-19.53918
-115.0,85.0,2,1.05363,-38.15287
-115.0,85.0,3,1.0146,-21.95165
-115.0,85.0,4,1.00408,-37.5611
-115.0,85.0,5,0.99965,-17.70404
-115.0,85.0,6,0.98649,-14.31547
-115.0,90.0,0,0.97734,-19.55831
-115.0,90.0,1,0.88704,-21.23084
-115.0,90.0,2,1.0802,-36.06993
-115.0,90.0,3,1.0103,-22.78917
-115.0,90.0,4,0.9943,-36.53072
-115.0,90.0,5,0.99328,-18.73216
-115.0,90.0,6,1.01883,-11.12444
-115.0,95.0,0,0.96828,-19.00824
-115.0,95.0,1,0.90008,-22.17406
-115.0,95.0,2,1.09449,-36.354
-115.0,95.0,3,1.01969,-22.47521
-115.0,95.0,4,0.96818,-38.27046
-115.0,95.0,5,0.99194,-17.80196
-115.0,95.0,6,1.03427,-12.63219
-115.0,100.0,0,0.95441,-21.0267
-115.0,100.0,1,0.8893,-21.4348
-115.0,100.0,2,1.09215,-37.76673
-115.0,100.0,3,1.00063,-22.32368
-115.0,100.0,4,0.94909,-37.75494
-115.0,100.0,5,1.01346,-16.66166
-115.0,100.0,6,1.04724,-12.07355
-115.0,105.0,0,0.93905,-21.64343
-115.0,105.0,1,0.8865,-23.04256
-115.0,105.0,2,1.09477,-37.59115
-115.0,105.0,3,0.97365,-23.15977
-115.0,105.0,4,0.93306,-37.17693
-115.0,105.0,5,1.03516,-16.86839
-115.0,105.0,6,1.03758,-11.0164
-115.0,110.0,0,0.92957,-22.19403
-115.0,110.0,1,0.88743,-23.24961
-115.0,110.0,2,1.08448,-38.45015
-115.0,110.0,3,0.95707,-23.96075
-115.0,110.0,4,0.93687,-36.99571
-115.0,110.0,5,1.04615,-16.01267
-115.0,110.0,6,1.00768,-8.82236
-115.0,115.0,0,0.90998,-22.70817
-115.0,115.0,1,0.88427,-24.2863
-115.0,115.0,2,1.08144,-40.71738
-115.0,115.0,3,0.92803,-22.61981
-115.0,115.0,4,0.93367,-38.02073
-115.0,115.0,5,1.04043,-13.49381
-115.0,115.0,6,0.96731,-8.35324
-115.0,120.0,0,0.89174,-23.71135
-115.0,120.0,1,0.87777,-24.24066
-115.0,120.0,2,1.06613,-40.68416
-115.0,120.0,3,0.8851,-22.99985
-115.0,120.0,4,0.93899,-36.23351
-115.0,120.0,5,1.01503,-15.15397
-115.0,120.0,6,0.92411,-8.7239
-115.0,125.0,0,0.86551,-24.0399
-115.0,125.0,1,0.87398,-24.85673
-115.0,125.0,2,1.03174,-41.44618
-115.0,125.0,3,0.86621,-24.56853
-115.0,125.0,4,0.93614,-35.34768
-115.0,125.0,5,0.98013,-14.31569
-115.0,125.0,6,0.90994,-9.77973
-115.0,130.0,0,0.84505,-25.38858
-115.0,130.0,1,0.85795,-25.34975
-115.0,130.0,2,0.99695,-38.74855
-115.0,130.0,3,0.84707,-23.33128
-115.0,130.0,4,0.93418,-37.1227
-115.0,130.0,5,0.9316,-13.95399
-115.0,130.0,6,0.90309,-7.22446
-115.0,135.0,0,0.81763,-27.89041
-115.0,135.0,1,0.85181,-27.98076
-115.0,135.0,2,0.9546,-41.83904
-115.0,135.0,3,0.82411,-24.13644
-115.0,135.0,4,0.9123,-33.77914
-115.0,135.0,5,0.89231,-12.9903
-115.0,135.0,6,0.89591,-5.34504
-115.0,140.0,0,0.79844,-27.84951
-115.0,140.0,1,0.82242,-26.96403
-115.0,140.0,2,0.92251,-41.60174
-115.0,140.0,3,0.83196,-22.89117
-115.0,140.0,4,0.88875,-33.69009
-115.0,140.0,5,0.86697,-9.67925
-115.0,140.0,6,0.88953,-4.53159
-115.0,145.0,0,0.75736,-26.51353
-115.0,145.0,1,0.79867,-29.44904
-115.0,145.0,2,0.8775,-41.80511
-115.0,145.0,3,0.81988,-22.29311
-115.0,145.0,4,0.84308,-34.21769
-115.0,145.0,5,0.82328,-11.72318
-115.0,145.0,6,0.88249,-4.65839
-115.0,150.0,0,0.73991,-29.41048
-115.0,150.0,1,0.77053,-28.4276
-115.0,150.0,2,0.84454,-42.26193
-115.0,150.0,3,0.79667,-23.01859
-115.0,150.0,4,0.78744,-33.31329
-115.0,150.0,5,0.80689,-8.40237
-115.0,150.0,6,0.85459,-3.35804
-115.0,155.0,0,0.7165,-30.58186
-115.0,155.0,1,0.73586,-28.91982
-115.0,155.0,2,0.80853,-40.934
-115.0,155.0,3,0.78529,-23.19481
-115.0,155.0,4,0.73944,-31.27761
-115.0,155.0,5,0.80307,-8.30979
-115.0,155.0,6,0.78971,-2.90092
-115.0,160.0,0,0.68429,-31.99869
-115.0,160.0,1,0.70651,-27.50625
-115.0,160.0,2,0.77912,-41.97935
-115.0,160.0,3,0.75497,-21.97689
-115.0,160.0,4,0.69579,-31.15974
-115.0,160.0,5,0.80123,-7.9095
-115.0,160.0,6,0.74271,-2.4024
-115.0,165.0,0,0.65465,-30.7206
-115.0,165.0,1,0.65901,-29.93974
-115.0,165.0,2,0.75029,-40.86234
-115.0,165.0,3,0.71783,-21.72106
-115.0,165.0,4,0.65325,-31.58311
-115.0,165.0,5,0.77733,-7.40568
-115.0,165.0,6,0.67758,-2.31585
-115.0,170.0,0,0.63219,-29.36853
-115.0,170.0,1,0.62309,-30.71005
-115.0,170.0,2,0.71704,-41.24492
-115.0,170.0,3,0.67856,-20.20539
-115.0,170.0,4,0.635,-31.10477
-115.0,170.0,5,0.73399,-6.32659
-115.0,170.0,6,0.64516,-0.63094
-115.0,175.0,0,0.60622,-31.92756
-115.0,175.0,1,0.58145,-29.41165
-115.0,175.0,2,0.7007,-42.82306
-115.0,175.0,3,0.62692,-20.12667
-115.0,175.0,4,0.60858,-29.91228
-115.0,175.0,5,0.68489,-6.16248
-115.0,175.0,6,0.63237,-1.60419
-115.0,180.0,0,0.57552,-32.36421
-115.0,180.0,1,0.5381,-29.04246
-115.0,180.0,2,0.67621,-40.06462
-115.0,180.0,3,0.58566,-19.44716
-115.0,180.0,4,0.58273,-29.6033
-115.0,180.0,5,0.63209,-5.58565
-115.0,180.0,6,0.61575,1.5402
-110.0,0.0,0,0.58037,-9.41686
-110.0,0.0,1,0.52332,-8.62647
-110.0,0.0,2,0.67281,-21.80327
-110.0,0.0,3,0.5937,-9.02509
-110.0,0.0,4,0.58879,-29.27736
-110.0,0.0,5,0.61871,-17.25149
-110.0,0.0,6,0.65123,-19.48624
-110.0,5.0,0,0.61286,-12.9458
-110.0,5.0,1,0.57423,-7.59015
-110.0,5.0,2,0.72712,-24.29384
-110.0,5.0,3,0.64396,-9.47586
-110.0,5.0,4,0.63233,-31.71043
-110.0,5.0,5,0.67139,-15.30441
-110.0,5.0,6,0.7053,-17.83628
-110.0,10.0,0,0.66515,-12.53785
-110.0,10.0,1,0.60945,-8.09351
-110.0,10.0,2,0.77496,-25.15958
-110.0,10.0,3,0.70438,-10.57046
-110.0,10.0,4,0.68593,-31.13516
-110.0,10.0,5,0.71299,-16.05708
-110.0,10.0,6,0.75688,-20.40813
-110.0,15.0,0,0.70464,-12.5203
-110.0,15.0,1,0.65522,-6.88105
-110.0,15.0,2,0.81184,-26.9983
-110.0,15.0,3,0.74051,-13.07091
-110.0,15.0,4,0.72937,-34.87819
-110.0,15.0,5,0.75498,-17.03498
-110.0,15.0,6,0.78502,-17.54506
-110.0,20.0,0,0.75089,-13.77507
-110.0,20.0,1,0.69302,-9.44366
-110.0,20.0,2,0.84838,-25.99646
-110.0,20.0,3,0.77908,-12.61992
-110.0,20.0,4,0.75041,-34.0954
-110.0,20.0,5,0.77607,-15.91906
-110.0,20.0,6,0.80515,-17.39945
-110.0,25.0,0,0.78538,-13.60959
-110.0,25.0,1,0.73607,-9.61611
-110.0,25.0,2,0.88052,-25.35584
-110.0,25.0,3,0.80184,-13.8783
-110.0,25.0,4,0.76541,-34.62613
-110.0,25.0,5,0.78073,-15.86017
-110.0,25.0,6,0.81361,-18.23772
-110.0,30.0,0,0.81539,-10.91638
-110.0,30.0,1,0.75942,-11.0427
-110.0,30.0,2,0.90009,-25.70908
-110.0,30.0,3,0.81772,-14.6671
-110.0,30.0,4,0.78118,-34.24734
-110.0,30.0,5,0.80318,-16.64598
-110.0,30.0,6,0.82493,-19.47538
-110.0,35.0,0,0.85085,-12.95573
-110.0,35.0,1,0.7871,-11.17327
-110.0,35.0,2,0.93578,-26.93857
-110.0,35.0,3,0.83141,-11.57346
-110.0,35.0,4,0.7968,-34.68124
-110.0,35.0,5,0.79971,-18.53652
-110.0,35.0,6,0.83899,-17.63463
-110.0,40.0,0,0.87357,-12.18233
-110.0,40.0,1,0.81341,-11.76936
-110.0,40.0,2,0.94056,-29.12906
-110.0,40.0,3,0.85081,-15.6952
-110.0,40.0,4,0.80834,-34.35998
-110.0,40.0,5,0.83442,-17.96706
-110.0,40.0,6,0.88681,-18.03977
-110.0,45.0,0,0.90901,-13.1106
-110.0,45.0,1,0.83159,-13.29976
-110.0,45.0,2,0.94581,-29.98051
-110.0,45.0,3,0.85685,-16.99833
-110.0,45.0,4,0.82992,-36.93918
-110.0,45.0,5,0.86426,-19.29051
-110.0,45.0,6,0.92957,-15.59043
-110.0,50.0,0,0.92591,-12.66804
-110.0,50.0,1,0.84932,-14.12883
-110.0,50.0,2,0.96393,-32.1064
-110.0,50.0,3,0.86546,-17.30189
-110.0,50.0,4,0.8579,-36.23699
-110.0,50.0,5,0.90534,-19.69278
-110.0,50.0,6,0.97396,-16.19151
-110.0,55.0,0,0.94515,-14.50013
-110.0,55.0,1,0.86084,-13.30616
-110.0,55.0,2,0.96522,-31.58221
-110.0,55.0,3,0.89154,-18.32061
-110.0,55.0,4,0.89084,-35.86165
-110.0,55.0,5,0.95277,-17.91222
-110.0,55.0,6,1.01248,-15.71837
-110.0,60.0,0,0.96369,-16.5403
-110.0,60.0,1,0.87403,-13.98718
-110.0,60.0,2,0.99219,-32.66329
-110.0,60.0,3,0.91812,-20.43791
-110.0,60.0,4,0.92065,-35.82638
-110.0,60.0,5,0.98565,-18.86966
-110.0,60.0,6,1.02465,-15.4944
-110.0,65.0,0,0.96945,-17.04224
-110.0,65.0,1,0.87606,-16.53686
-110.0,65.0,2,0.99513,-32.86638
-110.0,65.0,3,0.94279,-19.41898
-110.0,65.0,4,0.96134,-36.56793
-110.0,65.0,5,1.007,-17.30723
-110.0,65.0,6,1.02452,-13.59618
-110.0,70.0,0,0.98257,-17.27272
-110.0,70.0,1,0.88415,-17.14018
-110.0,70.0,2,1.00809,-33.50485
-110.0,70.0,3,0.97052,-20.50992
-110.0,70.0,4,0.99486,-35.94059
-110.0,70.0,5,1.0164,-17.71942
-110.0,70.0,6,1.01192,-15.5228
-110.0,75.0,0,0.99226,-19.94453
-110.0,75.0,1,0.8771,-18.6635
-110.0,75.0,2,1.02553,-34.70256
-110.0,75.0,3,0.99878,-21.46636
-110.0,75.0,4,1.01303,-35.57301
-110.0,75.0,5,0.99631,-17.05849
-110.0,75.0,6,0.9906,-13.98071
-110.0,80.0,0,0.98957,-18.2565
-110.0,80.0,1,0.87665,-19.19016
-110.0,80.0,2,1.0452,-35.33496
-110.0,80.0,3,1.02334,-22.40376
-110.0,80.0,4,1.01177,-36.33955
-110.0,80.0,5,0.98534,-15.53421
-110.0,80.0,6,1.00266,-11.90738
-110.0,85.0,0,0.98221,-18.64691
-110.0,85.0,1,0.88628,-19.50709
-110.0,85.0,2,1.05711,-35.88444
-110.0,85.0,3,1.03453,-22.33328
-110.0,85.0,4,1.00088,-36.61375
-110.0,85.0,5,0.97681,-17.27028
-110.0,85.0,6,1.0286,-11.15109
-110.0,90.0,0,0.9861,-17.97756
-110.0,90.0,1,0.8888,-20.48733
-110.0,90.0,2,1.06575,-35.72066
-110.0,90.0,3,1.04172,-20.61506
-110.0,90.0,4,0.98732,-36.56806
-110.0,90.0,5,0.9655,-15.60116
-110.0,90.0,6,1.04642,-12.08472
-110.0,95.0,0,0.97283,-20.83583
-110.0,95.0,1,0.88632,-22.06184
-110.0,95.0,2,1.08354,-37.697
-110.0,95.0,3,1.035,-22.29753
-110.0,95.0,4,0.96255,-37.6779
-110.0,95.0,5,0.97783,-14.43566
-110.0,95.0,6,1.07266,-10.43662
-110.0,100.0,0,0.95599,-21.1666
-110.0,100.0,1,0.8854,-21.64398
-110.0,100.0,2,1.09335,-37.5164
-110.0,100.0,3,1.02112,-23.70479
-110.0,100.0,4,0.93476,-36.20555
-110.0,100.0,5,1.00056,-13.9063
-110.0,100.0,6,1.08175,-9.91399
-110.0,105.0,0,0.94372,-21.6807
-110.0,105.0,1,0.88064,-22.54376
-110.0,105.0,2,1.08873,-39.00187
-110.0,105.0,3,0.99239,-22.87648
-110.0,105.0,4,0.92558,-34.73355
-110.0,105.0,5,1.00838,-13.34134
-110.0,105.0,6,1.06732,-8.65947
-110.0,110.0,0,0.92673,-23.26089
-110.0,110.0,1,0.87912,-24.90826
-110.0,110.0,2,1.08741,-40.23412
-110.0,110.0,3,0.97163,-22.85067
-110.0,110.0,4,0.91464,-36.7039
-110.0,110.0,5,1.01221,-12.35508
-110.0,110.0,6,1.03205,-8.48088
-110.0,115.0,0,0.91205,-24.1026
-110.0,115.0,1,0.87579,-23.45498
-110.0,115.0,2,1.0704,-37.90923
-110.0,115.0,3,0.94634,-22.12255
-110.0,115.0,4,0.92977,-35.12145
-110.0,115.0,5,1.01025,-14.19059
-110.0,115.0,6,0.99412,-6.74427
-110.0,120.0,0,0.8927,-23.25575
-110.0,120.0,1,0.87774,-23.96849
-110.0,120.0,2,1.05351,-38.27004
-110.0,120.0,3,0.91189,-24.58968
-110.0,120.0,4,0.92594,-34.39613
-110.0,120.0,5,0.99364,-11.80268
-110.0,120.0,6,0.96393,-8.90821
-110.0,125.0,0,0.88032,-25.06849
-110.0,125.0,1,0.86234,-27.32414
-110.0,125.0,2,1.02914,-41.29284
-110.0,125.0,3,0.87862,-21.70703
-110.0,125.0,4,0.93099,-34.52333
-110.0,125.0,5,0.95004,-11.23104
-110.0,125.0,6,0.93692,-5.31331
-110.0,130.0,0,0.84826,-27.87699
-110.0,130.0,1,0.8523,-27.36088
-110.0,130.0,2,0.99397,-41.00676
-110.0,130.0,3,0.86651,-20.63051
-110.0,130.0,4,0.92266,-33.7437
-110.0,130.0,5,0.91286,-8.81554
-110.0,130.0,6,0.91531,-4.32462
-110.0,135.0,0,0.82232,-26.16024
-110.0,135.0,1,0.83508,-26.78637
-110.0,135.0,2,0.95746,-40.89151
-110.0,135.0,3,0.85059,-21.9504
-110.0,135.0,4,0.91257,-32.76886
-110.0,135.0,5,0.85336,-10.20177
-110.0,135.0,6,0.92659,-3.0495
-110.0,140.0,0,0.7916,-28.09789
-110.0,140.0,1,0.81811,-26.47043
-110.0,140.0,2,0.91229,-40.76864
-110.0,140.0,3,0.85467,-22.38336
-110.0,140.0,4,0.87276,-33.5858
-110.0,140.0,5,0.82674,-8.78122
-110.0,140.0,6,0.93159,-2.47706
-110.0,145.0,0,0.76507,-28.61872
-110.0,145.0,1,0.79054,-30.55263
-110.0,145.0,2,0.88101,-41.02881
-110.0,145.0,3,0.83043,-20.39347
-110.0,145.0,4,0.83295,-34.39543
-110.0,145.0,5,0.80546,-6.07115
-110.0,145.0,6,0.91891,-1.47788
-110.0,150.0,0,0.73666,-31.00868
-110.0,150.0,1,0.75705,-27.15754
-110.0,150.0,2,0.84191,-43.65764
-110.0,150.0,3,0.82484,-23.14744
-110.0,150.0,4,0.77397,-31.53474
-110.0,150.0,5,0.78655,-7.66084
-110.0,150.0,6,0.8842,-0.36945
-110.0,155.0,0,0.71545,-30.87158
-110.0,155.0,1,0.72815,-26.2428
-110.0,155.0,2,0.80742,-40.01575
-110.0,155.0,3,0.80512,-20.43357
-110.0,155.0,4,0.73716,-30.78327
-110.0,155.0,5,0.77511,-8.33682
-110.0,155.0,6,0.8439,-1.76657
-110.0,160.0,0,0.68729,-31.02256
-110.0,160.0,1,0.70083,-30.08656
-110.0,160.0,2,0.76835,-40.7767
-110.0,160.0,3,0.77026,-20.17848
-110.0,160.0,4,0.68857,-29.75857
-110.0,160.0,5,0.77301,-5.43109
-110.0,160.0,6,0.77138,-0.45326
-110.0,165.0,0,0.66034,-30.69092
-110.0,165.0,1,0.6476,-30.50401
-110.0,165.0,2,0.74475,-39.87912
-110.0,165.0,3,0.74301,-20.6307
-110.0,165.0,4,0.63626,-28.6778
-110.0,165.0,5,0.75292,-4.79031
-110.0,165.0,6,0.71935,-0.38818
-110.0,170.0,0,0.63118,-32.29096
-110.0,170.0,1,0.61225,-31.23326
-110.0,170.0,2,0.7091,-41.17352
-110.0,170.0,3,0.70707,-16.91986
-110.0,170.0,4,0.61657,-28.88195
-110.0,170.0,5,0.7181,-4.28023
-110.0,170.0,6,0.67389,-1.96461
-110.0,175.0,0,0.60785,-33.39565
-110.0,175.0,1,0.56851,-30.80804
-110.0,175.0,2,0.69102,-40.60489
-110.0,175.0,3,0.64505,-19.43816
-110.0,175.0,4,0.59851,-26.95888
-110.0,175.0,5,0.65855,-2.69682
-110.0,175.0,6,0.66399,2.40209
-110.0,180.0,0,0.58158,-33.0973
-110.0,180.0,1,0.52585,-30.37616
-110.0,180.0,2,0.67828,-40.44676
-110.0,180.0,3,0.59303,-17.51945
-110.0,180.0,4,0.58527,-26.47851
-110.0,180.0,5,0.60487,-2.04378
-110.0,180.0,6,0.63392,4.2886
-105.0,0.0,0,0.58708,-13.99107
-105.0,0.0,1,0.50747,-5.10836
-105.0,0.0,2,0.66339,-22.87017
-105.0,0.0,3,0.62146,-8.49518
-105.0,0.0,4,0.58082,-27.51097
-105.0,0.0,5,0.58122,-14.88559
-105.0,0.0,6,0.66923,-15.52719
-105.0,5.0,0,0.62113,-11.26244
-105.0,5.0,1,0.56572,-8.94176
-105.0,5.0,2,0.71977,-22.30027
-105.0,5.0,3,0.67852,-9.84048
-105.0,5.0,4,0.63439,-28.41592
-105.0,5.0,5,0.63486,-14.4858
-105.0,5.0,6,0.72124,-13.75647
-105.0,10.0,0,0.67012,-10.97086
-105.0,10.0,1,0.61611,-8.42376
-105.0,10.0,2,0.76749,-25.93455
-105.0,10.0,3,0.71806,-10.48332
-105.0,10.0,4,0.68575,-30.43734
-105.0,10.0,5,0.69124,-12.74259
-105.0,10.0,6,0.77777,-15.25308
-105.0,15.0,0,0.6969,-13.19937
-105.0,15.0,1,0.65163,-9.59978
-105.0,15.0,2,0.80191,-24.78291
-105.0,15.0,3,0.76376,-12.1689
-105.0,15.0,4,0.72797,-28.53038
-105.0,15.0,5,0.72551,-12.95669
-105.0,15.0,6,0.80555,-14.92297
-105.0,20.0,0,0.74035,-11.66604
-105.0,20.0,1,0.69198,-9.70555
-105.0,20.0,2,0.84428,-26.29032
-105.0,20.0,3,0.79491,-11.25741
-105.0,20.0,4,0.74845,-31.5756
-105.0,20.0,5,0.74748,-15.74098
-105.0,20.0,6,0.81323,-16.18696
-105.0,25.0,0,0.7812,-13.64659
-105.0,25.0,1,0.72739,-11.12431
-105.0,25.0,2,0.86341,-25.9104
-105.0,25.0,3,0.82134,-11.17751
-105.0,25.0,4,0.76441,-31.80123
-105.0,25.0,5,0.75748,-15.33039
-105.0,25.0,6,0.82032,-16.41144
-105.0,30.0,0,0.82234,-13.26602
-105.0,30.0,1,0.75367,-11.18898
-105.0,30.0,2,0.89482,-25.88576
-105.0,30.0,3,0.82706,-13.80434
-105.0,30.0,4,0.78779,-33.51906
-105.0,30.0,5,0.75826,-15.10053
-105.0,30.0,6,0.82641,-15.97561
-105.0,35.0,0,0.84679,-13.46617
-105.0,35.0,1,0.78242,-12.52148
-105.0,35.0,2,0.91758,-27.47527
-105.0,35.0,3,0.85811,-14.42628
-105.0,35.0,4,0.79023,-32.97135
-105.0,35.0,5,0.77856,-14.91251
-105.0,35.0,6,0.85358,-17.30127
-105.0,40.0,0,0.89016,-15.90329
-105.0,40.0,1,0.80069,-12.73313
-105.0,40.0,2,0.94219,-27.418
-105.0,40.0,3,0.86174,-14.09929
-105.0,40.0,4,0.80321,-31.78311
-105.0,40.0,5,0.79509,-14.62758
-105.0,40.0,6,0.9018,-15.44104
-105.0,45.0,0,0.89831,-13.3907
-105.0,45.0,1,0.8313,-13.90231
-105.0,45.0,2,0.94028,-29.86315
-105.0,45.0,3,0.87232,-15.71018
-105.0,45.0,4,0.82425,-33.34486
-105.0,45.0,5,0.83119,-14.23619
-105.0,45.0,6,0.94887,-15.17867
-105.0,50.0,0,0.93243,-15.93279
-105.0,50.0,1,0.84609,-13.58112
-105.0,50.0,2,0.95974,-31.16994
-105.0,50.0,3,0.87893,-15.06453
-105.0,50.0,4,0.8524,-32.00066
-105.0,50.0,5,0.88258,-16.69465
-105.0,50.0,6,1.00131,-15.26143
-105.0,55.0,0,0.94439,-15.59543
-105.0,55.0,1,0.85623,-16.1542
-105.0,55.0,2,0.96777,-30.50424
-105.0,55.0,3,0.91258,-18.29942
-105.0,55.0,4,0.89219,-34.63621
-105.0,55.0,5,0.92184,-15.10275
-105.0,55.0,6,1.03498,-13.03496
-105.0,60.0,0,0.96962,-15.06304
-105.0,60.0,1,0.85963,-16.19404
-105.0,60.0,2,0.97571,-31.2507
-105.0,60.0,3,0.92804,-17.04168
-105.0,60.0,4,0.92409,-34.52227
-105.0,60.0,5,0.96045,-15.72149
-105.0,60.0,6,1.05231,-13.32866
-105.0,65.0,0,0.97856,-17.53322
-105.0,65.0,1,0.87408,-15.41191
-105.0,65.0,2,0.98332,-30.58697
-105.0,65.0,3,0.95976,-18.13119
-105.0,65.0,4,0.96319,-33.93743
-105.0,65.0,5,0.98387,-16.19845
-105.0,65.0,6,1.04729,-11.27837
-105.0,70.0,0,0.99405,-16.70312
-105.0,70.0,1,0.87347,-17.36991
-105.0,70.0,2,1.00272,-31.86474
-105.0,70.0,3,1.00098,-18.57469
-105.0,70.0,4,0.9886,-35.30986
-105.0,70.0,5,0.98949,-14.60166
-105.0,70.0,6,1.02785,-12.76843
-105.0,75.0,0,0.98265,-17.2338
-105.0,75.0,1,0.86963,-16.97225
-105.0,75.0,2,1.01409,-35.85214
-105.0,75.0,3,1.01179,-17.94116
-105.0,75.0,4,1.00899,-34.84411
-105.0,75.0,5,0.9832,-15.12698
-105.0,75.0,6,1.02066,-11.01351
-105.0,80.0,0,0.99295,-17.7337
-105.0,80.0,1,0.8752,-17.37481
-105.0,80.0,2,1.03854,-35.22377
-105.0,80.0,3,1.04241,-20.50253
-105.0,80.0,4,1.01145,-33.49353
-105.0,80.0,5,0.96528,-15.13216
-105.0,80.0,6,1.02574,-9.96769
-105.0,85.0,0,0.99093,-19.40929
-105.0,85.0,1,0.88785,-21.82521
-105.0,85.0,2,1.04477,-34.56958
-105.0,85.0,3,1.05459,-19.44008
-105.0,85.0,4,1.00241,-34.9067
-105.0,85.0,5,0.94621,-15.07229
-105.0,85.0,6,1.04108,-9.01767
-105.0,90.0,0,0.98978,-19.85157
-105.0,90.0,1,0.87722,-20.49795
-105.0,90.0,2,1.05456,-36.29088
-105.0,90.0,3,1.05573,-20.80612
-105.0,90.0,4,0.9807,-34.57216
-105.0,90.0,5,0.94099,-13.88884
-105.0,90.0,6,1.06283,-9.4768
-105.0,95.0,0,0.97959,-21.29214
-105.0,95.0,1,0.88013,-20.90454
-105.0,95.0,2,1.08214,-35.14294
-105.0,95.0,3,1.06752,-20.76342
-105.0,95.0,4,0.96483,-35.7381
-105.0,95.0,5,0.94963,-12.91671
-105.0,95.0,6,1.09077,-6.82842
-105.0,100.0,0,0.96601,-23.45214
-105.0,100.0,1,0.88503,-21.61551
-105.0,100.0,2,1.0865,-37.91649
-105.0,100.0,3,1.03653,-21.78119
-105.0,100.0,4,0.9367,-33.58872
-105.0,100.0,5,0.96345,-14.38189
-105.0,100.0,6,1.10178,-7.42116
-105.0,105.0,0,0.94761,-22.52836
-105.0,105.0,1,0.87272,-21.59975
-105.0,105.0,2,1.08234,-37.73627
-105.0,105.0,3,1.00018,-21.33838
-105.0,105.0,4,0.92849,-34.78001
-105.0,105.0,5,0.97553,-13.25399
-105.0,105.0,6,1.09291,-7.78096
-105.0,110.0,0,0.93284,-22.4137
-105.0,110.0,1,0.87918,-23.46448
-105.0,110.0,2,1.07118,-40.37019
-105.0,110.0,3,0.99053,-20.88419
-105.0,110.0,4,0.92144,-34.22844
-105.0,110.0,5,0.99628,-10.89675
-105.0,110.0,6,1.05721,-6.19443
-105.0,115.0,0,0.91435,-24.31253
-105.0,115.0,1,0.86865,-24.06052
-105.0,115.0,2,1.06194,-38.23209
-105.0,115.0,3,0.96049,-22.22319
-105.0,115.0,4,0.93832,-33.281
-105.0,115.0,5,0.97992,-12.22873
-105.0,115.0,6,1.017,-5.72118
-105.0,120.0,0,0.90428,-24.92892
-105.0,120.0,1,0.8614,-26.54714
-105.0,120.0,2,1.04722,-40.95714
-105.0,120.0,3,0.93398,-20.9729
-105.0,120.0,4,0.91495,-33.39148
-105.0,120.0,5,0.96889,-11.20288
-105.0,120.0,6,0.9686,-5.95835
-105.0,125.0,0,0.87392,-25.99423
-105.0,125.0,1,0.85989,-25.25981
-105.0,125.0,2,1.01095,-40.12753
-105.0,125.0,3,0.90645,-21.21854
-105.0,125.0,4,0.92335,-32.08341
-105.0,125.0,5,0.92965,-9.74214
-105.0,125.0,6,0.95674,-4.69675
-105.0,130.0,0,0.8523,-27.87614
-105.0,130.0,1,0.83991,-25.37027
-105.0,130.0,2,0.98299,-40.45056
-105.0,130.0,3,0.88058,-20.91869
-105.0,130.0,4,0.93097,-31.87386
-105.0,130.0,5,0.8805,-7.63059
-105.0,130.0,6,0.95895,-2.01958
-105.0,135.0,0,0.83238,-27.64193
-105.0,135.0,1,0.83168,-26.24174
-105.0,135.0,2,0.95087,-40.61647
-105.0,135.0,3,0.87633,-20.37797
-105.0,135.0,4,0.90468,-32.1568
-105.0,135.0,5,0.8388,-8.34021
-105.0,135.0,6,0.94346,-0.98927
-105.0,140.0,0,0.79543,-27.81859
-105.0,140.0,1,0.79772,-27.18942
-105.0,140.0,2,0.91506,-40.50829
-105.0,140.0,3,0.86954,-20.81144
-105.0,140.0,4,0.87042,-31.23
-105.0,140.0,5,0.8028,-5.87411
-105.0,140.0,6,0.95819,0.02232
-105.0,145.0,0,0.77658,-31.31003
-105.0,145.0,1,0.78276,-26.20842
-105.0,145.0,2,0.85855,-39.95824
-105.0,145.0,3,0.85537,-21.81068
-105.0,145.0,4,0.83344,-30.73793
-105.0,145.0,5,0.7744,-6.46163
-105.0,145.0,6,0.93594,-1.0018
-105.0,150.0,0,0.74012,-28.36024
-105.0,150.0,1,0.75392,-28.45689
-105.0,150.0,2,0.82607,-40.8322
-105.0,150.0,3,0.83645,-19.28455
-105.0,150.0,4,0.78217,-30.1844
-105.0,150.0,5,0.75721,-5.03647
-105.0,150.0,6,0.89824,1.22638
-105.0,155.0,0,0.72969,-29.74863
-105.0,155.0,1,0.72877,-30.23545
-105.0,155.0,2,0.79602,-40.24152
-105.0,155.0,3,0.82901,-19.94379
-105.0,155.0,4,0.72927,-27.49397
-105.0,155.0,5,0.74905,-3.49543
-105.0,155.0,6,0.85289,-0.92501
-105.0,160.0,0,0.6938,-31.90751
-105.0,160.0,1,0.68327,-30.80125
-105.0,160.0,2,0.76059,-41.47809
-105.0,160.0,3,0.79321,-19.91019
-105.0,160.0,4,0.68334,-27.74093
-105.0,160.0,5,0.74686,-3.32277
-105.0,160.0,6,0.78961,2.06369
-105.0,165.0,0,0.6712,-30.87255
-105.0,165.0,1,0.64973,-30.52232
-105.0,165.0,2,0.7331,-39.73231
-105.0,165.0,3,0.76017,-17.29237
-105.0,165.0,4,0.64352,-27.48304
-105.0,165.0,5,0.72434,-1.40089
-105.0,165.0,6,0.73126,3.47512
-105.0,170.0,0,0.64447,-32.83611
-105.0,170.0,1,0.61294,-30.14385
-105.0,170.0,2,0.70064,-41.44507
-105.0,170.0,3,0.71695,-19.02806
-105.0,170.0,4,0.61966,-26.70057
-105.0,170.0,5,0.68011,-0.59755
-105.0,170.0,6,0.69954,1.9563
-105.0,175.0,0,0.60338,-33.22044
-105.0,175.0,1,0.57034,-30.00415
-105.0,175.0,2,0.68872,-38.3514
-105.0,175.0,3,0.67569,-17.69423
-105.0,175.0,4,0.59061,-26.57735
-105.0,175.0,5,0.64476,-1.33243
-105.0,175.0,6,0.67239,3.84077
-105.0,180.0,0,0.58374,-32.66604
-105.0,180.0,1,0.5154,-27.93989
-105.0,180.0,2,0.66387,-39.34341
-105.0,180.0,3,0.61467,-16.33043
-105.0,180.0,4,0.58367,-24.36516
-105.0,180.0,5,0.57673,-0.32871
-105.0,180.0,6,0.6605,3.84106
-100.0,0.0,0,0.6016,-13.03684
-100.0,0.0,1,0.50995,-6.32713
-100.0,0.0,2,0.64933,-18.59268
-100.0,0.0,3,0.63653,-6.09881
-100.0,0.0,4,0.59291,-24.76282
-100.0,0.0,5,0.55041,-8.87991
-100.0,0.0,6,0.66297,-13.01315
-100.0,5.0,0,0.63528,-13.76322
-100.0,5.0,1,0.55633,-8.45788
-100.0,5.0,2,0.69016,-21.66644
-100.0,5.0,3,0.67327,-8.99639
-100.0,5.0,4,0.64317,-26.41734
-100.0,5.0,5,0.60709,-11.0999
-100.0,5.0,6,0.73309,-13.42979
-100.0,10.0,0,0.66783,-12.00711
-100.0,10.0,1,0.59939,-8.499
-100.0,10.0,2,0.74537,-21.23589
-100.0,10.0,3,0.74965,-7.25356
-100.0,10.0,4,0.6959,-26.44645
-100.0,10.0,5,0.66373,-13.41867
-100.0,10.0,6,0.77623,-14.26571
-100.0,15.0,0,0.71024,-12.73523
-100.0,15.0,1,0.64644,-9.42246
-100.0,15.0,2,0.78856,-24.7252
-100.0,15.0,3,0.77755,-9.16126
-100.0,15.0,4,0.73545,-29.62008
-100.0,15.0,5,0.68852,-12.52718
-100.0,15.0,6,0.80966,-12.59754
-100.0,20.0,0,0.75747,-11.28149
-100.0,20.0,1,0.68311,-8.06467
-100.0,20.0,2,0.82236,-22.52212
-100.0,20.0,3,0.8173,-11.16064
-100.0,20.0,4,0.76919,-27.72441
-100.0,20.0,5,0.70866,-12.91017
-100.0,20.0,6,0.82149,-11.60904
-100.0,25.0,0,0.7867,-11.74082
-100.0,25.0,1,0.71646,-10.66453
-100.0,25.0,2,0.86544,-24.33111
-100.0,25.0,3,0.83418,-9.40915
-100.0,25.0,4,0.78587,-29.15038
-100.0,25.0,5,0.72136,-16.11515
-100.0,25.0,6,0.82203,-12.37632
-100.0,30.0,0,0.82421,-12.88253
-100.0,30.0,1,0.75334,-9.08634
-100.0,30.0,2,0.87025,-25.42391
-100.0,30.0,3,0.8515,-11.54956
-100.0,30.0,4,0.79755,-28.76206
-100.0,30.0,5,0.73428,-12.5238
-100.0,30.0,6,0.82688,-12.99655
-100.0,35.0,0,0.84579,-13.6509
-100.0,35.0,1,0.77352,-10.10104
-100.0,35.0,2,0.90629,-27.04519
-100.0,35.0,3,0.86573,-12.36907
-100.0,35.0,4,0.80053,-31.91873
-100.0,35.0,5,0.74524,-14.78581
-100.0,35.0,6,0.85887,-13.8726
-100.0,40.0,0,0.88001,-12.18927
-100.0,40.0,1,0.80843,-10.69651
-100.0,40.0,2,0.9195,-27.65941
-100.0,40.0,3,0.87936,-11.34613
-100.0,40.0,4,0.81991,-30.88229
-100.0,40.0,5,0.76753,-13.96303
-100.0,40.0,6,0.90312,-12.55591
-100.0,45.0,0,0.91282,-13.52592
-100.0,45.0,1,0.82978,-11.83321
-100.0,45.0,2,0.94288,-28.52688
-100.0,45.0,3,0.885,-15.65195
-100.0,45.0,4,0.8367,-31.1499
-100.0,45.0,5,0.80962,-15.48155
-100.0,45.0,6,0.94261,-12.4384
-100.0,50.0,0,0.93404,-16.82743
-100.0,50.0,1,0.83919,-12.72424
-100.0,50.0,2,0.94152,-26.94295
-100.0,50.0,3,0.90844,-15.57329
-100.0,50.0,4,0.86466,-33.26172
-100.0,50.0,5,0.86026,-14.35227
-100.0,50.0,6,0.99683,-11.11274
-100.0,55.0,0,0.95302,-16.69575
-100.0,55.0,1,0.85111,-13.23654
-100.0,55.0,2,0.95692,-31.54856
-100.0,55.0,3,0.9153,-15.00304
-100.0,55.0,4,0.89987,-32.65647
-100.0,55.0,5,0.89966,-13.57166
-100.0,55.0,6,1.03063,-10.7774
-100.0,60.0,0,0.96665,-17.15496
-100.0,60.0,1,0.86928,-15.31943
-100.0,60.0,2,0.96436,-31.24051
-100.0,60.0,3,0.94594,-17.19447
-100.0,60.0,4,0.93452,-31.17176
-100.0,60.0,5,0.94208,-13.17454
-100.0,60.0,6,1.05028,-11.40912
-100.0,65.0,0,0.98238,-15.71096
-100.0,65.0,1,0.87895,-15.14313
-100.0,65.0,2,0.97519,-30.6086
-100.0,65.0,3,0.97631,-17.37405
-100.0,65.0,4,0.97214,-32.90597
-100.0,65.0,5,0.95037,-16.0431
-100.0,65.0,6,1.0335,-9.45813
-100.0,70.0,0,0.99609,-17.07382
-100.0,70.0,1,0.86837,-17.36155
-100.0,70.0,2,0.98628,-32.18442
-100.0,70.0,3,1.00247,-16.03945
-100.0,70.0,4,1.00111,-35.18452
-100.0,70.0,5,0.96,-12.47942
-100.0,70.0,6,1.02771,-8.6163
-100.0,75.0,0,1.00205,-21.21483
-100.0,75.0,1,0.87386,-18.73113
-100.0,75.0,2,1.00531,-32.99643
-100.0,75.0,3,1.03704,-17.89836
-100.0,75.0,4,1.01744,-32.61248
-100.0,75.0,5,0.95918,-12.63269
-100.0,75.0,6,1.01292,-9.05074
-100.0,80.0,0,0.99604,-18.0379
-100.0,80.0,1,0.8737,-18.64691
-100.0,80.0,2,1.01926,-34.69508
-100.0,80.0,3,1.05816,-19.16828
-100.0,80.0,4,1.02043,-32.71822
-100.0,80.0,5,0.92344,-14.06717
-100.0,80.0,6,1.01713,-6.84217
-100.0,85.0,0,0.99949,-20.01871
-100.0,85.0,1,0.87879,-18.2674
-100.0,85.0,2,1.03195,-35.77805
-100.0,85.0,3,1.07708,-19.10331
-100.0,85.0,4,1.01607,-34.48761
-100.0,85.0,5,0.91556,-13.5438
-100.0,85.0,6,1.0428,-6.82214
-100.0,90.0,0,0.99187,-20.05251
-100.0,90.0,1,0.87114,-19.55402
-100.0,90.0,2,1.05332,-36.20471
-100.0,90.0,3,1.07935,-18.48656
-100.0,90.0,4,0.99671,-33.07758
-100.0,90.0,5,0.91,-11.32723
-100.0,90.0,6,1.06726,-6.27834
-100.0,95.0,0,0.97456,-20.69615
-100.0,95.0,1,0.86968,-19.71853
-100.0,95.0,2,1.05508,-36.58321
-100.0,95.0,3,1.07224,-18.65766
-100.0,95.0,4,0.97044,-33.63773
-100.0,95.0,5,0.91907,-10.26721
-100.0,95.0,6,1.08626,-7.33498
-100.0,100.0,0,0.96699,-22.62178
-100.0,100.0,1,0.86415,-22.63968
-100.0,100.0,2,1.07318,-37.35898
-100.0,100.0,3,1.05163,-17.76377
-100.0,100.0,4,0.95901,-30.84407
-100.0,100.0,5,0.93044,-10.9112
-100.0,100.0,6,1.09781,-6.80901
-100.0,105.0,0,0.94547,-23.40769
-100.0,105.0,1,0.86798,-21.73496
-100.0,105.0,2,1.07619,-38.63477
-100.0,105.0,3,1.02593,-19.24146
-100.0,105.0,4,0.94783,-30.68933
-100.0,105.0,5,0.94354,-10.08786
-100.0,105.0,6,1.09502,-5.25641
-100.0,110.0,0,0.93506,-22.7632
-100.0,110.0,1,0.86624,-24.32687
-100.0,110.0,2,1.07373,-37.99106
-100.0,110.0,3,1.00324,-18.95687
-100.0,110.0,4,0.94336,-31.14661
-100.0,110.0,5,0.95826,-9.0494
-100.0,110.0,6,1.05864,-3.33825
-100.0,115.0,0,0.91323,-24.61848
-100.0,115.0,1,0.85947,-24.56352
-100.0,115.0,2,1.05312,-38.09917
-100.0,115.0,3,0.97795,-19.61128
-100.0,115.0,4,0.93955,-29.73473
-100.0,115.0,5,0.94732,-7.69442
-100.0,115.0,6,1.02513,-3.23757
-100.0,120.0,0,0.90007,-25.87556
-100.0,120.0,1,0.8629,-25.2329
-100.0,120.0,2,1.02973,-38.42124
-100.0,120.0,3,0.94859,-18.15
-100.0,120.0,4,0.93849,-30.34733
-100.0,120.0,5,0.93562,-7.90278
-100.0,120.0,6,0.97945,-2.78153
-100.0,125.0,0,0.87663,-26.20933
-100.0,125.0,1,0.85347,-25.44158
-100.0,125.0,2,1.00985,-38.57549
-100.0,125.0,3,0.92473,-19.67595
-100.0,125.0,4,0.94772,-30.16024
-100.0,125.0,5,0.89678,-8.62928
-100.0,125.0,6,0.96381,-2.51869
-100.0,130.0,0,0.85924,-28.59551
-100.0,130.0,1,0.83275,-29.05505
-100.0,130.0,2,0.97118,-38.78203
-100.0,130.0,3,0.90318,-19.96201
-100.0,130.0,4,0.92835,-30.37649
-100.0,130.0,5,0.84811,-8.21802
-100.0,130.0,6,0.94468,-0.74424
-100.0,135.0,0,0.82673,-27.22768
-100.0,135.0,1,0.81807,-24.58235
-100.0,135.0,2,0.93856,-39.86543
-100.0,135.0,3,0.89867,-18.2226
-100.0,135.0,4,0.92312,-29.62005
-100.0,135.0,5,0.79959,-8.07084
-100.0,135.0,6,0.95064,0.30801
-100.0,140.0,0,0.80431,-27.03404
-100.0,140.0,1,0.80789,-28.59269
-100.0,140.0,2,0.89278,-39.0347
-100.0,140.0,3,0.87316,-18.89761
-100.0,140.0,4,0.88409,-30.70104
-100.0,140.0,5,0.76984,-4.43416
-100.0,140.0,6,0.93616,1.70239
-100.0,145.0,0,0.77855,-30.21369
-100.0,145.0,1,0.77335,-28.58091
-100.0,145.0,2,0.86266,-38.96714
-100.0,145.0,3,0.8681,-18.73616
-100.0,145.0,4,0.83937,-28.696
-100.0,145.0,5,0.73893,-4.04425
-100.0,145.0,6,0.9296,2.26063
-100.0,150.0,0,0.75892,-30.93373
-100.0,150.0,1,0.75465,-27.75996
-100.0,150.0,2,0.81272,-41.16877
-100.0,150.0,3,0.86142,-18.39192
-100.0,150.0,4,0.7926,-26.64435
-100.0,150.0,5,0.72594,-3.97798
-100.0,150.0,6,0.89757,1.82164
-100.0,155.0,0,0.72736,-31.94898
-100.0,155.0,1,0.72843,-29.10208
-100.0,155.0,2,0.78597,-40.64734
-100.0,155.0,3,0.83625,-18.03915
-100.0,155.0,4,0.7388,-26.52172
-100.0,155.0,5,0.7197,-3.28834
-100.0,155.0,6,0.85269,2.88327
-100.0,160.0,0,0.70394,-30.91039
-100.0,160.0,1,0.68917,-27.38121
-100.0,160.0,2,0.74549,-38.44611
-100.0,160.0,3,0.80965,-19.28055
-100.0,160.0,4,0.69547,-24.51562
-100.0,160.0,5,0.70765,-0.01505
-100.0,160.0,6,0.78251,5.27089
-100.0,165.0,0,0.67569,-33.07725
-100.0,165.0,1,0.63423,-28.43636
-100.0,165.0,2,0.72219,-39.09861
-100.0,165.0,3,0.7831,-17.96058
-100.0,165.0,4,0.66766,-24.80879
-100.0,165.0,5,0.68841,1.22652
-100.0,165.0,6,0.73546,5.53983
-100.0,170.0,0,0.64969,-34.09379
-100.0,170.0,1,0.59873,-29.51597
-100.0,170.0,2,0.68813,-39.63285
-100.0,170.0,3,0.74308,-17.74615
-100.0,170.0,4,0.62938,-25.50358
-100.0,170.0,5,0.66131,-1.29958
-100.0,170.0,6,0.69096,5.56665
-100.0,175.0,0,0.62755,-34.77875
-100.0,175.0,1,0.55017,-30.58693
-100.0,175.0,2,0.67458,-38.33925
-100.0,175.0,3,0.68726,-15.83255
-100.0,175.0,4,0.60172,-23.80148
-100.0,175.0,5,0.60679,0.00337
-100.0,175.0,6,0.6803,7.38219
-100.0,180.0,0,0.58696,-34.15338
-100.0,180.0,1,0.50371,-30.81439
-100.0,180.0,2,0.65623,-40.13916
-100.0,180.0,3,0.63101,-14.36861
-100.0,180.0,4,0.58219,-24.09883
-100.0,180.0,5,0.55338,0.96444
-100.0,180.0,6,0.66166,5.864
-95.0,0.0,0,0.59546,-13.9235
-95.0,0.0,1,0.51206,-7.12936
-95.0,0.0,2,0.63523,-19.25452
-95.0,0.0,3,0.64372,-6.34616
-95.0,0.0,4,0.61432,-23.84128
-95.0,0.0,5,0.52685,-11.29618
-95.0,0.0,6,0.64751,-13.13936
-95.0,5.0,0,0.62642,-12.04133
-95.0,5.0,1,0.56344,-7.66012
-95.0,5.0,2,0.67973,-19.67768
-95.0,5.0,3,0.69134,-6.23802
-95.0,5.0,4,0.66646,-24.23141
-95.0,5.0,5,0.58725,-10.82727
-95.0,5.0,6,0.71041,-10.71219
-95.0,10.0,0,0.67786,-13.32962
-95.0,10.0,1,0.59994,-9.07746
-95.0,10.0,2,0.72948,-22.02887
-95.0,10.0,3,0.7492,-7.22342
-95.0,10.0,4,0.71666,-25.2735
-95.0,10.0,5,0.63987,-9.89057
-95.0,10.0,6,0.75264,-11.90226
-95.0,15.0,0,0.72508,-13.15231
-95.0,15.0,1,0.63671,-8.11699
-95.0,15.0,2,0.76487,-23.06781
-95.0,15.0,3,0.79178,-8.00685
-95.0,15.0,4,0.75654,-25.47116
-95.0,15.0,5,0.67605,-11.78826
-95.0,15.0,6,0.77695,-12.14061
-95.0,20.0,0,0.75165,-12.89263
-95.0,20.0,1,0.68604,-8.99985
-95.0,20.0,2,0.80644,-24.91491
-95.0,20.0,3,0.82174,-9.46373
-95.0,20.0,4,0.78827,-28.14008
-95.0,20.0,5,0.68772,-11.56622
-95.0,20.0,6,0.79995,-10.58473
-95.0,25.0,0,0.7968,-13.43179
-95.0,25.0,1,0.72194,-11.30935
-95.0,25.0,2,0.84841,-24.39866
-95.0,25.0,3,0.85557,-8.58009
-95.0,25.0,4,0.80972,-28.14808
-95.0,25.0,5,0.7151,-10.82521
-95.0,25.0,6,0.80136,-11.74532
-95.0,30.0,0,0.83135,-16.00782
-95.0,30.0,1,0.75778,-9.62542
-95.0,30.0,2,0.87013,-23.56468
-95.0,30.0,3,0.86927,-9.77457
-95.0,30.0,4,0.81237,-27.66555
-95.0,30.0,5,0.70252,-12.69731
-95.0,30.0,6,0.81082,-11.55678
-95.0,35.0,0,0.85539,-14.43816
-95.0,35.0,1,0.77012,-9.2276
-95.0,35.0,2,0.88645,-26.63373
-95.0,35.0,3,0.88725,-12.49334
-95.0,35.0,4,0.81325,-28.55038
-95.0,35.0,5,0.72006,-10.74417
-95.0,35.0,6,0.83432,-12.32174
-95.0,40.0,0,0.89199,-14.95092
-95.0,40.0,1,0.80903,-11.21994
-95.0,40.0,2,0.90187,-27.28385
-95.0,40.0,3,0.89006,-12.19196
-95.0,40.0,4,0.83834,-28.76991
-95.0,40.0,5,0.74014,-11.6287
-95.0,40.0,6,0.88009,-11.58729
-95.0,45.0,0,0.91063,-14.39781
-95.0,45.0,1,0.82501,-11.3216
-95.0,45.0,2,0.92738,-27.54316
-95.0,45.0,3,0.89598,-12.26305
-95.0,45.0,4,0.85443,-29.07628
-95.0,45.0,5,0.78655,-11.77599
-95.0,45.0,6,0.93038,-9.99876
-95.0,50.0,0,0.94221,-16.79708
-95.0,50.0,1,0.84604,-13.68156
-95.0,50.0,2,0.92649,-28.96516
-95.0,50.0,3,0.91421,-13.61411
-95.0,50.0,4,0.87675,-28.2937
-95.0,50.0,5,0.82962,-12.15065
-95.0,50.0,6,0.97664,-8.58327
-95.0,55.0,0,0.96442,-15.93063
-95.0,55.0,1,0.85363,-16.38436
-95.0,55.0,2,0.94193,-29.331
-95.0,55.0,3,0.93052,-14.89906
-95.0,55.0,4,0.92279,-31.94211
-95.0,55.0,5,0.8743,-12.60541
-95.0,55.0,6,1.01512,-10.94625
-95.0,60.0,0,0.97777,-17.32543
-95.0,60.0,1,0.85141,-13.44186
-95.0,60.0,2,0.95272,-30.90482
-95.0,60.0,3,0.95655,-13.08203
-95.0,60.0,4,0.96141,-31.16247
-95.0,60.0,5,0.90417,-12.51556
-95.0,60.0,6,1.02814,-7.79406
-95.0,65.0,0,0.98581,-18.60938
-95.0,65.0,1,0.85877,-17.35466
-95.0,65.0,2,0.96056,-30.84427
-95.0,65.0,3,0.99094,-12.92749
-95.0,65.0,4,1.00344,-31.2285
-95.0,65.0,5,0.92826,-12.92411
-95.0,65.0,6,1.00967,-6.33748
-95.0,70.0,0,0.99709,-19.85049
-95.0,70.0,1,0.86964,-18.5548
-95.0,70.0,2,0.97022,-31.56104
-95.0,70.0,3,1.01132,-16.31396
-95.0,70.0,4,1.02833,-31.57885
-95.0,70.0,5,0.93952,-13.22853
-95.0,70.0,6,1.00374,-5.94981
-95.0,75.0,0,0.99519,-20.08083
-95.0,75.0,1,0.86829,-17.77929
-95.0,75.0,2,0.98764,-31.44712
-95.0,75.0,3,1.0451,-16.08764
-95.0,75.0,4,1.03818,-30.95448
-95.0,75.0,5,0.92857,-12.0174
-95.0,75.0,6,0.99317,-8.16987
-95.0,80.0,0,1.00153,-19.64501
-95.0,80.0,1,0.86664,-19.2601
-95.0,80.0,2,0.99913,-32.50773
-95.0,80.0,3,1.06241,-15.87939
-95.0,80.0,4,1.03941,-31.96
-95.0,80.0,5,0.91151,-11.5465
-95.0,80.0,6,1.00399,-8.55158
-95.0,85.0,0,0.99955,-21.08336
-95.0,85.0,1,0.86809,-18.692
-95.0,85.0,2,1.00964,-31.70227
-95.0,85.0,3,1.07824,-14.60622
-95.0,85.0,4,1.0367,-30.94638
-95.0,85.0,5,0.88529,-8.56531
-95.0,85.0,6,1.01995,-4.38181
-95.0,90.0,0,0.98631,-23.10218
-95.0,90.0,1,0.86835,-19.23034
-95.0,90.0,2,1.03901,-33.25598
-95.0,90.0,3,1.08135,-18.79608
-95.0,90.0,4,1.01785,-32.11317
-95.0,90.0,5,0.88719,-7.75567
-95.0,90.0,6,1.04169,-4.46969
-95.0,95.0,0,0.98711,-22.10077
-95.0,95.0,1,0.87219,-20.05943
-95.0,95.0,2,1.0475,-33.5635
-95.0,95.0,3,1.08544,-18.71684
-95.0,95.0,4,1.00003,-30.79914
-95.0,95.0,5,0.89247,-10.10867
-95.0,95.0,6,1.0721,-4.10988
-95.0,100.0,0,0.97057,-23.76125
-95.0,100.0,1,0.87555,-21.69099
-95.0,100.0,2,1.05272,-33.1278
-95.0,100.0,3,1.06735,-17.24026
-95.0,100.0,4,0.97423,-30.76789
-95.0,100.0,5,0.903,-8.03029
-95.0,100.0,6,1.07882,-4.09449
-95.0,105.0,0,0.96031,-21.93577
-95.0,105.0,1,0.87012,-22.0664
-95.0,105.0,2,1.05302,-36.79578
-95.0,105.0,3,1.04552,-17.19804
-95.0,105.0,4,0.96172,-29.5685
-95.0,105.0,5,0.92029,-8.55364
-95.0,105.0,6,1.06688,-1.28613
-95.0,110.0,0,0.94226,-23.59027
-95.0,110.0,1,0.86107,-21.76559
-95.0,110.0,2,1.05699,-37.02975
-95.0,110.0,3,1.01678,-17.42767
-95.0,110.0,4,0.95222,-30.58919
-95.0,110.0,5,0.93212,-6.94798
-95.0,110.0,6,1.03834,-2.53104
-95.0,115.0,0,0.92277,-24.72089
-95.0,115.0,1,0.85968,-23.78959
-95.0,115.0,2,1.04135,-37.08899
-95.0,115.0,3,0.99104,-18.1169
-95.0,115.0,4,0.95642,-30.5545
-95.0,115.0,5,0.9191,-7.19756
-95.0,115.0,6,0.98394,0.02348
-95.0,120.0,0,0.91019,-25.73627
-95.0,120.0,1,0.86282,-22.16986
-95.0,120.0,2,1.00769,-37.67113
-95.0,120.0,3,0.96208,-18.44731
-95.0,120.0,4,0.96032,-28.32099
-95.0,120.0,5,0.91155,-7.48543
-95.0,120.0,6,0.96334,-0.75216
-95.0,125.0,0,0.88582,-26.44369
-95.0,125.0,1,0.84037,-23.24853
-95.0,125.0,2,0.99212,-37.49337
-95.0,125.0,3,0.93802,-18.38039
-95.0,125.0,4,0.9657,-28.30994
-95.0,125.0,5,0.86148,-6.56622
-95.0,125.0,6,0.93728,-0.14184
-95.0,130.0,0,0.86439,-28.01113
-95.0,130.0,1,0.84082,-27.3726
-95.0,130.0,2,0.9561,-38.1698
-95.0,130.0,3,0.91648,-17.80012
-95.0,130.0,4,0.95595,-28.09215
-95.0,130.0,5,0.82978,-5.17329
-95.0,130.0,6,0.93216,1.75256
-95.0,135.0,0,0.83442,-27.97639
-95.0,135.0,1,0.81461,-25.12588
-95.0,135.0,2,0.91644,-38.37458
-95.0,135.0,3,0.90088,-17.40824
-95.0,135.0,4,0.93399,-28.4187
-95.0,135.0,5,0.78403,-4.48521
-95.0,135.0,6,0.9266,2.36873
-95.0,140.0,0,0.81021,-30.20111
-95.0,140.0,1,0.79798,-27.24743
-95.0,140.0,2,0.87235,-39.82372
-95.0,140.0,3,0.90268,-17.6806
-95.0,140.0,4,0.91048,-27.11208
-95.0,140.0,5,0.74891,-2.95349
-95.0,140.0,6,0.93177,3.53559
-95.0,145.0,0,0.78763,-31.45014
-95.0,145.0,1,0.78342,-27.49953
-95.0,145.0,2,0.83875,-38.3681
-95.0,145.0,3,0.88017,-17.40425
-95.0,145.0,4,0.86993,-27.58841
-95.0,145.0,5,0.71096,-2.5503
-95.0,145.0,6,0.9019,3.97985
-95.0,150.0,0,0.76605,-29.44614
-95.0,150.0,1,0.74529,-27.35409
-95.0,150.0,2,0.79467,-38.4997
-95.0,150.0,3,0.87289,-17.63437
-95.0,150.0,4,0.82197,-25.78089
-95.0,150.0,5,0.72084,-1.96091
-95.0,150.0,6,0.8746,6.29516
-95.0,155.0,0,0.73761,-31.02485
-95.0,155.0,1,0.71482,-27.93102
-95.0,155.0,2,0.76269,-37.23823
-95.0,155.0,3,0.85144,-17.20549
-95.0,155.0,4,0.75978,-26.70404
-95.0,155.0,5,0.69786,-0.48593
-95.0,155.0,6,0.82947,6.88903
-95.0,160.0,0,0.70377,-30.99293
-95.0,160.0,1,0.6727,-28.48164
-95.0,160.0,2,0.73647,-39.16489
-95.0,160.0,3,0.82411,-15.26363
-95.0,160.0,4,0.71443,-24.30151
-95.0,160.0,5,0.69642,-0.77909
-95.0,160.0,6,0.77347,6.47679
-95.0,165.0,0,0.67153,-32.47885
-95.0,165.0,1,0.64649,-28.84133
-95.0,165.0,2,0.70658,-38.04723
-95.0,165.0,3,0.78937,-15.41332
-95.0,165.0,4,0.68287,-22.94977
-95.0,165.0,5,0.67073,-0.55048
-95.0,165.0,6,0.70753,6.96543
-95.0,170.0,0,0.65679,-32.92535
-95.0,170.0,1,0.60974,-28.42931
-95.0,170.0,2,0.68198,-38.65906
-95.0,170.0,3,0.75315,-16.32945
-95.0,170.0,4,0.65179,-23.05965
-95.0,170.0,5,0.6331,3.05151
-95.0,170.0,6,0.67843,8.427
-95.0,175.0,0,0.62175,-35.40621
-95.0,175.0,1,0.55011,-31.59079
-95.0,175.0,2,0.65065,-37.82
-95.0,175.0,3,0.70565,-15.52
-95.0,175.0,4,0.6362,-20.25173
-95.0,175.0,5,0.5919,4.62252
-95.0,175.0,6,0.65404,8.1859
-95.0,180.0,0,0.59679,-33.5195
-95.0,180.0,1,0.5139,-29.00958
-95.0,180.0,2,0.64024,-38.68882
-95.0,180.0,3,0.65105,-15.73066
-95.0,180.0,4,0.62254,-19.87966
-95.0,180.0,5,0.5405,2.88013
-95.0,180.0,6,0.64237,8.28382
-90.0,0.0,0,0.59353,-15.16381
-90.0,0.0,1,0.5147,-6.41811
-90.0,0.0,2,0.6201,-20.78677
-90.0,0.0,3,0.65151,-1.51437
-90.0,0.0,4,0.64156,-21.06213
-90.0,0.0,5,0.51493,-6.1483
-90.0,0.0,6,0.61062,-8.9258
-90.0,5.0,0,0.6444,-13.1212
-90.0,5.0,1,0.55942,-6.73047
-90.0,5.0,2,0.66716,-20.79017
-90.0,5.0,3,0.69677,-3.50791
-90.0,5.0,4,0.70109,-22.74158
-90.0,5.0,5,0.57768,-8.26895
-90.0,5.0,6,0.67231,-7.7224
-90.0,10.0,0,0.68532,-13.48576
-90.0,10.0,1,0.60562,-6.32173
-90.0,10.0,2,0.7071,-20.90971
-90.0,10.0,3,0.75724,-4.78954
-90.0,10.0,4,0.74473,-22.91652
-90.0,10.0,5,0.62211,-9.26831
-90.0,10.0,6,0.71921,-9.00996
-90.0,15.0,0,0.7326,-13.17795
-90.0,15.0,1,0.64431,-6.0303
-90.0,15.0,2,0.75617,-21.46905
-90.0,15.0,3,0.79333,-5.72977
-90.0,15.0,4,0.78534,-23.31237
-90.0,15.0,5,0.65713,-9.79937
-90.0,15.0,6,0.74867,-10.74131
-90.0,20.0,0,0.77138,-14.08332
-90.0,20.0,1,0.67946,-7.57669
-90.0,20.0,2,0.79864,-21.45149
-90.0,20.0,3,0.82685,-8.1874
-90.0,20.0,4,0.81139,-25.38429
-90.0,20.0,5,0.67479,-9.14915
-90.0,20.0,6,0.76594,-10.00679
-90.0,25.0,0,0.79662,-14.35959
-90.0,25.0,1,0.72207,-10.89086
-90.0,25.0,2,0.83135,-22.77899
-90.0,25.0,3,0.85186,-8.66682
-90.0,25.0,4,0.82824,-23.44488
-90.0,25.0,5,0.69412,-9.56278
-90.0,25.0,6,0.77002,-10.2214
-90.0,30.0,0,0.84074,-14.05067
-90.0,30.0,1,0.76311,-7.27542
-90.0,30.0,2,0.85812,-23.28208
-90.0,30.0,3,0.86849,-7.9505
-90.0,30.0,4,0.84416,-27.33095
-90.0,30.0,5,0.6929,-8.83492
-90.0,30.0,6,0.77295,-8.61532
-90.0,35.0,0,0.86802,-14.16038
-90.0,35.0,1,0.77724,-9.58846
-90.0,35.0,2,0.88275,-22.93921
-90.0,35.0,3,0.88146,-9.22242
-90.0,35.0,4,0.8502,-28.02647
-90.0,35.0,5,0.70572,-9.69224
-90.0,35.0,6,0.80264,-7.77505
-90.0,40.0,0,0.89347,-14.12302
-90.0,40.0,1,0.80139,-11.40058
-90.0,40.0,2,0.89595,-27.14427
-90.0,40.0,3,0.88206,-8.18873
-90.0,40.0,4,0.86246,-26.24972
-90.0,40.0,5,0.73741,-10.3845
-90.0,40.0,6,0.8358,-10.06536
-90.0,45.0,0,0.924,-16.30829
-90.0,45.0,1,0.82072,-11.42959
-90.0,45.0,2,0.90267,-26.20228
-90.0,45.0,3,0.91217,-10.56818
-90.0,45.0,4,0.88423,-27.64691
-90.0,45.0,5,0.78193,-8.44635
-90.0,45.0,6,0.89007,-7.50454
-90.0,50.0,0,0.94529,-16.21167
-90.0,50.0,1,0.83207,-10.6729
-90.0,50.0,2,0.91569,-29.23936
-90.0,50.0,3,0.92435,-9.76928
-90.0,50.0,4,0.9126,-27.9121
-90.0,50.0,5,0.82048,-8.76879
-90.0,50.0,6,0.9396,-7.05986
-90.0,55.0,0,0.95793,-15.15004
-90.0,55.0,1,0.84257,-13.64038
-90.0,55.0,2,0.92418,-26.93208
-90.0,55.0,3,0.93439,-12.89278
-90.0,55.0,4,0.95538,-28.83549
-90.0,55.0,5,0.8606,-10.15445
-90.0,55.0,6,0.9806,-6.31072
-90.0,60.0,0,0.98626,-16.51301
-90.0,60.0,1,0.85448,-13.62845
-90.0,60.0,2,0.93572,-29.92217
-90.0,60.0,3,0.95883,-12.86205
-90.0,60.0,4,0.99477,-28.78897
-90.0,60.0,5,0.90153,-9.46186
-90.0,60.0,6,0.99308,-5.84476
-90.0,65.0,0,0.98823,-20.42607
-90.0,65.0,1,0.86625,-17.00255
-90.0,65.0,2,0.94484,-29.14485
-90.0,65.0,3,0.99332,-14.45759
-90.0,65.0,4,1.02438,-28.0143
-90.0,65.0,5,0.92605,-8.05467
-90.0,65.0,6,0.98141,-6.45268
-90.0,70.0,0,1.00041,-18.29579
-90.0,70.0,1,0.87121,-14.88794
-90.0,70.0,2,0.95723,-28.57727
-90.0,70.0,3,1.0222,-15.10234
-90.0,70.0,4,1.05726,-30.15657
-90.0,70.0,5,0.92038,-9.47575
-90.0,70.0,6,0.97003,-5.43926
-90.0,75.0,0,1.00658,-19.76007
-90.0,75.0,1,0.86454,-15.89489
-90.0,75.0,2,0.97336,-31.33554
-90.0,75.0,3,1.04277,-14.4265
-90.0,75.0,4,1.06154,-30.28437
-90.0,75.0,5,0.92194,-8.06982
-90.0,75.0,6,0.96018,-3.08442
-90.0,80.0,0,1.00727,-19.04407
-90.0,80.0,1,0.87197,-17.27336
-90.0,80.0,2,0.98911,-30.27866
-90.0,80.0,3,1.07451,-16.73395
-90.0,80.0,4,1.07186,-31.2039
-90.0,80.0,5,0.89536,-7.92541
-90.0,80.0,6,0.95942,-2.73271
-90.0,85.0,0,1.00394,-19.83974
-90.0,85.0,1,0.87168,-17.39616
-90.0,85.0,2,1.01178,-33.95549
-90.0,85.0,3,1.08484,-15.04292
-90.0,85.0,4,1.06409,-28.41508
-90.0,85.0,5,0.88473,-9.31878
-90.0,85.0,6,0.97511,-4.18229
-90.0,90.0,0,1.00129,-21.05692
-90.0,90.0,1,0.87761,-18.72858
-90.0,90.0,2,1.02429,-34.55168
-90.0,90.0,3,1.09162,-16.0907
-90.0,90.0,4,1.03738,-27.65678
-90.0,90.0,5,0.88029,-7.57928
-90.0,90.0,6,1.01037,-3.88728
-90.0,95.0,0,0.98373,-20.11902
-90.0,95.0,1,0.87047,-19.85766
-90.0,95.0,2,1.03362,-34.24995
-90.0,95.0,3,1.08366,-16.74913
-90.0,95.0,4,1.0205,-28.94402
-90.0,95.0,5,0.89124,-5.43455
-90.0,95.0,6,1.02915,-1.08826
-90.0,100.0,0,0.9785,-20.67828
-90.0,100.0,1,0.87066,-19.67175
-90.0,100.0,2,1.03752,-33.11862
-90.0,100.0,3,1.06628,-17.36531
-90.0,100.0,4,0.98734,-28.66476
-90.0,100.0,5,0.8985,-6.27491
-90.0,100.0,6,1.03899,-1.02865
-90.0,105.0,0,0.96644,-24.79276
-90.0,105.0,1,0.87798,-19.22341
-90.0,105.0,2,1.0427,-34.38713
-90.0,105.0,3,1.05036,-15.56228
-90.0,105.0,4,0.98272,-28.07176
-90.0,105.0,5,0.92613,-6.00952
-90.0,105.0,6,1.03013,-1.08263
-90.0,110.0,0,0.94847,-26.67915
-90.0,110.0,1,0.86611,-21.09581
-90.0,110.0,2,1.03737,-35.23658
-90.0,110.0,3,1.0197,-16.3149
-90.0,110.0,4,0.97644,-29.93613
-90.0,110.0,5,0.93634,-4.66687
-90.0,110.0,6,0.98906,2.29762
-90.0,115.0,0,0.9303,-24.33876
-90.0,115.0,1,0.8621,-23.54717
-90.0,115.0,2,1.02667,-36.19795
-90.0,115.0,3,0.97767,-15.86673
-90.0,115.0,4,0.98259,-27.75967
-90.0,115.0,5,0.92125,-4.08385
-90.0,115.0,6,0.96695,2.51701
-90.0,120.0,0,0.91384,-26.0538
-90.0,120.0,1,0.85319,-21.80225
-90.0,120.0,2,0.99177,-37.25664
-90.0,120.0,3,0.96146,-16.29175
-90.0,120.0,4,0.98831,-27.69186
-90.0,120.0,5,0.91117,-2.54153
-90.0,120.0,6,0.91282,1.38148
-90.0,125.0,0,0.88371,-25.53844
-90.0,125.0,1,0.84635,-25.84491
-90.0,125.0,2,0.97243,-37.91339
-90.0,125.0,3,0.93859,-15.66486
-90.0,125.0,4,0.98241,-26.59205
-90.0,125.0,5,0.86672,-3.78464
-90.0,125.0,6,0.90131,2.52592
-90.0,130.0,0,0.87094,-27.92355
-90.0,130.0,1,0.83476,-23.46244
-90.0,130.0,2,0.9457,-37.18662
-90.0,130.0,3,0.90347,-15.97288
-90.0,130.0,4,0.97907,-25.92368
-90.0,130.0,5,0.82001,-2.60307
-90.0,130.0,6,0.88941,5.42916
-90.0,135.0,0,0.8509,-27.29387
-90.0,135.0,1,0.8158,-25.90597
-90.0,135.0,2,0.9041,-39.13737
-90.0,135.0,3,0.91024,-17.24303
-90.0,135.0,4,0.96812,-26.40927
-90.0,135.0,5,0.77681,-3.35288
-90.0,135.0,6,0.88015,3.98741
-90.0,140.0,0,0.81076,-30.84335
-90.0,140.0,1,0.79925,-25.89853
-90.0,140.0,2,0.86742,-38.41231
-90.0,140.0,3,0.88564,-16.12223
-90.0,140.0,4,0.9259,-26.62838
-90.0,140.0,5,0.73496,0.2178
-90.0,140.0,6,0.89377,3.32923
-90.0,145.0,0,0.80133,-31.72166
-90.0,145.0,1,0.77834,-27.58969
-90.0,145.0,2,0.82814,-37.22777
-90.0,145.0,3,0.88854,-15.52622
-90.0,145.0,4,0.88823,-23.52579
-90.0,145.0,5,0.70297,-1.40779
-90.0,145.0,6,0.87096,6.09713
-90.0,150.0,0,0.7624,-31.95961
-90.0,150.0,1,0.75323,-26.6787
-90.0,150.0,2,0.78248,-39.14717
-90.0,150.0,3,0.88055,-15.06679
-90.0,150.0,4,0.83672,-23.90894
-90.0,150.0,5,0.70152,0.11446
-90.0,150.0,6,0.84828,7.25369
-90.0,155.0,0,0.73581,-30.57833
-90.0,155.0,1,0.71539,-26.22828
-90.0,155.0,2,0.75035,-37.88402
-90.0,155.0,3,0.85784,-15.30869
-90.0,155.0,4,0.79191,-21.92696
-90.0,155.0,5,0.69073,1.05765
-90.0,155.0,6,0.79675,8.9495
-90.0,160.0,0,0.70002,-31.83903
-90.0,160.0,1,0.68736,-28.4307
-90.0,160.0,2,0.72269,-37.87544
-90.0,160.0,3,0.82308,-14.77944
-90.0,160.0,4,0.74613,-22.91949
-90.0,160.0,5,0.67991,2.56344
-90.0,160.0,6,0.73742,6.61992
-90.0,165.0,0,0.6893,-31.55054
-90.0,165.0,1,0.63662,-28.25264
-90.0,165.0,2,0.6913,-37.34177
-90.0,165.0,3,0.80185,-13.83424
-90.0,165.0,4,0.7008,-22.21053
-90.0,165.0,5,0.66401,2.58596
-90.0,165.0,6,0.67592,8.85838
-90.0,170.0,0,0.6645,-32.95571
-90.0,170.0,1,0.59366,-27.91356
-90.0,170.0,2,0.65035,-37.27399
-90.0,170.0,3,0.75347,-13.05875
-90.0,170.0,4,0.67787,-20.76975
-90.0,170.0,5,0.62395,4.01549
-90.0,170.0,6,0.63917,8.62666
-90.0,175.0,0,0.62864,-35.11511
-90.0,175.0,1,0.55891,-26.2481
-90.0,175.0,2,0.65255,-34.30662
-90.0,175.0,3,0.70028,-13.21603
-90.0,175.0,4,0.65876,-21.04506
-90.0,175.0,5,0.58166,4.5305
-90.0,175.0,6,0.62143,10.41653
-90.0,180.0,0,0.60868,-33.39995
-90.0,180.0,1,0.5148,-29.9107
-90.0,180.0,2,0.62688,-37.08659
-90.0,180.0,3,0.64384,-11.80101
-90.0,180.0,4,0.64608,-20.80365
-90.0,180.0,5,0.52472,5.70668
-90.0,180.0,6,0.60977,11.95683
-85.0,0.0,0,0.6043,-13.43102
-85.0,0.0,1,0.51723,-7.97461
-85.0,0.0,2,0.61036,-18.99298
-85.0,0.0,3,0.65337,-2.97057
-85.0,0.0,4,0.67316,-21.58052
-85.0,0.0,5,0.538,-4.87767
-85.0,0.0,6,0.57539,-7.24244
-85.0,5.0,0,0.65314,-12.93383
-85.0,5.0,1,0.56016,-5.70525
-85.0,5.0,2,0.64835,-16.65911
-85.0,5.0,3,0.69824,-2.27441
-85.0,5.0,4,0.72248,-20.52605
-85.0,5.0,5,0.59544,-5.10058
-85.0,5.0,6,0.63572,-6.92305
-85.0,10.0,0,0.6877,-13.97253
-85.0,10.0,1,0.60697,-7.32576
-85.0,10.0,2,0.70679,-19.02891
-85.0,10.0,3,0.7516,-3.43648
-85.0,10.0,4,0.76884,-18.92929
-85.0,10.0,5,0.6341,-6.87062
-85.0,10.0,6,0.68756,-5.61497
-85.0,15.0,0,0.72319,-13.5252
-85.0,15.0,1,0.64801,-5.90337
-85.0,15.0,2,0.74646,-20.321
-85.0,15.0,3,0.79059,-4.94669
-85.0,15.0,4,0.81216,-21.94901
-85.0,15.0,5,0.67258,-6.51202
-85.0,15.0,6,0.71828,-6.95041
-85.0,20.0,0,0.7649,-11.75056
-85.0,20.0,1,0.68447,-7.70704
-85.0,20.0,2,0.78073,-19.19059
-85.0,20.0,3,0.82391,-4.78027
-85.0,20.0,4,0.83356,-22.9808
-85.0,20.0,5,0.68843,-7.50926
-85.0,20.0,6,0.7215,-7.30738
-85.0,25.0,0,0.79909,-12.87046
-85.0,25.0,1,0.72308,-9.00631
-85.0,25.0,2,0.81548,-22.30228
-85.0,25.0,3,0.85021,-5.5559
-85.0,25.0,4,0.84635,-25.82465
-85.0,25.0,5,0.70323,-6.54641
-85.0,25.0,6,0.73101,-7.48163
-85.0,30.0,0,0.83641,-16.51011
-85.0,30.0,1,0.75796,-11.12042
-85.0,30.0,2,0.84018,-22.74149
-85.0,30.0,3,0.8678,-8.13068
-85.0,30.0,4,0.86099,-23.58628
-85.0,30.0,5,0.70221,-7.25415
-85.0,30.0,6,0.73412,-6.63804
-85.0,35.0,0,0.87434,-14.33733
-85.0,35.0,1,0.78139,-10.76937
-85.0,35.0,2,0.85663,-23.75966
-85.0,35.0,3,0.886,-8.28976
-85.0,35.0,4,0.87442,-23.41655
-85.0,35.0,5,0.72173,-6.64405
-85.0,35.0,6,0.75989,-5.62389
-85.0,40.0,0,0.90122,-14.33026
-85.0,40.0,1,0.80556,-12.28142
-85.0,40.0,2,0.88029,-24.71529
-85.0,40.0,3,0.89492,-8.79267
-85.0,40.0,4,0.88825,-26.68378
-85.0,40.0,5,0.73936,-6.6431
-85.0,40.0,6,0.80217,-6.07586
-85.0,45.0,0,0.92706,-16.45805
-85.0,45.0,1,0.82023,-11.30173
-85.0,45.0,2,0.88961,-25.55673
-85.0,45.0,3,0.89721,-7.8698
-85.0,45.0,4,0.91468,-25.49529
-85.0,45.0,5,0.777,-7.29373
-85.0,45.0,6,0.85532,-4.53189
-85.0,50.0,0,0.95034,-16.46092
-85.0,50.0,1,0.83525,-12.82199
-85.0,50.0,2,0.89634,-27.23016
-85.0,50.0,3,0.91571,-9.10978
-85.0,50.0,4,0.93896,-26.86093
-85.0,50.0,5,0.82885,-8.09215
-85.0,50.0,6,0.89999,-5.63192
-85.0,55.0,0,0.97409,-16.19344
-85.0,55.0,1,0.84656,-13.35175
-85.0,55.0,2,0.90544,-26.36397
-85.0,55.0,3,0.9343,-9.47281
-85.0,55.0,4,0.9763,-25.32615
-85.0,55.0,5,0.87051,-7.18397
-85.0,55.0,6,0.94219,-4.67339
-85.0,60.0,0,0.98718,-14.57461
-85.0,60.0,1,0.85118,-13.10666
-85.0,60.0,2,0.91339,-27.17845
-85.0,60.0,3,0.95899,-9.6772
-85.0,60.0,4,1.01066,-27.1874
-85.0,60.0,5,0.91032,-7.15552
-85.0,60.0,6,0.94581,-2.64712
-85.0,65.0,0,0.99361,-16.06933
-85.0,65.0,1,0.86884,-12.89979
-85.0,65.0,2,0.92836,-29.13442
-85.0,65.0,3,0.98206,-10.49981
-85.0,65.0,4,1.04542,-26.30268
-85.0,65.0,5,0.92849,-7.75145
-85.0,65.0,6,0.95632,-4.80147
-85.0,70.0,0,1.00571,-18.49819
-85.0,70.0,1,0.86739,-15.15598
-85.0,70.0,2,0.93582,-29.49742
-85.0,70.0,3,1.0136,-10.31943
-85.0,70.0,4,1.0796,-26.94757
-85.0,70.0,5,0.93531,-7.20684
-85.0,70.0,6,0.9458,-3.46029
-85.0,75.0,0,1.00676,-14.98984
-85.0,75.0,1,0.86503,-16.45362
-85.0,75.0,2,0.95129,-29.44076
-85.0,75.0,3,1.03964,-13.50208
-85.0,75.0,4,1.09645,-25.54568
-85.0,75.0,5,0.92622,-7.67025
-85.0,75.0,6,0.92967,-3.25597
-85.0,80.0,0,1.0142,-19.36913
-85.0,80.0,1,0.86437,-15.8509
-85.0,80.0,2,0.97263,-30.62263
-85.0,80.0,3,1.06071,-12.25173
-85.0,80.0,4,1.09043,-26.9079
-85.0,80.0,5,0.90324,-7.4911
-85.0,80.0,6,0.92393,-3.58315
-85.0,85.0,0,1.00855,-19.13719
-85.0,85.0,1,0.87588,-18.42073
-85.0,85.0,2,0.98521,-29.78137
-85.0,85.0,3,1.08477,-13.57682
-85.0,85.0,4,1.0818,-27.40752
-85.0,85.0,5,0.88206,-6.51106
-85.0,85.0,6,0.9584,0.27689
-85.0,90.0,0,1.00366,-20.46063
-85.0,90.0,1,0.8736,-18.97323
-85.0,90.0,2,0.99986,-32.54147
-85.0,90.0,3,1.08702,-12.65181
-85.0,90.0,4,1.06633,-26.95146
-85.0,90.0,5,0.88656,-4.20128
-85.0,90.0,6,0.98346,-0.30198
-85.0,95.0,0,0.99542,-21.73491
-85.0,95.0,1,0.87343,-18.0592
-85.0,95.0,2,1.02121,-33.35271
-85.0,95.0,3,1.0804,-14.62137
-85.0,95.0,4,1.04679,-27.90769
-85.0,95.0,5,0.88478,-4.85486
-85.0,95.0,6,0.99717,-0.21131
-85.0,100.0,0,0.98465,-23.753
-85.0,100.0,1,0.87034,-21.14097
-85.0,100.0,2,1.01813,-32.67381
-85.0,100.0,3,1.06422,-13.3791
-85.0,100.0,4,1.02577,-27.35141
-85.0,100.0,5,0.90532,-5.38524
-85.0,100.0,6,1.00856,1.50766
-85.0,105.0,0,0.97125,-23.50437
-85.0,105.0,1,0.86403,-19.6258
-85.0,105.0,2,1.028,-32.79106
-85.0,105.0,3,1.03725,-14.85854
-85.0,105.0,4,1.00775,-24.91521
-85.0,105.0,5,0.92349,-1.61715
-85.0,105.0,6,0.99841,1.22988
-85.0,110.0,0,0.96103,-22.86971
-85.0,110.0,1,0.86564,-22.15079
-85.0,110.0,2,1.01917,-35.39654
-85.0,110.0,3,1.00988,-16.85912
-85.0,110.0,4,1.00345,-27.39277
-85.0,110.0,5,0.93497,-2.89936
-85.0,110.0,6,0.96973,2.84978
-85.0,115.0,0,0.93564,-24.16153
-85.0,115.0,1,0.85933,-24.39253
-85.0,115.0,2,0.99943,-35.1346
-85.0,115.0,3,0.98821,-13.874
-85.0,115.0,4,1.00264,-24.76898
-85.0,115.0,5,0.93188,-1.8921
-85.0,115.0,6,0.91917,3.19805
-85.0,120.0,0,0.9063,-26.14946
-85.0,120.0,1,0.8551,-22.37506
-85.0,120.0,2,0.99053,-35.99676
-85.0,120.0,3,0.96216,-13.80411
-85.0,120.0,4,1.01009,-23.58405
-85.0,120.0,5,0.905,-3.16859
-85.0,120.0,6,0.88714,5.9412
-85.0,125.0,0,0.89758,-28.71639
-85.0,125.0,1,0.84615,-22.51432
-85.0,125.0,2,0.95407,-35.59842
-85.0,125.0,3,0.92899,-12.86181
-85.0,125.0,4,1.02099,-26.15973
-85.0,125.0,5,0.86369,-0.49269
-85.0,125.0,6,0.86576,5.14819
-85.0,130.0,0,0.87267,-28.11949
-85.0,130.0,1,0.84166,-23.45953
-85.0,130.0,2,0.93073,-34.84831
-85.0,130.0,3,0.91247,-15.02065
-85.0,130.0,4,1.00505,-24.27378
-85.0,130.0,5,0.82414,-1.04423
-85.0,130.0,6,0.85503,5.56122
-85.0,135.0,0,0.84736,-27.08073
-85.0,135.0,1,0.82835,-25.37293
-85.0,135.0,2,0.88769,-36.23784
-85.0,135.0,3,0.89668,-13.93773
-85.0,135.0,4,0.97851,-23.68787
-85.0,135.0,5,0.78074,-0.73327
-85.0,135.0,6,0.86027,7.67174
-85.0,140.0,0,0.82362,-29.09789
-85.0,140.0,1,0.79778,-25.12259
-85.0,140.0,2,0.85448,-37.3232
-85.0,140.0,3,0.8999,-16.03228
-85.0,140.0,4,0.96083,-23.94666
-85.0,140.0,5,0.74619,1.21179
-85.0,140.0,6,0.85784,8.50749
-85.0,145.0,0,0.79505,-30.08996
-85.0,145.0,1,0.78405,-26.18375
-85.0,145.0,2,0.7972,-36.89016
-85.0,145.0,3,0.87592,-14.89273
-85.0,145.0,4,0.91723,-22.64426
-85.0,145.0,5,0.71678,1.49588
-85.0,145.0,6,0.83681,7.82198
-85.0,150.0,0,0.77914,-32.68851
-85.0,150.0,1,0.75953,-26.56823
-85.0,150.0,2,0.7682,-36.98506
-85.0,150.0,3,0.85972,-13.08507
-85.0,150.0,4,0.86314,-22.72554
-85.0,150.0,5,0.70707,4.36807
-85.0,150.0,6,0.80728,8.96121
-85.0,155.0,0,0.74951,-32.7491
-85.0,155.0,1,0.72207,-24.56729
-85.0,155.0,2,0.73339,-38.06314
-85.0,155.0,3,0.85218,-13.61134
-85.0,155.0,4,0.82023,-20.86575
-85.0,155.0,5,0.70135,2.85826
-85.0,155.0,6,0.76347,10.35731
-85.0,160.0,0,0.718,-31.93607
-85.0,160.0,1,0.68414,-27.0409
-85.0,160.0,2,0.70112,-37.94314
-85.0,160.0,3,0.81942,-13.14412
-85.0,160.0,4,0.77256,-19.54339
-85.0,160.0,5,0.68551,4.12157
-85.0,160.0,6,0.69545,11.00897
-85.0,165.0,0,0.68988,-32.39599
-85.0,165.0,1,0.63929,-27.84298
-85.0,165.0,2,0.68327,-37.30578
-85.0,165.0,3,0.79552,-11.50316
-85.0,165.0,4,0.73341,-19.64927
-85.0,165.0,5,0.67022,6.26199
-85.0,165.0,6,0.64375,11.42934
-85.0,170.0,0,0.65972,-33.13182
-85.0,170.0,1,0.59998,-28.00772
-85.0,170.0,2,0.65118,-35.80165
-85.0,170.0,3,0.74025,-11.74427
-85.0,170.0,4,0.70697,-18.57391
-85.0,170.0,5,0.64257,4.7152
-85.0,170.0,6,0.60754,10.26611
-85.0,175.0,0,0.63612,-34.72899
-85.0,175.0,1,0.55531,-27.48902
-85.0,175.0,2,0.62155,-36.4703
-85.0,175.0,3,0.6962,-10.41603
-85.0,175.0,4,0.68669,-18.94359
-85.0,175.0,5,0.58126,7.1835
-85.0,175.0,6,0.57876,11.42921
-85.0,180.0,0,0.60752,-35.1544
-85.0,180.0,1,0.51822,-28.98071
-85.0,180.0,2,0.61149,-34.36071
-85.0,180.0,3,0.64466,-10.33056
-85.0,180.0,4,0.65221,-17.15326
-85.0,180.0,5,0.52815,7.14912
-85.0,180.0,6,0.58199,11.0578
-80.0,0.0,0,0.61365,-12.6006
-80.0,0.0,1,0.51441,-6.19703
-80.0,0.0,2,0.5929,-16.93067
-80.0,0.0,3,0.63656,0.794
-80.0,0.0,4,0.68161,-20.6457
-80.0,0.0,5,0.55146,-2.83532
-80.0,0.0,6,0.5523,-5.70934
-80.0,5.0,0,0.64766,-12.54665
-80.0,5.0,1,0.56162,-5.56805
-80.0,5.0,2,0.64485,-17.31145
-80.0,5.0,3,0.69102,-1.02042
-80.0,5.0,4,0.74102,-17.61209
-80.0,5.0,5,0.61137,-2.26749
-80.0,5.0,6,0.62007,-5.0087
-80.0,10.0,0,0.69771,-12.14045
-80.0,10.0,1,0.60596,-4.70956
-80.0,10.0,2,0.68627,-17.57624
-80.0,10.0,3,0.73919,-2.51146
-80.0,10.0,4,0.79476,-18.25105
-80.0,10.0,5,0.64779,-3.083
-80.0,10.0,6,0.65966,-5.85177
-80.0,15.0,0,0.73768,-13.65348
-80.0,15.0,1,0.64704,-6.66642
-80.0,15.0,2,0.72274,-16.80466
-80.0,15.0,3,0.77483,-3.64415
-80.0,15.0,4,0.82813,-18.2048
-80.0,15.0,5,0.68474,-3.13903
-80.0,15.0,6,0.68863,-4.86393
-80.0,20.0,0,0.77301,-12.00286
-80.0,20.0,1,0.68176,-4.80105
-80.0,20.0,2,0.76472,-20.69954
-80.0,20.0,3,0.81351,-2.52054
-80.0,20.0,4,0.86115,-19.66709
-80.0,20.0,5,0.71196,-3.13361
-80.0,20.0,6,0.70876,-5.86046
-80.0,25.0,0,0.80867,-13.94471
-80.0,25.0,1,0.72048,-6.98491
-80.0,25.0,2,0.79679,-20.28204
-80.0,25.0,3,0.84195,-3.26347
-80.0,25.0,4,0.88261,-24.22711
-80.0,25.0,5,0.72002,-5.47013
-80.0,25.0,6,0.70695,-5.67357
-80.0,30.0,0,0.84114,-12.83789
-80.0,30.0,1,0.76046,-8.89274
-80.0,30.0,2,0.82883,-23.05467
-80.0,30.0,3,0.85917,-3.2482
-80.0,30.0,4,0.89114,-22.55679
-80.0,30.0,5,0.72637,-5.29712
-80.0,30.0,6,0.72578,-4.25791
-80.0,35.0,0,0.87902,-13.41375
-80.0,35.0,1,0.777,-10.63722
-80.0,35.0,2,0.8428,-22.26653
-80.0,35.0,3,0.87079,-5.62629
-80.0,35.0,4,0.91151,-22.73864
-80.0,35.0,5,0.74092,-3.79981
-80.0,35.0,6,0.74442,-2.45141
-80.0,40.0,0,0.91683,-13.49477
-80.0,40.0,1,0.80973,-10.7476
-80.0,40.0,2,0.86789,-22.38443
-80.0,40.0,3,0.8832,-5.41823
-80.0,40.0,4,0.90988,-23.67729
-80.0,40.0,5,0.76598,-6.19506
-80.0,40.0,6,0.79038,-4.02574
-80.0,45.0,0,0.93435,-15.22833
-80.0,45.0,1,0.82485,-11.08905
-80.0,45.0,2,0.87412,-24.48358
-80.0,45.0,3,0.89254,-7.36842
-80.0,45.0,4,0.93165,-22.13547
-80.0,45.0,5,0.8075,-5.12321
-80.0,45.0,6,0.84133,-4.1788
-80.0,50.0,0,0.95672,-14.87718
-80.0,50.0,1,0.83385,-11.3773
-80.0,50.0,2,0.89362,-24.01942
-80.0,50.0,3,0.9065,-7.22112
-80.0,50.0,4,0.95769,-23.97229
-80.0,50.0,5,0.84881,-4.212
-80.0,50.0,6,0.89451,-3.74366
-80.0,55.0,0,0.9759,-15.38335
-80.0,55.0,1,0.84691,-11.4202
-80.0,55.0,2,0.89796,-23.9385
-80.0,55.0,3,0.93649,-8.73775
-80.0,55.0,4,0.99462,-22.98931
-80.0,55.0,5,0.8971,-3.99721
-80.0,55.0,6,0.92179,-4.37365
-80.0,60.0,0,0.98849,-18.04073
-80.0,60.0,1,0.86175,-11.03773
-80.0,60.0,2,0.90547,-26.31766
-80.0,60.0,3,0.93885,-9.0761
-80.0,60.0,4,1.02988,-24.79872
-80.0,60.0,5,0.93188,-2.72874
-80.0,60.0,6,0.93329,-2.97065
-80.0,65.0,0,0.99718,-16.19943
-80.0,65.0,1,0.86175,-15.01633
-80.0,65.0,2,0.91126,-26.45446
-80.0,65.0,3,0.96991,-9.78859
-80.0,65.0,4,1.06077,-23.26176
-80.0,65.0,5,0.94691,-4.97948
-80.0,65.0,6,0.92547,-2.30078
-80.0,70.0,0,1.01389,-18.42253
-80.0,70.0,1,0.86932,-12.87855
-80.0,70.0,2,0.93947,-26.71626
-80.0,70.0,3,1.00548,-10.04641
-80.0,70.0,4,1.09076,-25.70125
-80.0,70.0,5,0.95149,-4.24712
-80.0,70.0,6,0.91563,-1.49532
-80.0,75.0,0,1.0288,-18.55678
-80.0,75.0,1,0.87619,-14.42293
-80.0,75.0,2,0.94232,-27.80462
-80.0,75.0,3,1.02563,-10.66421
-80.0,75.0,4,1.11775,-23.09842
-80.0,75.0,5,0.94607,-2.96865
-80.0,75.0,6,0.90983,-0.86663
-80.0,80.0,0,1.0106,-18.97273
-80.0,80.0,1,0.87017,-14.55656
-80.0,80.0,2,0.96058,-30.45781
-80.0,80.0,3,1.05378,-10.82506
-80.0,80.0,4,1.12134,-27.29347
-80.0,80.0,5,0.93316,-5.27749
-80.0,80.0,6,0.90737,-0.69577
-80.0,85.0,0,1.02082,-19.71411
-80.0,85.0,1,0.88256,-15.2787
-80.0,85.0,2,0.97161,-31.90785
-80.0,85.0,3,1.06986,-12.15486
-80.0,85.0,4,1.10536,-25.5133
-80.0,85.0,5,0.91288,-2.85157
-80.0,85.0,6,0.92794,0.19109
-80.0,90.0,0,1.0128,-21.72317
-80.0,90.0,1,0.87408,-16.44549
-80.0,90.0,2,0.98791,-31.73797
-80.0,90.0,3,1.07702,-12.35194
-80.0,90.0,4,1.09504,-24.85739
-80.0,90.0,5,0.90709,-4.34261
-80.0,90.0,6,0.94267,0.74874
-80.0,95.0,0,1.00238,-22.59954
-80.0,95.0,1,0.8761,-17.34745
-80.0,95.0,2,1.00573,-31.71891
-80.0,95.0,3,1.06695,-11.45035
-80.0,95.0,4,1.06137,-25.25543
-80.0,95.0,5,0.91313,-1.34482
-80.0,95.0,6,0.96867,3.44552
-80.0,100.0,0,0.99526,-20.92902
-80.0,100.0,1,0.8754,-16.80838
-80.0,100.0,2,1.01363,-32.50984
-80.0,100.0,3,1.04872,-12.4698
-80.0,100.0,4,1.04772,-24.14552
-80.0,100.0,5,0.93543,-0.98511
-80.0,100.0,6,0.97497,3.10334
-80.0,105.0,0,0.9769,-22.74973
-80.0,105.0,1,0.86788,-18.67191
-80.0,105.0,2,1.01148,-30.88723
-80.0,105.0,3,1.0297,-12.81436
-80.0,105.0,4,1.02595,-25.15686
-80.0,105.0,5,0.94531,-2.07859
-80.0,105.0,6,0.97632,4.35785
-80.0,110.0,0,0.96069,-24.16546
-80.0,110.0,1,0.86408,-21.02537
-80.0,110.0,2,1.00423,-33.44091
-80.0,110.0,3,1.00874,-12.27119
-80.0,110.0,4,1.0232,-24.40191
-80.0,110.0,5,0.95618,-0.83865
-80.0,110.0,6,0.95051,4.50093
-80.0,115.0,0,0.9392,-24.70704
-80.0,115.0,1,0.86882,-20.1855
-80.0,115.0,2,0.98694,-33.47973
-80.0,115.0,3,0.97639,-12.76524
-80.0,115.0,4,1.02065,-23.25648
-80.0,115.0,5,0.95928,0.31046
-80.0,115.0,6,0.9015,4.46891
-80.0,120.0,0,0.91705,-25.961
-80.0,120.0,1,0.85602,-22.85734
-80.0,120.0,2,0.96268,-33.21174
-80.0,120.0,3,0.95157,-13.03432
-80.0,120.0,4,1.03503,-23.15415
-80.0,120.0,5,0.9388,0.28968
-80.0,120.0,6,0.86495,5.12768
-80.0,125.0,0,0.89987,-27.17029
-80.0,125.0,1,0.84886,-21.32087
-80.0,125.0,2,0.94681,-33.00185
-80.0,125.0,3,0.92498,-13.81134
-80.0,125.0,4,1.03349,-21.80274
-80.0,125.0,5,0.89008,0.95135
-80.0,125.0,6,0.8415,8.17025
-80.0,130.0,0,0.87734,-26.84926
-80.0,130.0,1,0.84298,-23.6779
-80.0,130.0,2,0.91091,-35.51607
-80.0,130.0,3,0.90221,-12.21207
-80.0,130.0,4,1.02892,-21.91774
-80.0,130.0,5,0.84962,2.76673
-80.0,130.0,6,0.83746,8.1362
-80.0,135.0,0,0.84545,-25.32484
-80.0,135.0,1,0.83622,-24.748
-80.0,135.0,2,0.88053,-34.67743
-80.0,135.0,3,0.89667,-13.34836
-80.0,135.0,4,1.00894,-22.12175
-80.0,135.0,5,0.80847,3.67591
-80.0,135.0,6,0.83731,6.67433
-80.0,140.0,0,0.82878,-30.12032
-80.0,140.0,1,0.81334,-24.9645
-80.0,140.0,2,0.8231,-34.7479
-80.0,140.0,3,0.87306,-11.82423
-80.0,140.0,4,0.97174,-20.68376
-80.0,140.0,5,0.75978,4.72769
-80.0,140.0,6,0.83637,10.44696
-80.0,145.0,0,0.80126,-27.82973
-80.0,145.0,1,0.78072,-24.3585
-80.0,145.0,2,0.79324,-33.56334
-80.0,145.0,3,0.86173,-13.60189
-80.0,145.0,4,0.93796,-21.2365
-80.0,145.0,5,0.73818,4.79341
-80.0,145.0,6,0.82224,8.01051
-80.0,150.0,0,0.77614,-31.20185
-80.0,150.0,1,0.74814,-24.77985
-80.0,150.0,2,0.75801,-33.51948
-80.0,150.0,3,0.8531,-12.67297
-80.0,150.0,4,0.89857,-19.02002
-80.0,150.0,5,0.73332,4.2411
-80.0,150.0,6,0.78575,12.02846
-80.0,155.0,0,0.73359,-32.70035
-80.0,155.0,1,0.72237,-27.87408
-80.0,155.0,2,0.72276,-35.18347
-80.0,155.0,3,0.8287,-11.42721
-80.0,155.0,4,0.83458,-19.33547
-80.0,155.0,5,0.72487,4.30778
-80.0,155.0,6,0.73303,12.43185
-80.0,160.0,0,0.72216,-31.91208
-80.0,160.0,1,0.69865,-26.80171
-80.0,160.0,2,0.68381,-34.30662
-80.0,160.0,3,0.81051,-10.05181
-80.0,160.0,4,0.78661,-16.75124
-80.0,160.0,5,0.70863,6.48541
-80.0,160.0,6,0.68068,12.7757
-80.0,165.0,0,0.69811,-31.95573
-80.0,165.0,1,0.6495,-27.87876
-80.0,165.0,2,0.66309,-34.69199
-80.0,165.0,3,0.77955,-11.25081
-80.0,165.0,4,0.75192,-16.82578
-80.0,165.0,5,0.69401,8.20601
-80.0,165.0,6,0.62342,13.33027
-80.0,170.0,0,0.66877,-33.40742
-80.0,170.0,1,0.60257,-26.31694
-80.0,170.0,2,0.63881,-32.7726
-80.0,170.0,3,0.74193,-9.69955
-80.0,170.0,4,0.71704,-16.48219
-80.0,170.0,5,0.65227,7.56543
-80.0,170.0,6,0.57441,15.47509
-80.0,175.0,0,0.64427,-34.83947
-80.0,175.0,1,0.55967,-26.58393
-80.0,175.0,2,0.61915,-32.83814
-80.0,175.0,3,0.6836,-8.8618
-80.0,175.0,4,0.69329,-16.1181
-80.0,175.0,5,0.60833,9.10879
-80.0,175.0,6,0.55738,14.54144
-80.0,180.0,0,0.62139,-34.9037
-80.0,180.0,1,0.51393,-26.13369
-80.0,180.0,2,0.59446,-34.35974
-80.0,180.0,3,0.64352,-7.13589
-80.0,180.0,4,0.68735,-14.87
-80.0,180.0,5,0.54986,10.7785
-80.0,180.0,6,0.55548,16.66008
-75.0,0.0,0,0.60753,-11.12936
-75.0,0.0,1,0.51784,-2.09685
-75.0,0.0,2,0.58392,-14.86266
-75.0,0.0,3,0.62033,1.52129
-75.0,0.0,4,0.69331,-15.83952
-75.0,0.0,5,0.58432,-1.03498
-75.0,0.0,6,0.54579,-3.05919
-75.0,5.0,0,0.65225,-12.08583
-75.0,5.0,1,0.56682,-3.07976
-75.0,5.0,2,0.63202,-16.30009
-75.0,5.0,3,0.6591,1.05971
-75.0,5.0,4,0.75176,-15.70313
-75.0,5.0,5,0.64128,-1.61456
-75.0,5.0,6,0.61299,-2.30875
-75.0,10.0,0,0.69537,-14.42151
-75.0,10.0,1,0.60921,-4.38054
-75.0,10.0,2,0.67016,-14.98667
-75.0,10.0,3,0.71944,-0.50287
-75.0,10.0,4,0.80319,-15.44183
-75.0,10.0,5,0.68158,-0.94177
-75.0,10.0,6,0.65447,-2.51911
-75.0,15.0,0,0.73661,-12.84104
-75.0,15.0,1,0.65326,-2.55267
-75.0,15.0,2,0.70689,-17.27686
-75.0,15.0,3,0.75802,0.55653
-75.0,15.0,4,0.84176,-18.76851
-75.0,15.0,5,0.72635,-1.51431
-75.0,15.0,6,0.68954,-2.39036
-75.0,20.0,0,0.77967,-11.6867
-75.0,20.0,1,0.68394,-5.00077
-75.0,20.0,2,0.75834,-18.71599
-75.0,20.0,3,0.8138,0.09776
-75.0,20.0,4,0.87067,-19.09248
-75.0,20.0,5,0.74129,-2.50491
-75.0,20.0,6,0.70481,-4.4266
-75.0,25.0,0,0.80958,-11.57178
-75.0,25.0,1,0.719,-4.23088
-75.0,25.0,2,0.78528,-20.09053
-75.0,25.0,3,0.81734,-0.55998
-75.0,25.0,4,0.88811,-20.18203
-75.0,25.0,5,0.75888,-2.23973
-75.0,25.0,6,0.7042,-4.08465
-75.0,30.0,0,0.84241,-13.15439
-75.0,30.0,1,0.76058,-5.36698
-75.0,30.0,2,0.82,-18.44817
-75.0,30.0,3,0.83272,-3.6059
-75.0,30.0,4,0.9007,-19.95685
-75.0,30.0,5,0.76068,-3.37647
-75.0,30.0,6,0.71753,-1.71668
-75.0,35.0,0,0.88525,-14.9654
-75.0,35.0,1,0.78394,-8.69294
-75.0,35.0,2,0.82463,-19.29121
-75.0,35.0,3,0.8529,-1.33547
-75.0,35.0,4,0.9109,-19.70284
-75.0,35.0,5,0.77078,-3.81255
-75.0,35.0,6,0.74615,-2.967
-75.0,40.0,0,0.92008,-12.93917
-75.0,40.0,1,0.81495,-8.02617
-75.0,40.0,2,0.84403,-19.85001
-75.0,40.0,3,0.86089,-4.49495
-75.0,40.0,4,0.92476,-21.01957
-75.0,40.0,5,0.79591,-4.47853
-75.0,40.0,6,0.7893,-0.36718
-75.0,45.0,0,0.93454,-13.17533
-75.0,45.0,1,0.83942,-7.11696
-75.0,45.0,2,0.86631,-22.50049
-75.0,45.0,3,0.86794,-5.83957
-75.0,45.0,4,0.94409,-19.59661
-75.0,45.0,5,0.842,-3.19644
-75.0,45.0,6,0.83801,-2.05948
-75.0,50.0,0,0.95321,-15.4293
-75.0,50.0,1,0.85077,-8.80181
-75.0,50.0,2,0.87188,-22.57458
-75.0,50.0,3,0.90161,-5.31004
-75.0,50.0,4,0.96928,-22.77346
-75.0,50.0,5,0.87728,-2.63279
-75.0,50.0,6,0.88251,-0.71565
-75.0,55.0,0,0.97927,-12.58192
-75.0,55.0,1,0.8549,-9.46594
-75.0,55.0,2,0.8767,-23.14251
-75.0,55.0,3,0.9132,-6.24752
-75.0,55.0,4,0.99792,-20.24495
-75.0,55.0,5,0.92888,-3.92989
-75.0,55.0,6,0.91743,-0.16813
-75.0,60.0,0,0.9931,-15.37794
-75.0,60.0,1,0.85851,-11.18558
-75.0,60.0,2,0.89382,-24.79749
-75.0,60.0,3,0.93282,-6.81214
-75.0,60.0,4,1.05206,-20.8778
-75.0,60.0,5,0.96253,-2.68
-75.0,60.0,6,0.93152,-0.76369
-75.0,65.0,0,1.00658,-17.29473
-75.0,65.0,1,0.87466,-12.45414
-75.0,65.0,2,0.8964,-26.08463
-75.0,65.0,3,0.95898,-7.40739
-75.0,65.0,4,1.07745,-23.44423
-75.0,65.0,5,0.98319,-1.89493
-75.0,65.0,6,0.92293,-0.33644
-75.0,70.0,0,1.00733,-15.02875
-75.0,70.0,1,0.8684,-14.30589
-75.0,70.0,2,0.91505,-26.42326
-75.0,70.0,3,0.99256,-9.29547
-75.0,70.0,4,1.10876,-22.39404
-75.0,70.0,5,0.98896,-0.74578
-75.0,70.0,6,0.91382,-0.15048
-75.0,75.0,0,1.02393,-18.91425
-75.0,75.0,1,0.88061,-13.63387
-75.0,75.0,2,0.92973,-28.39942
-75.0,75.0,3,1.00879,-9.53099
-75.0,75.0,4,1.12384,-24.80298
-75.0,75.0,5,0.974,-2.11159
-75.0,75.0,6,0.90041,2.26732
-75.0,80.0,0,1.02414,-17.36231
-75.0,80.0,1,0.87356,-14.30071
-75.0,80.0,2,0.93168,-28.38112
-75.0,80.0,3,1.04417,-9.7946
-75.0,80.0,4,1.12365,-24.00283
-75.0,80.0,5,0.96847,-0.6912
-75.0,80.0,6,0.90616,2.347
-75.0,85.0,0,1.02064,-21.11747
-75.0,85.0,1,0.87925,-16.15622
-75.0,85.0,2,0.95807,-27.17099
-75.0,85.0,3,1.05459,-10.82009
-75.0,85.0,4,1.1189,-22.807
-75.0,85.0,5,0.94714,-1.69396
-75.0,85.0,6,0.92611,2.99536
-75.0,90.0,0,1.0107,-18.35649
-75.0,90.0,1,0.87906,-18.92822
-75.0,90.0,2,0.98234,-30.42432
-75.0,90.0,3,1.06169,-8.54519
-75.0,90.0,4,1.09619,-22.8049
-75.0,90.0,5,0.94564,-0.47908
-75.0,90.0,6,0.95453,3.28497
-75.0,95.0,0,1.00706,-23.21599
-75.0,95.0,1,0.87549,-17.38069
-75.0,95.0,2,0.9926,-29.06593
-75.0,95.0,3,1.04784,-11.19813
-75.0,95.0,4,1.06482,-22.75842
-75.0,95.0,5,0.95282,-0.47264
-75.0,95.0,6,0.97182,4.28634
-75.0,100.0,0,0.9943,-23.43181
-75.0,100.0,1,0.87214,-18.33238
-75.0,100.0,2,1.00066,-30.83159
-75.0,100.0,3,1.03548,-12.13704
-75.0,100.0,4,1.05625,-23.584
-75.0,100.0,5,0.96854,-0.06285
-75.0,100.0,6,0.96901,6.29973
-75.0,105.0,0,0.98251,-23.11922
-75.0,105.0,1,0.87612,-19.57614
-75.0,105.0,2,0.99309,-31.57658
-75.0,105.0,3,1.015,-10.54541
-75.0,105.0,4,1.0532,-21.88259
-75.0,105.0,5,0.98004,1.42454
-75.0,105.0,6,0.9683,4.71966
-75.0,110.0,0,0.96057,-22.32836
-75.0,110.0,1,0.86622,-19.10657
-75.0,110.0,2,0.98796,-28.68708
-75.0,110.0,3,0.98143,-12.25649
-75.0,110.0,4,1.03601,-23.06582
-75.0,110.0,5,0.98968,2.04254
-75.0,110.0,6,0.94587,8.67626
-75.0,115.0,0,0.94216,-24.5079
-75.0,115.0,1,0.86775,-21.11172
-75.0,115.0,2,0.98078,-29.48162
-75.0,115.0,3,0.95457,-8.79482
-75.0,115.0,4,1.04171,-21.98713
-75.0,115.0,5,0.97611,2.7091
-75.0,115.0,6,0.90136,7.29625
-75.0,120.0,0,0.92391,-25.61137
-75.0,120.0,1,0.86229,-20.90176
-75.0,120.0,2,0.94898,-31.80669
-75.0,120.0,3,0.93647,-10.18088
-75.0,120.0,4,1.03725,-21.00131
-75.0,120.0,5,0.96222,3.71111
-75.0,120.0,6,0.86802,9.33529
-75.0,125.0,0,0.90461,-25.58974
-75.0,125.0,1,0.85521,-22.00485
-75.0,125.0,2,0.92283,-32.06585
-75.0,125.0,3,0.90654,-12.50658
-75.0,125.0,4,1.05203,-21.04398
-75.0,125.0,5,0.92627,3.63795
-75.0,125.0,6,0.8391,9.34021
-75.0,130.0,0,0.8869,-27.88858
-75.0,130.0,1,0.83747,-21.29
-75.0,130.0,2,0.90009,-33.4394
-75.0,130.0,3,0.89396,-12.00995
-75.0,130.0,4,1.0394,-19.77985
-75.0,130.0,5,0.87942,4.54556
-75.0,130.0,6,0.83017,8.35846
-75.0,135.0,0,0.85528,-27.29436
-75.0,135.0,1,0.82933,-22.94031
-75.0,135.0,2,0.85872,-31.78998
-75.0,135.0,3,0.8719,-10.32162
-75.0,135.0,4,1.0222,-20.50087
-75.0,135.0,5,0.83857,5.32882
-75.0,135.0,6,0.83783,9.47662
-75.0,140.0,0,0.83915,-29.04531
-75.0,140.0,1,0.80954,-23.04553
-75.0,140.0,2,0.8254,-33.63363
-75.0,140.0,3,0.86495,-10.35656
-75.0,140.0,4,0.98942,-19.01231
-75.0,140.0,5,0.79276,5.60328
-75.0,140.0,6,0.84069,10.63507
-75.0,145.0,0,0.79908,-28.03337
-75.0,145.0,1,0.77904,-24.32316
-75.0,145.0,2,0.77794,-33.01717
-75.0,145.0,3,0.85079,-9.66724
-75.0,145.0,4,0.94471,-19.50628
-75.0,145.0,5,0.78485,6.55978
-75.0,145.0,6,0.82311,11.17032
-75.0,150.0,0,0.77708,-30.68149
-75.0,150.0,1,0.76271,-25.26791
-75.0,150.0,2,0.74517,-33.61378
-75.0,150.0,3,0.83647,-9.03844
-75.0,150.0,4,0.89932,-18.72881
-75.0,150.0,5,0.76316,6.02914
-75.0,150.0,6,0.7891,13.15042
-75.0,155.0,0,0.76505,-30.35625
-75.0,155.0,1,0.73629,-24.24264
-75.0,155.0,2,0.70523,-32.56035
-75.0,155.0,3,0.8144,-10.56715
-75.0,155.0,4,0.8464,-15.46073
-75.0,155.0,5,0.75709,6.79697
-75.0,155.0,6,0.72444,14.29416
-75.0,160.0,0,0.71868,-32.69061
-75.0,160.0,1,0.6861,-26.19936
-75.0,160.0,2,0.67052,-33.4998
-75.0,160.0,3,0.80076,-9.5976
-75.0,160.0,4,0.80007,-15.85215
-75.0,160.0,5,0.74475,8.85835
-75.0,160.0,6,0.67117,14.63855
-75.0,165.0,0,0.69145,-32.31667
-75.0,165.0,1,0.65582,-24.94641
-75.0,165.0,2,0.63121,-32.62559
-75.0,165.0,3,0.76468,-8.80233
-75.0,165.0,4,0.76466,-14.88116
-75.0,165.0,5,0.72116,9.53526
-75.0,165.0,6,0.61485,16.4486
-75.0,170.0,0,0.65997,-32.46907
-75.0,170.0,1,0.60538,-25.72204
-75.0,170.0,2,0.61897,-33.07827
-75.0,170.0,3,0.71545,-8.85028
-75.0,170.0,4,0.74079,-15.09713
-75.0,170.0,5,0.69353,11.38798
-75.0,170.0,6,0.58286,16.41529
-75.0,175.0,0,0.643,-32.43615
-75.0,175.0,1,0.56251,-26.34792
-75.0,175.0,2,0.60185,-32.78958
-75.0,175.0,3,0.67416,-7.957
-75.0,175.0,4,0.71232,-13.00816
-75.0,175.0,5,0.64228,10.36842
-75.0,175.0,6,0.5604,15.69018
-75.0,180.0,0,0.61915,-34.84489
-75.0,180.0,1,0.50887,-27.26134
-75.0,180.0,2,0.57138,-30.17173
-75.0,180.0,3,0.61677,-5.99171
-75.0,180.0,4,0.69397,-12.77333
-75.0,180.0,5,0.5858,13.15322
-75.0,180.0,6,0.55838,18.27605
-70.0,0.0,0,0.61913,-11.06021
-70.0,0.0,1,0.52446,-2.92972
-70.0,0.0,2,0.5783,-14.08968
-70.0,0.0,3,0.59386,3.37017
-70.0,0.0,4,0.70426,-13.97733
-70.0,0.0,5,0.61102,0.49836
-70.0,0.0,6,0.5772,-0.93223
-70.0,5.0,0,0.66255,-10.15693
-70.0,5.0,1,0.56496,-1.4047
-70.0,5.0,2,0.62062,-15.01334
-70.0,5.0,3,0.65121,3.56634
-70.0,5.0,4,0.74857,-15.14204
-70.0,5.0,5,0.67466,3.45607
-70.0,5.0,6,0.63992,-0.72952
-70.0,10.0,0,0.70419,-12.59013
-70.0,10.0,1,0.61727,-3.79758
-70.0,10.0,2,0.66341,-14.41362
-70.0,10.0,3,0.7047,2.82126
-70.0,10.0,4,0.79247,-15.5924
-70.0,10.0,5,0.72186,1.62429
-70.0,10.0,6,0.68415,-0.33545
-70.0,15.0,0,0.73871,-11.79979
-70.0,15.0,1,0.65638,-2.88102
-70.0,15.0,2,0.70682,-15.81106
-70.0,15.0,3,0.74738,1.51203
-70.0,15.0,4,0.84574,-17.28757
-70.0,15.0,5,0.75283,0.5346
-70.0,15.0,6,0.71683,-1.19341
-70.0,20.0,0,0.77532,-13.19615
-70.0,20.0,1,0.70106,-3.36604
-70.0,20.0,2,0.74333,-16.93276
-70.0,20.0,3,0.78199,0.1118
-70.0,20.0,4,0.8703,-17.79906
-70.0,20.0,5,0.75964,-0.14744
-70.0,20.0,6,0.7309,-1.5279
-70.0,25.0,0,0.81407,-10.91133
-70.0,25.0,1,0.72679,-7.08105
-70.0,25.0,2,0.77387,-16.63594
-70.0,25.0,3,0.79801,-0.22987
-70.0,25.0,4,0.88807,-16.93781
-70.0,25.0,5,0.78983,-0.46438
-70.0,25.0,6,0.72945,0.21758
-70.0,30.0,0,0.85347,-11.67682
-70.0,30.0,1,0.76106,-5.59177
-70.0,30.0,2,0.80223,-16.77531
-70.0,30.0,3,0.82477,-1.69454
-70.0,30.0,4,0.89416,-18.66477
-70.0,30.0,5,0.78519,-1.49252
-70.0,30.0,6,0.73644,-1.72672
-70.0,35.0,0,0.8965,-11.68881
-70.0,35.0,1,0.80235,-5.83437
-70.0,35.0,2,0.82662,-18.76869
-70.0,35.0,3,0.83928,-1.20275
-70.0,35.0,4,0.9082,-17.65167
-70.0,35.0,5,0.81255,0.65532
-70.0,35.0,6,0.76179,-2.49582
-70.0,40.0,0,0.90306,-13.3419
-70.0,40.0,1,0.81564,-7.05416
-70.0,40.0,2,0.8409,-18.85784
-70.0,40.0,3,0.84012,-3.08051
-70.0,40.0,4,0.92962,-16.3171
-70.0,40.0,5,0.82886,-0.86274
-70.0,40.0,6,0.80748,0.14085
-70.0,45.0,0,0.94419,-13.68999
-70.0,45.0,1,0.84291,-8.36511
-70.0,45.0,2,0.85407,-21.26886
-70.0,45.0,3,0.85828,-2.82071
-70.0,45.0,4,0.94206,-18.52317
-70.0,45.0,5,0.85668,-1.78866
-70.0,45.0,6,0.8527,0.26644
-70.0,50.0,0,0.96674,-14.88099
-70.0,50.0,1,0.85136,-8.07614
-70.0,50.0,2,0.87369,-20.78624
-70.0,50.0,3,0.87153,-3.52257
-70.0,50.0,4,0.96998,-19.67619
-70.0,50.0,5,0.9139,-1.24005
-70.0,50.0,6,0.90181,0.58804
-70.0,55.0,0,0.99427,-15.86322
-70.0,55.0,1,0.86087,-8.91488
-70.0,55.0,2,0.87359,-20.13635
-70.0,55.0,3,0.89876,-5.06669
-70.0,55.0,4,1.01125,-17.66417
-70.0,55.0,5,0.96107,-1.69624
-70.0,55.0,6,0.93643,1.20479
-70.0,60.0,0,1.00658,-16.28635
-70.0,60.0,1,0.87547,-10.59888
-70.0,60.0,2,0.88378,-21.83796
-70.0,60.0,3,0.91534,-4.05418
-70.0,60.0,4,1.04633,-19.62441
-70.0,60.0,5,0.99831,-1.29042
-70.0,60.0,6,0.95031,0.24997
-70.0,65.0,0,1.02287,-16.68575
-70.0,65.0,1,0.88158,-10.71723
-70.0,65.0,2,0.89417,-23.75622
-70.0,65.0,3,0.9401,-4.70695
-70.0,65.0,4,1.08287,-21.06649
-70.0,65.0,5,1.01223,-1.93216
-70.0,65.0,6,0.95077,2.98789
-70.0,70.0,0,1.02373,-15.19378
-70.0,70.0,1,0.88803,-11.86583
-70.0,70.0,2,0.9102,-24.47155
-70.0,70.0,3,0.97061,-6.49858
-70.0,70.0,4,1.11048,-21.47196
-70.0,70.0,5,1.01607,-1.61782
-70.0,70.0,6,0.94168,2.2068
-70.0,75.0,0,1.02699,-18.92177
-70.0,75.0,1,0.87913,-12.0281
-70.0,75.0,2,0.91005,-24.65206
-70.0,75.0,3,0.99529,-4.65118
-70.0,75.0,4,1.12938,-19.48026
-70.0,75.0,5,1.00894,0.99407
-70.0,75.0,6,0.91823,5.06511
-70.0,80.0,0,1.03276,-19.6276
-70.0,80.0,1,0.88601,-13.27079
-70.0,80.0,2,0.94444,-25.88013
-70.0,80.0,3,1.02124,-6.66383
-70.0,80.0,4,1.12771,-18.67669
-70.0,80.0,5,0.99353,-0.24282
-70.0,80.0,6,0.92804,3.93012
-70.0,85.0,0,1.03519,-19.86254
-70.0,85.0,1,0.87601,-12.01589
-70.0,85.0,2,0.95387,-25.13311
-70.0,85.0,3,1.03641,-7.92076
-70.0,85.0,4,1.12143,-20.20739
-70.0,85.0,5,0.97381,-1.02693
-70.0,85.0,6,0.94693,6.23666
-70.0,90.0,0,1.02745,-20.89855
-70.0,90.0,1,0.89213,-16.24877
-70.0,90.0,2,0.96684,-26.8365
-70.0,90.0,3,1.04197,-8.57963
-70.0,90.0,4,1.09881,-20.08691
-70.0,90.0,5,0.97187,2.01506
-70.0,90.0,6,0.97731,5.78153
-70.0,95.0,0,1.00989,-19.58757
-70.0,95.0,1,0.88515,-16.45946
-70.0,95.0,2,0.96973,-27.35522
-70.0,95.0,3,1.03972,-7.01985
-70.0,95.0,4,1.07401,-20.16675
-70.0,95.0,5,0.96832,1.97563
-70.0,95.0,6,0.99805,5.54384
-70.0,100.0,0,1.00444,-20.19998
-70.0,100.0,1,0.88958,-17.40739
-70.0,100.0,2,0.98904,-27.10645
-70.0,100.0,3,1.02041,-8.66964
-70.0,100.0,4,1.05836,-19.02901
-70.0,100.0,5,0.99038,0.52925
-70.0,100.0,6,1.00932,9.99545
-70.0,105.0,0,0.99048,-20.61135
-70.0,105.0,1,0.88511,-17.4813
-70.0,105.0,2,0.98542,-28.14503
-70.0,105.0,3,0.99852,-7.54169
-70.0,105.0,4,1.04763,-18.98425
-70.0,105.0,5,0.99808,3.329
-70.0,105.0,6,0.99688,8.32752
-70.0,110.0,0,0.9787,-22.88259
-70.0,110.0,1,0.88452,-19.96743
-70.0,110.0,2,0.98837,-28.44091
-70.0,110.0,3,0.96623,-10.7687
-70.0,110.0,4,1.03659,-19.45826
-70.0,110.0,5,1.02552,2.38334
-70.0,110.0,6,0.96411,9.3474
-70.0,115.0,0,0.956,-24.40281
-70.0,115.0,1,0.88033,-20.21781
-70.0,115.0,2,0.96119,-29.80504
-70.0,115.0,3,0.93646,-10.98679
-70.0,115.0,4,1.04889,-18.35232
-70.0,115.0,5,1.01611,3.25801
-70.0,115.0,6,0.91758,7.9712
-70.0,120.0,0,0.93295,-24.86532
-70.0,120.0,1,0.87102,-18.1387
-70.0,120.0,2,0.94731,-30.30828
-70.0,120.0,3,0.90557,-7.19475
-70.0,120.0,4,1.05237,-21.00647
-70.0,120.0,5,0.9808,6.5663
-70.0,120.0,6,0.8937,11.09998
-70.0,125.0,0,0.91859,-26.70817
-70.0,125.0,1,0.86331,-19.38236
-70.0,125.0,2,0.92142,-31.41599
-70.0,125.0,3,0.88832,-9.53523
-70.0,125.0,4,1.05723,-18.62504
-70.0,125.0,5,0.95195,3.73118
-70.0,125.0,6,0.86793,11.04939
-70.0,130.0,0,0.89123,-26.34022
-70.0,130.0,1,0.85268,-20.85338
-70.0,130.0,2,0.88591,-30.28483
-70.0,130.0,3,0.86598,-8.27876
-70.0,130.0,4,1.04284,-16.94837
-70.0,130.0,5,0.90576,8.75663
-70.0,130.0,6,0.85399,10.86555
-70.0,135.0,0,0.8557,-26.9773
-70.0,135.0,1,0.83537,-20.87319
-70.0,135.0,2,0.84362,-31.10846
-70.0,135.0,3,0.85771,-7.46445
-70.0,135.0,4,1.0136,-17.90577
-70.0,135.0,5,0.86101,6.96931
-70.0,135.0,6,0.8532,12.89923
-70.0,140.0,0,0.834,-27.49047
-70.0,140.0,1,0.80834,-22.18271
-70.0,140.0,2,0.82255,-32.32693
-70.0,140.0,3,0.85321,-6.92411
-70.0,140.0,4,0.98874,-16.23804
-70.0,140.0,5,0.83106,6.87926
-70.0,140.0,6,0.84389,13.31999
-70.0,145.0,0,0.80591,-28.13457
-70.0,145.0,1,0.78368,-20.53497
-70.0,145.0,2,0.78417,-32.1971
-70.0,145.0,3,0.82321,-7.65587
-70.0,145.0,4,0.94605,-16.22925
-70.0,145.0,5,0.79528,7.17704
-70.0,145.0,6,0.84313,13.02659
-70.0,150.0,0,0.77575,-28.94188
-70.0,150.0,1,0.76721,-23.46817
-70.0,150.0,2,0.72812,-29.85127
-70.0,150.0,3,0.81869,-6.98907
-70.0,150.0,4,0.89234,-16.88385
-70.0,150.0,5,0.79122,11.0469
-70.0,150.0,6,0.80093,14.56772
-70.0,155.0,0,0.75702,-28.74547
-70.0,155.0,1,0.73173,-23.13614
-70.0,155.0,2,0.70254,-30.78339
-70.0,155.0,3,0.8109,-8.60205
-70.0,155.0,4,0.84987,-14.37426
-70.0,155.0,5,0.77649,10.47286
-70.0,155.0,6,0.75572,15.56809
-70.0,160.0,0,0.72844,-29.54007
-70.0,160.0,1,0.69712,-23.95176
-70.0,160.0,2,0.66711,-31.95388
-70.0,160.0,3,0.77813,-6.29736
-70.0,160.0,4,0.79719,-14.09236
-70.0,160.0,5,0.77247,11.35262
-70.0,160.0,6,0.6928,16.69547
-70.0,165.0,0,0.70194,-32.36928
-70.0,165.0,1,0.65344,-25.81827
-70.0,165.0,2,0.64027,-30.99211
-70.0,165.0,3,0.73833,-7.28173
-70.0,165.0,4,0.75835,-14.49219
-70.0,165.0,5,0.74659,12.53613
-70.0,165.0,6,0.63896,18.30809
-70.0,170.0,0,0.67908,-31.65311
-70.0,170.0,1,0.60703,-22.64129
-70.0,170.0,2,0.61109,-33.54636
-70.0,170.0,3,0.69943,-6.16258
-70.0,170.0,4,0.73699,-13.54768
-70.0,170.0,5,0.71795,12.45
-70.0,170.0,6,0.60785,17.76361
-70.0,175.0,0,0.65115,-31.62368
-70.0,175.0,1,0.56526,-24.32777
-70.0,175.0,2,0.5895,-29.33348
-70.0,175.0,3,0.65551,-5.94882
-70.0,175.0,4,0.72372,-12.23157
-70.0,175.0,5,0.66784,13.79447
-70.0,175.0,6,0.58386,18.04438
-70.0,180.0,0,0.61961,-33.52732
-70.0,180.0,1,0.52534,-25.5914
-70.0,180.0,2,0.56613,-32.11899
-70.0,180.0,3,0.60956,-4.0353
-70.0,180.0,4,0.7058,-11.59242
-70.0,180.0,5,0.60125,12.81127
-70.0,180.0,6,0.56526,19.8655
-65.0,0.0,0,0.62362,-11.16123
-65.0,0.0,1,0.52523,0.7724
-65.0,0.0,2,0.55531,-11.43099
-65.0,0.0,3,0.57838,5.94655
-65.0,0.0,4,0.68859,-10.92633
-65.0,0.0,5,0.64585,4.54242
-65.0,0.0,6,0.60671,-0.45672
-65.0,5.0,0,0.67529,-8.99546
-65.0,5.0,1,0.5741,-0.7734
-65.0,5.0,2,0.599,-12.94292
-65.0,5.0,3,0.63752,3.51004
-65.0,5.0,4,0.74782,-10.86295
-65.0,5.0,5,0.68283,2.81258
-65.0,5.0,6,0.67357,3.058
-65.0,10.0,0,0.70945,-9.08987
-65.0,10.0,1,0.61726,-2.45511
-65.0,10.0,2,0.66019,-11.79511
-65.0,10.0,3,0.68142,5.71565
-65.0,10.0,4,0.79849,-11.24481
-65.0,10.0,5,0.74413,2.71465
-65.0,10.0,6,0.71569,0.61008
-65.0,15.0,0,0.75108,-9.48447
-65.0,15.0,1,0.66996,-0.71365
-65.0,15.0,2,0.70654,-12.25199
-65.0,15.0,3,0.71907,3.47268
-65.0,15.0,4,0.83179,-13.99391
-65.0,15.0,5,0.76284,3.0279
-65.0,15.0,6,0.7387,-0.073
-65.0,20.0,0,0.78526,-9.27831
-65.0,20.0,1,0.7062,-1.22408
-65.0,20.0,2,0.73922,-13.25153
-65.0,20.0,3,0.76101,2.77517
-65.0,20.0,4,0.86245,-15.72498
-65.0,20.0,5,0.79001,2.006
-65.0,20.0,6,0.74423,0.9722
-65.0,25.0,0,0.82678,-11.91024
-65.0,25.0,1,0.74392,-2.93919
-65.0,25.0,2,0.77711,-14.73193
-65.0,25.0,3,0.78534,2.37302
-65.0,25.0,4,0.87199,-14.6656
-65.0,25.0,5,0.80446,1.67931
-65.0,25.0,6,0.76096,1.65495
-65.0,30.0,0,0.8603,-12.31952
-65.0,30.0,1,0.77488,-6.27115
-65.0,30.0,2,0.78988,-14.58202
-65.0,30.0,3,0.79255,1.47193
-65.0,30.0,4,0.88407,-14.60296
-65.0,30.0,5,0.81416,2.36539
-65.0,30.0,6,0.77337,2.19128
-65.0,35.0,0,0.88812,-10.42169
-65.0,35.0,1,0.79768,-3.99664
-65.0,35.0,2,0.81673,-15.50092
-65.0,35.0,3,0.81517,0.64535
-65.0,35.0,4,0.9022,-15.81899
-65.0,35.0,5,0.82573,2.64036
-65.0,35.0,6,0.79834,1.38229
-65.0,40.0,0,0.92049,-11.13522
-65.0,40.0,1,0.81977,-5.58813
-65.0,40.0,2,0.82755,-18.08372
-65.0,40.0,3,0.8228,0.04588
-65.0,40.0,4,0.91194,-15.30528
-65.0,40.0,5,0.84101,3.21414
-65.0,40.0,6,0.83974,2.09236
-65.0,45.0,0,0.94466,-11.82615
-65.0,45.0,1,0.83944,-6.29726
-65.0,45.0,2,0.84665,-17.72306
-65.0,45.0,3,0.83748,-1.87926
-65.0,45.0,4,0.92635,-15.30511
-65.0,45.0,5,0.8913,1.69295
-65.0,45.0,6,0.89075,2.53482
-65.0,50.0,0,0.96269,-13.2382
-65.0,50.0,1,0.86373,-6.84326
-65.0,50.0,2,0.85958,-18.60931
-65.0,50.0,3,0.84738,-2.39254
-65.0,50.0,4,0.96149,-15.93661
-65.0,50.0,5,0.92463,2.10144
-65.0,50.0,6,0.9285,4.47102
-65.0,55.0,0,0.99097,-13.62807
-65.0,55.0,1,0.86834,-6.74007
-65.0,55.0,2,0.86164,-18.44624
-65.0,55.0,3,0.87956,-2.22554
-65.0,55.0,4,0.99392,-16.47409
-65.0,55.0,5,0.97422,0.97594
-65.0,55.0,6,0.97422,4.05271
-65.0,60.0,0,1.00224,-13.65648
-65.0,60.0,1,0.88174,-8.5919
-65.0,60.0,2,0.87861,-20.54318
-65.0,60.0,3,0.89084,-4.85664
-65.0,60.0,4,1.0246,-17.50766
-65.0,60.0,5,1.01771,0.40424
-65.0,60.0,6,0.98551,5.0376
-65.0,65.0,0,1.02392,-16.78361
-65.0,65.0,1,0.88802,-9.63746
-65.0,65.0,2,0.88881,-21.41213
-65.0,65.0,3,0.91539,-1.48089
-65.0,65.0,4,1.05968,-18.93889
-65.0,65.0,5,1.04081,1.36506
-65.0,65.0,6,0.98298,2.88149
-65.0,70.0,0,1.03124,-16.6424
-65.0,70.0,1,0.88152,-11.57175
-65.0,70.0,2,0.90419,-22.54811
-65.0,70.0,3,0.95208,-3.87058
-65.0,70.0,4,1.09874,-19.39213
-65.0,70.0,5,1.03994,2.2363
-65.0,70.0,6,0.96121,3.78009
-65.0,75.0,0,1.02734,-18.74978
-65.0,75.0,1,0.89101,-10.65355
-65.0,75.0,2,0.91334,-22.99685
-65.0,75.0,3,0.97718,-3.53322
-65.0,75.0,4,1.11967,-17.35438
-65.0,75.0,5,1.02489,2.40852
-65.0,75.0,6,0.95643,3.9405
-65.0,80.0,0,1.0353,-19.06121
-65.0,80.0,1,0.88512,-10.99804
-65.0,80.0,2,0.93365,-25.83267
-65.0,80.0,3,1.00115,-5.06648
-65.0,80.0,4,1.11636,-19.49887
-65.0,80.0,5,1.0107,2.99843
-65.0,80.0,6,0.96842,6.58188
-65.0,85.0,0,1.02647,-17.45094
-65.0,85.0,1,0.90185,-13.08893
-65.0,85.0,2,0.94059,-23.56518
-65.0,85.0,3,1.01137,-5.51238
-65.0,85.0,4,1.10946,-18.51829
-65.0,85.0,5,0.99775,3.35692
-65.0,85.0,6,0.98139,6.76522
-65.0,90.0,0,1.0294,-18.58749
-65.0,90.0,1,0.88836,-11.90439
-65.0,90.0,2,0.96397,-24.76455
-65.0,90.0,3,1.02516,-5.99461
-65.0,90.0,4,1.08258,-19.94589
-65.0,90.0,5,0.99017,4.22259
-65.0,90.0,6,1.00693,7.78295
-65.0,95.0,0,1.01468,-21.15955
-65.0,95.0,1,0.89009,-16.38624
-65.0,95.0,2,0.96982,-25.46753
-65.0,95.0,3,1.01086,-7.70028
-65.0,95.0,4,1.06985,-17.75375
-65.0,95.0,5,0.998,1.73107
-65.0,95.0,6,1.03201,7.54043
-65.0,100.0,0,1.00774,-19.59914
-65.0,100.0,1,0.89252,-14.16686
-65.0,100.0,2,0.98481,-27.08245
-65.0,100.0,3,0.99601,-4.58198
-65.0,100.0,4,1.05924,-18.2721
-65.0,100.0,5,1.01367,4.66681
-65.0,100.0,6,1.04221,7.20984
-65.0,105.0,0,0.99605,-21.13961
-65.0,105.0,1,0.8911,-16.3952
-65.0,105.0,2,0.9908,-27.29231
-65.0,105.0,3,0.98612,-4.87471
-65.0,105.0,4,1.0338,-16.58291
-65.0,105.0,5,1.03466,4.69158
-65.0,105.0,6,1.01584,9.4319
-65.0,110.0,0,0.97832,-19.74472
-65.0,110.0,1,0.89501,-15.69435
-65.0,110.0,2,0.97995,-26.41841
-65.0,110.0,3,0.9455,-7.31978
-65.0,110.0,4,1.025,-18.35654
-65.0,110.0,5,1.03886,7.66115
-65.0,110.0,6,0.98842,10.83819
-65.0,115.0,0,0.95849,-24.72527
-65.0,115.0,1,0.88381,-19.59228
-65.0,115.0,2,0.97049,-27.01279
-65.0,115.0,3,0.91614,-7.04676
-65.0,115.0,4,1.02982,-17.61867
-65.0,115.0,5,1.03878,5.0942
-65.0,115.0,6,0.95247,10.08022
-65.0,120.0,0,0.94353,-23.64457
-65.0,120.0,1,0.88377,-19.06506
-65.0,120.0,2,0.93053,-27.77232
-65.0,120.0,3,0.8936,-5.82762
-65.0,120.0,4,1.0358,-15.94027
-65.0,120.0,5,1.01777,6.32701
-65.0,120.0,6,0.9059,12.71284
-65.0,125.0,0,0.91659,-25.13671
-65.0,125.0,1,0.86343,-17.2434
-65.0,125.0,2,0.91643,-28.63376
-65.0,125.0,3,0.86303,-7.45536
-65.0,125.0,4,1.03811,-17.5061
-65.0,125.0,5,0.98281,7.10875
-65.0,125.0,6,0.89964,13.00693
-65.0,130.0,0,0.88857,-23.50517
-65.0,130.0,1,0.85774,-20.13654
-65.0,130.0,2,0.887,-28.67118
-65.0,130.0,3,0.84869,-8.58942
-65.0,130.0,4,1.02171,-14.801
-65.0,130.0,5,0.92892,8.80696
-65.0,130.0,6,0.88115,13.95496
-65.0,135.0,0,0.85937,-26.58221
-65.0,135.0,1,0.84988,-20.01373
-65.0,135.0,2,0.84307,-29.43874
-65.0,135.0,3,0.83417,-4.55602
-65.0,135.0,4,1.01288,-14.73873
-65.0,135.0,5,0.88413,9.64775
-65.0,135.0,6,0.88997,13.79176
-65.0,140.0,0,0.83473,-27.38555
-65.0,140.0,1,0.82907,-21.39431
-65.0,140.0,2,0.80362,-28.35839
-65.0,140.0,3,0.82239,-8.14545
-65.0,140.0,4,0.98916,-14.53389
-65.0,140.0,5,0.84703,9.61729
-65.0,140.0,6,0.89015,14.79981
-65.0,145.0,0,0.82612,-27.46898
-65.0,145.0,1,0.80266,-21.00887
-65.0,145.0,2,0.76299,-29.45775
-65.0,145.0,3,0.82139,-6.41454
-65.0,145.0,4,0.9379,-13.61269
-65.0,145.0,5,0.82139,11.57281
-65.0,145.0,6,0.86748,16.52856
-65.0,150.0,0,0.78573,-28.96526
-65.0,150.0,1,0.76991,-19.12607
-65.0,150.0,2,0.72457,-28.70195
-65.0,150.0,3,0.80167,-6.32871
-65.0,150.0,4,0.89372,-13.34712
-65.0,150.0,5,0.80393,9.78289
-65.0,150.0,6,0.84016,17.08045
-65.0,155.0,0,0.75584,-29.30613
-65.0,155.0,1,0.73747,-21.71542
-65.0,155.0,2,0.68807,-29.68504
-65.0,155.0,3,0.78062,-4.66976
-65.0,155.0,4,0.84329,-10.6152
-65.0,155.0,5,0.79684,12.57584
-65.0,155.0,6,0.78276,16.48586
-65.0,160.0,0,0.72735,-30.68812
-65.0,160.0,1,0.70264,-22.89003
-65.0,160.0,2,0.66004,-29.60371
-65.0,160.0,3,0.75749,-4.8332
-65.0,160.0,4,0.79224,-11.84028
-65.0,160.0,5,0.79149,11.73248
-65.0,160.0,6,0.71983,18.68431
-65.0,165.0,0,0.70308,-30.14669
-65.0,165.0,1,0.65989,-23.81451
-65.0,165.0,2,0.62866,-29.6444
-65.0,165.0,3,0.7292,-4.90364
-65.0,165.0,4,0.74905,-10.98114
-65.0,165.0,5,0.77794,13.72028
-65.0,165.0,6,0.67006,19.45301
-65.0,170.0,0,0.68173,-31.02429
-65.0,170.0,1,0.61336,-22.6189
-65.0,170.0,2,0.60542,-28.50003
-65.0,170.0,3,0.67781,-3.4562
-65.0,170.0,4,0.72207,-8.39004
-65.0,170.0,5,0.73106,13.76674
-65.0,170.0,6,0.63018,16.71305
-65.0,175.0,0,0.64987,-30.40818
-65.0,175.0,1,0.57953,-22.3834
-65.0,175.0,2,0.58187,-29.96099
-65.0,175.0,3,0.62985,-4.56735
-65.0,175.0,4,0.69481,-8.60461
-65.0,175.0,5,0.68898,16.905
-65.0,175.0,6,0.60645,20.40732
-65.0,180.0,0,0.61732,-30.95569
-65.0,180.0,1,0.53126,-24.56297
-65.0,180.0,2,0.55649,-27.79562
-65.0,180.0,3,0.57365,-2.88605
-65.0,180.0,4,0.68849,-9.86316
-65.0,180.0,5,0.6387,18.16784
-65.0,180.0,6,0.60147,21.11736
-60.0,0.0,0,0.63298,-9.15405
-60.0,0.0,1,0.54301,-0.69002
-60.0,0.0,2,0.55966,-10.80873
-60.0,0.0,3,0.55895,8.58148
-60.0,0.0,4,0.67363,-11.3443
-60.0,0.0,5,0.64077,3.85478
-60.0,0.0,6,0.64193,2.52346
-60.0,5.0,0,0.67234,-8.81054
-60.0,5.0,1,0.58617,-0.71977
-60.0,5.0,2,0.60653,-9.77124
-60.0,5.0,3,0.60335,7.03885
-60.0,5.0,4,0.72631,-11.04492
-60.0,5.0,5,0.70343,5.85945
-60.0,5.0,6,0.70284,1.96029
-60.0,10.0,0,0.71113,-9.25471
-60.0,10.0,1,0.63142,0.50888
-60.0,10.0,2,0.65144,-10.2634
-60.0,10.0,3,0.66521,5.50672
-60.0,10.0,4,0.77441,-10.69613
-60.0,10.0,5,0.74575,5.28211
-60.0,10.0,6,0.74765,2.71563
-60.0,15.0,0,0.75519,-9.24998
-60.0,15.0,1,0.67027,-1.59454
-60.0,15.0,2,0.70094,-11.59789
-60.0,15.0,3,0.70579,5.12805
-60.0,15.0,4,0.81045,-10.74407
-60.0,15.0,5,0.7825,3.84202
-60.0,15.0,6,0.78107,1.87796
-60.0,20.0,0,0.79306,-9.67961
-60.0,20.0,1,0.70589,-0.57955
-60.0,20.0,2,0.7359,-12.68007
-60.0,20.0,3,0.73566,4.19233
-60.0,20.0,4,0.83244,-11.99703
-60.0,20.0,5,0.80017,5.22969
-60.0,20.0,6,0.79735,1.6997
-60.0,25.0,0,0.8311,-9.3634
-60.0,25.0,1,0.74935,-2.22754
-60.0,25.0,2,0.76677,-14.15431
-60.0,25.0,3,0.76582,4.60091
-60.0,25.0,4,0.85973,-12.63873
-60.0,25.0,5,0.82065,3.85719
-60.0,25.0,6,0.8017,1.19085
-60.0,30.0,0,0.86048,-11.4737
-60.0,30.0,1,0.78337,-3.05746
-60.0,30.0,2,0.80085,-13.89319
-60.0,30.0,3,0.78466,2.9207
-60.0,30.0,4,0.87423,-13.47963
-60.0,30.0,5,0.81973,2.30476
-60.0,30.0,6,0.79694,1.46962
-60.0,35.0,0,0.89841,-10.78653
-60.0,35.0,1,0.8005,-4.49889
-60.0,35.0,2,0.8086,-14.28611
-60.0,35.0,3,0.78877,1.50133
-60.0,35.0,4,0.88162,-14.29443
-60.0,35.0,5,0.83559,3.78701
-60.0,35.0,6,0.82733,1.19919
-60.0,40.0,0,0.92516,-9.43919
-60.0,40.0,1,0.82662,-2.85172
-60.0,40.0,2,0.82771,-16.58452
-60.0,40.0,3,0.8103,1.29511
-60.0,40.0,4,0.88229,-15.49823
-60.0,40.0,5,0.85364,2.41395
-60.0,40.0,6,0.87726,3.99789
-60.0,45.0,0,0.95274,-11.54049
-60.0,45.0,1,0.84879,-6.44789
-60.0,45.0,2,0.84286,-16.72955
-60.0,45.0,3,0.81883,1.27171
-60.0,45.0,4,0.91821,-15.0468
-60.0,45.0,5,0.89277,2.49306
-60.0,45.0,6,0.91877,4.49302
-60.0,50.0,0,0.97651,-13.60774
-60.0,50.0,1,0.86344,-3.84601
-60.0,50.0,2,0.8637,-16.02664
-60.0,50.0,3,0.82938,1.78709
-60.0,50.0,4,0.94147,-16.15721
-60.0,50.0,5,0.93976,1.91207
-60.0,50.0,6,0.97104,6.03459
-60.0,55.0,0,0.9977,-12.82672
-60.0,55.0,1,0.8818,-6.8437
-60.0,55.0,2,0.86311,-19.11053
-60.0,55.0,3,0.84127,-0.84934
-60.0,55.0,4,0.97185,-17.52094
-60.0,55.0,5,0.98196,2.00299
-60.0,55.0,6,1.00253,5.70099
-60.0,60.0,0,1.01382,-12.73125
-60.0,60.0,1,0.88521,-8.24556
-60.0,60.0,2,0.86726,-17.32186
-60.0,60.0,3,0.85818,-1.52501
-60.0,60.0,4,1.01716,-17.1195
-60.0,60.0,5,1.02577,2.34001
-60.0,60.0,6,1.02077,6.3292
-60.0,65.0,0,1.02712,-14.50643
-60.0,65.0,1,0.89146,-6.66618
-60.0,65.0,2,0.89207,-19.30108
-60.0,65.0,3,0.89068,-2.0399
-60.0,65.0,4,1.05753,-16.57485
-60.0,65.0,5,1.04096,2.42804
-60.0,65.0,6,1.01422,6.39029
-60.0,70.0,0,1.03493,-15.95743
-60.0,70.0,1,0.90202,-10.22315
-60.0,70.0,2,0.90117,-19.67824
-60.0,70.0,3,0.92284,-3.8564
-60.0,70.0,4,1.08553,-15.36487
-60.0,70.0,5,1.0478,2.90786
-60.0,70.0,6,1.00427,4.66392
-60.0,75.0,0,1.04034,-13.39967
-60.0,75.0,1,0.89738,-8.6653
-60.0,75.0,2,0.90782,-20.96381
-60.0,75.0,3,0.956,-2.13745
-60.0,75.0,4,1.09515,-17.74181
-60.0,75.0,5,1.04199,2.83841
-60.0,75.0,6,0.9972,5.56003
-60.0,80.0,0,1.04156,-15.99846
-60.0,80.0,1,0.89696,-9.58352
-60.0,80.0,2,0.92958,-20.48835
-60.0,80.0,3,0.983,-1.84749
-60.0,80.0,4,1.08889,-14.84041
-60.0,80.0,5,1.01923,4.07052
-60.0,80.0,6,0.98839,6.68354
-60.0,85.0,0,1.03411,-17.06691
-60.0,85.0,1,0.90023,-11.73218
-60.0,85.0,2,0.94562,-21.90364
-60.0,85.0,3,0.99242,-4.0696
-60.0,85.0,4,1.09367,-15.75441
-60.0,85.0,5,1.00121,5.33751
-60.0,85.0,6,1.0149,10.18595
-60.0,90.0,0,1.03437,-17.15002
-60.0,90.0,1,0.89971,-13.09829
-60.0,90.0,2,0.95965,-23.64117
-60.0,90.0,3,0.9987,-2.67594
-60.0,90.0,4,1.06511,-14.44748
-60.0,90.0,5,0.99528,3.79088
-60.0,90.0,6,1.04461,8.59048
-60.0,95.0,0,1.01817,-18.34336
-60.0,95.0,1,0.89753,-12.90173
-60.0,95.0,2,0.97038,-23.89586
-60.0,95.0,3,0.99073,-3.41972
-60.0,95.0,4,1.04639,-15.91269
-60.0,95.0,5,0.99516,6.08319
-60.0,95.0,6,1.06123,9.33033
-60.0,100.0,0,1.00835,-20.17038
-60.0,100.0,1,0.89421,-13.00031
-60.0,100.0,2,0.97697,-24.90611
-60.0,100.0,3,0.97759,-5.09617
-60.0,100.0,4,1.03408,-16.55771
-60.0,100.0,5,1.0214,5.31669
-60.0,100.0,6,1.06576,8.82116
-60.0,105.0,0,0.99812,-22.41536
-60.0,105.0,1,0.88921,-15.35901
-60.0,105.0,2,0.98306,-26.0257
-60.0,105.0,3,0.9611,-4.80507
-60.0,105.0,4,1.01448,-14.25274
-60.0,105.0,5,1.03834,6.22141
-60.0,105.0,6,1.0576,11.79324
-60.0,110.0,0,0.98601,-21.65295
-60.0,110.0,1,0.89437,-14.48812
-60.0,110.0,2,0.9712,-25.40887
-60.0,110.0,3,0.92947,-4.88414
-60.0,110.0,4,1.00616,-17.66563
-60.0,110.0,5,1.04495,6.09644
-60.0,110.0,6,1.03006,11.31211
-60.0,115.0,0,0.9591,-20.84515
-60.0,115.0,1,0.89471,-17.16717
-60.0,115.0,2,0.96525,-26.62825
-60.0,115.0,3,0.89262,-4.67286
-60.0,115.0,4,1.01184,-14.14187
-60.0,115.0,5,1.04653,9.00113
-60.0,115.0,6,0.98487,12.61405
-60.0,120.0,0,0.93262,-22.74405
-60.0,120.0,1,0.88471,-19.00882
-60.0,120.0,2,0.94332,-26.24068
-60.0,120.0,3,0.86348,-6.9336
-60.0,120.0,4,1.01397,-14.45902
-60.0,120.0,5,1.01974,9.99448
-60.0,120.0,6,0.96212,13.59085
-60.0,125.0,0,0.91827,-24.32011
-60.0,125.0,1,0.88714,-17.60463
-60.0,125.0,2,0.91595,-26.17076
-60.0,125.0,3,0.85206,-4.32666
-60.0,125.0,4,1.02602,-13.64978
-60.0,125.0,5,0.98488,8.3859
-60.0,125.0,6,0.92601,14.32393
-60.0,130.0,0,0.90149,-25.20962
-60.0,130.0,1,0.86698,-18.42227
-60.0,130.0,2,0.86657,-27.04094
-60.0,130.0,3,0.83648,-5.99565
-60.0,130.0,4,1.016,-14.87159
-60.0,130.0,5,0.93683,10.07956
-60.0,130.0,6,0.92467,15.20466
-60.0,135.0,0,0.87259,-24.56969
-60.0,135.0,1,0.85539,-18.93774
-60.0,135.0,2,0.84482,-26.15683
-60.0,135.0,3,0.81661,-5.35
-60.0,135.0,4,0.99284,-14.57756
-60.0,135.0,5,0.90488,11.20168
-60.0,135.0,6,0.91447,15.64277
-60.0,140.0,0,0.84944,-25.52767
-60.0,140.0,1,0.83066,-19.74661
-60.0,140.0,2,0.79845,-26.81115
-60.0,140.0,3,0.80916,-3.83852
-60.0,140.0,4,0.96235,-12.37198
-60.0,140.0,5,0.85468,11.43434
-60.0,140.0,6,0.92515,17.14693
-60.0,145.0,0,0.82354,-27.72037
-60.0,145.0,1,0.81142,-20.8651
-60.0,145.0,2,0.76939,-27.99187
-60.0,145.0,3,0.79398,-4.56011
-60.0,145.0,4,0.91856,-12.64293
-60.0,145.0,5,0.83346,10.85439
-60.0,145.0,6,0.91396,17.87986
-60.0,150.0,0,0.79833,-27.86149
-60.0,150.0,1,0.78204,-21.01326
-60.0,150.0,2,0.72054,-28.296
-60.0,150.0,3,0.77234,-2.77667
-60.0,150.0,4,0.86781,-11.45357
-60.0,150.0,5,0.81539,13.95143
-60.0,150.0,6,0.87936,18.1516
-60.0,155.0,0,0.77328,-28.12642
-60.0,155.0,1,0.74831,-22.38413
-60.0,155.0,2,0.68485,-26.7211
-60.0,155.0,3,0.76662,-0.98347
-60.0,155.0,4,0.81573,-9.72659
-60.0,155.0,5,0.80492,13.4823
-60.0,155.0,6,0.81719,18.46928
-60.0,160.0,0,0.74245,-27.66357
-60.0,160.0,1,0.7123,-22.23916
-60.0,160.0,2,0.6639,-27.41682
-60.0,160.0,3,0.72856,-1.26758
-60.0,160.0,4,0.7724,-8.96034
-60.0,160.0,5,0.79949,14.692
-60.0,160.0,6,0.76519,18.49263
-60.0,165.0,0,0.71383,-28.80377
-60.0,165.0,1,0.67402,-21.38443
-60.0,165.0,2,0.62687,-28.05843
-60.0,165.0,3,0.70949,-1.84656
-60.0,165.0,4,0.73444,-9.86393
-60.0,165.0,5,0.78416,16.78431
-60.0,165.0,6,0.69766,22.43213
-60.0,170.0,0,0.68985,-30.46993
-60.0,170.0,1,0.62051,-19.14523
-60.0,170.0,2,0.60716,-27.98443
-60.0,170.0,3,0.6529,-0.56441
-60.0,170.0,4,0.69567,-8.21084
-60.0,170.0,5,0.74542,15.63768
-60.0,170.0,6,0.66631,20.73206
-60.0,175.0,0,0.66224,-30.46236
-60.0,175.0,1,0.59083,-22.78236
-60.0,175.0,2,0.58752,-26.93869
-60.0,175.0,3,0.6179,-1.33455
-60.0,175.0,4,0.68719,-8.35245
-60.0,175.0,5,0.70345,17.76866
-60.0,175.0,6,0.646,21.93291
-60.0,180.0,0,0.63015,-33.25813
-60.0,180.0,1,0.54016,-23.04859
-60.0,180.0,2,0.559,-26.9108
-60.0,180.0,3,0.57129,-0.06652
-60.0,180.0,4,0.66289,-6.10988
-60.0,180.0,5,0.63378,17.37391
-60.0,180.0,6,0.63579,23.54301
-55.0,0.0,0,0.64235,-7.87736
-55.0,0.0,1,0.54248,2.26932
-55.0,0.0,2,0.56567,-9.94678
-55.0,0.0,3,0.54174,12.80419
-55.0,0.0,4,0.6378,-8.16186
-55.0,0.0,5,0.62567,8.5713
-55.0,0.0,6,0.66879,4.44405
-55.0,5.0,0,0.68192,-9.2121
-55.0,5.0,1,0.58493,2.29022
-55.0,5.0,2,0.60215,-7.43074
-55.0,5.0,3,0.59833,9.66601
-55.0,5.0,4,0.70657,-7.39737
-55.0,5.0,5,0.68361,5.977
-55.0,5.0,6,0.72841,3.01084
-55.0,10.0,0,0.72079,-8.85563
-55.0,10.0,1,0.64041,0.36748
-55.0,10.0,2,0.65653,-10.40106
-55.0,10.0,3,0.64069,9.24861
-55.0,10.0,4,0.74616,-9.4661
-55.0,10.0,5,0.74347,7.12627
-55.0,10.0,6,0.76747,3.87153
-55.0,15.0,0,0.76051,-9.61551
-55.0,15.0,1,0.67755,0.62372
-55.0,15.0,2,0.70778,-9.58862
-55.0,15.0,3,0.68598,5.19572
-55.0,15.0,4,0.79059,-8.23883
-55.0,15.0,5,0.7686,6.73552
-55.0,15.0,6,0.8044,4.45012
-55.0,20.0,0,0.79692,-8.90362
-55.0,20.0,1,0.73345,2.05963
-55.0,20.0,2,0.73367,-12.00956
-55.0,20.0,3,0.72222,7.47887
-55.0,20.0,4,0.81732,-9.98932
-55.0,20.0,5,0.80177,2.62527
-55.0,20.0,6,0.80995,4.35979
-55.0,25.0,0,0.83657,-8.72044
-55.0,25.0,1,0.75337,1.29494
-55.0,25.0,2,0.77533,-10.32674
-55.0,25.0,3,0.74806,4.74579
-55.0,25.0,4,0.83124,-11.80002
-55.0,25.0,5,0.80419,3.78705
-55.0,25.0,6,0.81908,3.09836
-55.0,30.0,0,0.86824,-11.87305
-55.0,30.0,1,0.78319,-1.10809
-55.0,30.0,2,0.7993,-13.43485
-55.0,30.0,3,0.76632,7.7639
-55.0,30.0,4,0.84351,-12.02344
-55.0,30.0,5,0.80169,3.31083
-55.0,30.0,6,0.8259,3.56209
-55.0,35.0,0,0.90318,-8.28022
-55.0,35.0,1,0.81219,-1.64704
-55.0,35.0,2,0.82384,-12.37467
-55.0,35.0,3,0.77748,4.70164
-55.0,35.0,4,0.84765,-13.07294
-55.0,35.0,5,0.82852,6.28735
-55.0,35.0,6,0.85943,5.31206
-55.0,40.0,0,0.93885,-8.87288
-55.0,40.0,1,0.83923,-2.2163
-55.0,40.0,2,0.82137,-12.64629
-55.0,40.0,3,0.78815,3.95822
-55.0,40.0,4,0.87255,-13.41286
-55.0,40.0,5,0.85033,4.01322
-55.0,40.0,6,0.90345,3.35543
-55.0,45.0,0,0.9542,-10.36415
-55.0,45.0,1,0.86882,-3.24822
-55.0,45.0,2,0.83767,-15.24462
-55.0,45.0,3,0.80005,3.66154
-55.0,45.0,4,0.88173,-11.40244
-55.0,45.0,5,0.88194,3.88267
-55.0,45.0,6,0.94602,3.76531
-55.0,50.0,0,0.97395,-11.55473
-55.0,50.0,1,0.86365,-4.39157
-55.0,50.0,2,0.84845,-15.09757
-55.0,50.0,3,0.80782,3.28219
-55.0,50.0,4,0.91838,-12.46583
-55.0,50.0,5,0.9322,3.9549
-55.0,50.0,6,0.99807,5.97173
-55.0,55.0,0,0.99991,-11.58538
-55.0,55.0,1,0.88888,-5.04558
-55.0,55.0,2,0.86108,-16.0958
-55.0,55.0,3,0.83233,2.36792
-55.0,55.0,4,0.95862,-13.58313
-55.0,55.0,5,0.97405,6.85865
-55.0,55.0,6,1.03096,5.82155
-55.0,60.0,0,1.01118,-12.10364
-55.0,60.0,1,0.88482,-6.33747
-55.0,60.0,2,0.87237,-17.72389
-55.0,60.0,3,0.85667,2.2478
-55.0,60.0,4,0.99315,-13.93577
-55.0,60.0,5,1.00081,4.22534
-55.0,60.0,6,1.05113,7.82204
-55.0,65.0,0,1.03006,-12.33206
-55.0,65.0,1,0.90516,-7.91973
-55.0,65.0,2,0.88263,-18.4017
-55.0,65.0,3,0.88606,1.56868
-55.0,65.0,4,1.02743,-11.9874
-55.0,65.0,5,1.03307,4.63463
-55.0,65.0,6,1.03723,4.82986
-55.0,70.0,0,1.03887,-14.41349
-55.0,70.0,1,0.90794,-6.90019
-55.0,70.0,2,0.90058,-20.30137
-55.0,70.0,3,0.91047,-0.34495
-55.0,70.0,4,1.05667,-15.02831
-55.0,70.0,5,1.03261,6.52726
-55.0,70.0,6,1.01884,7.64967
-55.0,75.0,0,1.03461,-13.84318
-55.0,75.0,1,0.90446,-8.56267
-55.0,75.0,2,0.90843,-21.40563
-55.0,75.0,3,0.94872,-0.64544
-55.0,75.0,4,1.07818,-13.47903
-55.0,75.0,5,1.0232,5.17707
-55.0,75.0,6,1.01825,8.15639
-55.0,80.0,0,1.03803,-14.96206
-55.0,80.0,1,0.91241,-7.80232
-55.0,80.0,2,0.93803,-20.05178
-55.0,80.0,3,0.96144,-1.32181
-55.0,80.0,4,1.06069,-12.80209
-55.0,80.0,5,1.01987,2.36377
-55.0,80.0,6,1.01917,8.25179
-55.0,85.0,0,1.03809,-17.85761
-55.0,85.0,1,0.90804,-11.91812
-55.0,85.0,2,0.94927,-19.93675
-55.0,85.0,3,0.98425,-3.09686
-55.0,85.0,4,1.05701,-14.81908
-55.0,85.0,5,1.0037,6.21858
-55.0,85.0,6,1.04415,9.62761
-55.0,90.0,0,1.03692,-18.38109
-55.0,90.0,1,0.9003,-11.50228
-55.0,90.0,2,0.95517,-23.0648
-55.0,90.0,3,0.98598,-0.20523
-55.0,90.0,4,1.04067,-14.23993
-55.0,90.0,5,0.99795,6.98818
-55.0,90.0,6,1.06753,10.93008
-55.0,95.0,0,1.03137,-16.546
-55.0,95.0,1,0.91025,-12.44821
-55.0,95.0,2,0.97919,-23.22987
-55.0,95.0,3,0.97907,-1.5184
-55.0,95.0,4,1.03795,-13.1785
-55.0,95.0,5,0.99974,7.16919
-55.0,95.0,6,1.08761,9.53042
-55.0,100.0,0,1.00326,-18.59661
-55.0,100.0,1,0.90935,-12.68177
-55.0,100.0,2,0.98008,-22.94296
-55.0,100.0,3,0.97234,-2.8323
-55.0,100.0,4,1.01393,-14.4247
-55.0,100.0,5,1.01087,8.02061
-55.0,100.0,6,1.1005,13.3152
-55.0,105.0,0,1.00575,-18.11406
-55.0,105.0,1,0.90909,-12.94434
-55.0,105.0,2,0.9825,-24.32877
-55.0,105.0,3,0.95182,-2.38912
-55.0,105.0,4,0.98797,-14.63122
-55.0,105.0,5,1.02715,7.61157
-55.0,105.0,6,1.09048,13.85008
-55.0,110.0,0,0.98111,-18.78784
-55.0,110.0,1,0.90941,-13.36911
-55.0,110.0,2,0.9787,-23.95436
-55.0,110.0,3,0.91761,-4.14154
-55.0,110.0,4,0.99018,-13.2099
-55.0,110.0,5,1.02682,8.99522
-55.0,110.0,6,1.05463,14.1239
-55.0,115.0,0,0.96669,-21.87574
-55.0,115.0,1,0.90274,-14.35049
-55.0,115.0,2,0.94731,-25.30556
-55.0,115.0,3,0.88151,-3.20744
-55.0,115.0,4,0.98835,-10.77335
-55.0,115.0,5,1.03412,9.46484
-55.0,115.0,6,1.01245,13.31676
-55.0,120.0,0,0.94279,-22.56254
-55.0,120.0,1,0.89834,-15.77462
-55.0,120.0,2,0.94322,-24.25783
-55.0,120.0,3,0.85017,-1.98349
-55.0,120.0,4,0.99935,-12.71221
-55.0,120.0,5,1.01398,11.77536
-55.0,120.0,6,0.98248,15.398
-55.0,125.0,0,0.92308,-22.08905
-55.0,125.0,1,0.8817,-16.69927
-55.0,125.0,2,0.9123,-24.50635
-55.0,125.0,3,0.82583,-2.24195
-55.0,125.0,4,0.98413,-13.00256
-55.0,125.0,5,0.97173,11.94498
-55.0,125.0,6,0.96133,14.34592
-55.0,130.0,0,0.90235,-23.58416
-55.0,130.0,1,0.87765,-17.10327
-55.0,130.0,2,0.88602,-27.36589
-55.0,130.0,3,0.81733,-0.93401
-55.0,130.0,4,0.98173,-11.34693
-55.0,130.0,5,0.9254,11.80694
-55.0,130.0,6,0.94332,14.04601
-55.0,135.0,0,0.88123,-23.59211
-55.0,135.0,1,0.86956,-17.20628
-55.0,135.0,2,0.84516,-24.28719
-55.0,135.0,3,0.78898,-1.66359
-55.0,135.0,4,0.96599,-9.0156
-55.0,135.0,5,0.88539,13.9727
-55.0,135.0,6,0.94478,14.3394
-55.0,140.0,0,0.85904,-23.93281
-55.0,140.0,1,0.84624,-17.94651
-55.0,140.0,2,0.81142,-26.6006
-55.0,140.0,3,0.78332,-0.96279
-55.0,140.0,4,0.94095,-8.44112
-55.0,140.0,5,0.846,14.26372
-55.0,140.0,6,0.94997,19.61914
-55.0,145.0,0,0.8208,-25.63355
-55.0,145.0,1,0.81549,-17.56083
-55.0,145.0,2,0.78081,-24.9578
-55.0,145.0,3,0.78516,-0.95602
-55.0,145.0,4,0.89311,-9.33508
-55.0,145.0,5,0.82538,14.53934
-55.0,145.0,6,0.93772,19.93155
-55.0,150.0,0,0.79576,-28.56015
-55.0,150.0,1,0.78699,-18.10116
-55.0,150.0,2,0.73474,-25.54616
-55.0,150.0,3,0.76705,-0.17934
-55.0,150.0,4,0.85144,-9.68496
-55.0,150.0,5,0.81127,16.19177
-55.0,150.0,6,0.89665,19.26755
-55.0,155.0,0,0.77184,-27.08685
-55.0,155.0,1,0.76302,-19.39014
-55.0,155.0,2,0.68799,-26.09004
-55.0,155.0,3,0.7507,-2.58193
-55.0,155.0,4,0.79653,-7.15286
-55.0,155.0,5,0.80318,15.82699
-55.0,155.0,6,0.84189,20.07432
-55.0,160.0,0,0.74545,-26.46036
-55.0,160.0,1,0.72442,-19.60956
-55.0,160.0,2,0.6528,-26.82699
-55.0,160.0,3,0.72636,-1.75039
-55.0,160.0,4,0.75302,-7.30507
-55.0,160.0,5,0.80019,17.61328
-55.0,160.0,6,0.78528,21.69079
-55.0,165.0,0,0.71643,-29.65619
-55.0,165.0,1,0.68064,-19.64109
-55.0,165.0,2,0.62574,-25.84803
-55.0,165.0,3,0.69024,0.10687
-55.0,165.0,4,0.70346,-5.20293
-55.0,165.0,5,0.77093,19.18502
-55.0,165.0,6,0.7354,23.50613
-55.0,170.0,0,0.69192,-30.1441
-55.0,170.0,1,0.64553,-20.53214
-55.0,170.0,2,0.59894,-26.88944
-55.0,170.0,3,0.64663,0.14639
-55.0,170.0,4,0.67809,-7.44814
-55.0,170.0,5,0.749,19.5844
-55.0,170.0,6,0.70016,23.29941
-55.0,175.0,0,0.66886,-30.03953
-55.0,175.0,1,0.60217,-20.00179
-55.0,175.0,2,0.58164,-24.3339
-55.0,175.0,3,0.59873,1.6822
-55.0,175.0,4,0.65293,-6.04412
-55.0,175.0,5,0.68403,18.96606
-55.0,175.0,6,0.67482,22.78015
-55.0,180.0,0,0.63519,-31.10256
-55.0,180.0,1,0.54854,-19.51766
-55.0,180.0,2,0.56855,-22.94003
-55.0,180.0,3,0.54596,2.25369
-55.0,180.0,4,0.6536,-5.8479
-55.0,180.0,5,0.62752,21.51896
-55.0,180.0,6,0.67056,26.33056
-50.0,0.0,0,0.64838,-5.33337
-50.0,0.0,1,0.56481,4.26065
-50.0,0.0,2,0.57517,-6.87325
-50.0,0.0,3,0.53379,11.21878
-50.0,0.0,4,0.61929,-7.62115
-50.0,0.0,5,0.61308,9.16784
-50.0,0.0,6,0.6754,3.67534
-50.0,5.0,0,0.67934,-6.14884
-50.0,5.0,1,0.59673,3.49175
-50.0,5.0,2,0.60618,-3.961
-50.0,5.0,3,0.58111,11.82634
-50.0,5.0,4,0.67635,-7.46044
-50.0,5.0,5,0.66511,6.96677
-50.0,5.0,6,0.73265,6.53334
-50.0,10.0,0,0.71034,-7.29137
-50.0,10.0,1,0.64195,3.48768
-50.0,10.0,2,0.66621,-5.76283
-50.0,10.0,3,0.63704,9.24335
-50.0,10.0,4,0.71709,-6.48597
-50.0,10.0,5,0.72053,7.36739
-50.0,10.0,6,0.77598,5.48361
-50.0,15.0,0,0.76289,-6.30049
-50.0,15.0,1,0.68597,3.10117
-50.0,15.0,2,0.70695,-7.34719
-50.0,15.0,3,0.67515,9.52483
-50.0,15.0,4,0.77,-7.69558
-50.0,15.0,5,0.75442,7.93178
-50.0,15.0,6,0.80415,5.36144
-50.0,20.0,0,0.80298,-5.97074
-50.0,20.0,1,0.72744,2.65941
-50.0,20.0,2,0.7473,-7.26689
-50.0,20.0,3,0.70674,9.55881
-50.0,20.0,4,0.785,-7.37711
-50.0,20.0,5,0.7785,9.03437
-50.0,20.0,6,0.80887,4.77973
-50.0,25.0,0,0.84053,-9.59944
-50.0,25.0,1,0.78018,1.78428
-50.0,25.0,2,0.76826,-5.86614
-50.0,25.0,3,0.73817,6.52111
-50.0,25.0,4,0.80444,-9.03601
-50.0,25.0,5,0.78247,8.95053
-50.0,25.0,6,0.82153,4.82602
-50.0,30.0,0,0.87379,-7.52391
-50.0,30.0,1,0.80152,-0.50585
-50.0,30.0,2,0.80754,-10.69125
-50.0,30.0,3,0.75,10.15892
-50.0,30.0,4,0.81105,-8.91399
-50.0,30.0,5,0.78519,7.77607
-50.0,30.0,6,0.83696,4.62271
-50.0,35.0,0,0.90374,-8.98351
-50.0,35.0,1,0.83072,-1.58727
-50.0,35.0,2,0.82538,-10.36949
-50.0,35.0,3,0.76705,6.47203
-50.0,35.0,4,0.83293,-8.80295
-50.0,35.0,5,0.80485,6.99765
-50.0,35.0,6,0.86313,6.49844
-50.0,40.0,0,0.93004,-10.10742
-50.0,40.0,1,0.84981,-1.29818
-50.0,40.0,2,0.83643,-11.68321
-50.0,40.0,3,0.78455,6.24309
-50.0,40.0,4,0.84349,-9.02684
-50.0,40.0,5,0.82501,6.503
-50.0,40.0,6,0.89167,5.25146
-50.0,45.0,0,0.965,-9.74501
-50.0,45.0,1,0.86946,0.25054
-50.0,45.0,2,0.85996,-12.15774
-50.0,45.0,3,0.78442,4.15929
-50.0,45.0,4,0.86269,-11.44716
-50.0,45.0,5,0.86469,6.22007
-50.0,45.0,6,0.95147,6.07476
-50.0,50.0,0,0.99071,-10.07426
-50.0,50.0,1,0.89448,-2.54053
-50.0,50.0,2,0.86915,-14.1835
-50.0,50.0,3,0.8041,4.35357
-50.0,50.0,4,0.88625,-8.67911
-50.0,50.0,5,0.91049,5.78639
-50.0,50.0,6,0.99371,7.42003
-50.0,55.0,0,1.00745,-10.35001
-50.0,55.0,1,0.89451,-3.42911
-50.0,55.0,2,0.8637,-14.63796
-50.0,55.0,3,0.81953,4.62629
-50.0,55.0,4,0.93105,-12.25297
-50.0,55.0,5,0.94437,8.56709
-50.0,55.0,6,1.03648,6.46925
-50.0,60.0,0,1.02054,-11.99701
-50.0,60.0,1,0.90324,-6.33472
-50.0,60.0,2,0.87726,-13.39079
-50.0,60.0,3,0.84889,2.98931
-50.0,60.0,4,0.96571,-10.84158
-50.0,60.0,5,0.99573,5.97452
-50.0,60.0,6,1.04825,7.85683
-50.0,65.0,0,1.03557,-12.22693
-50.0,65.0,1,0.91357,-3.91292
-50.0,65.0,2,0.89088,-15.27321
-50.0,65.0,3,0.87879,1.48674
-50.0,65.0,4,1.00255,-11.39052
-50.0,65.0,5,1.02275,5.11574
-50.0,65.0,6,1.04113,6.81283
-50.0,70.0,0,1.03469,-12.20925
-50.0,70.0,1,0.91011,-5.63709
-50.0,70.0,2,0.90414,-16.78297
-50.0,70.0,3,0.90638,2.5176
-50.0,70.0,4,1.02559,-12.3004
-50.0,70.0,5,1.01768,6.70364
-50.0,70.0,6,1.03333,8.87059
-50.0,75.0,0,1.04207,-13.52585
-50.0,75.0,1,0.91193,-6.0135
-50.0,75.0,2,0.91667,-17.9975
-50.0,75.0,3,0.92864,3.86167
-50.0,75.0,4,1.05136,-12.58544
-50.0,75.0,5,1.00146,8.30954
-50.0,75.0,6,1.01565,10.7154
-50.0,80.0,0,1.0426,-12.83047
-50.0,80.0,1,0.92902,-7.42634
-50.0,80.0,2,0.93959,-17.19296
-50.0,80.0,3,0.96522,3.76577
-50.0,80.0,4,1.04406,-10.61596
-50.0,80.0,5,0.99583,8.37477
-50.0,80.0,6,1.02659,9.28317
-50.0,85.0,0,1.04003,-14.66426
-50.0,85.0,1,0.91325,-7.47827
-50.0,85.0,2,0.95428,-17.0282
-50.0,85.0,3,0.9635,2.38209
-50.0,85.0,4,1.04054,-11.50209
-50.0,85.0,5,0.97645,8.59598
-50.0,85.0,6,1.03924,10.21144
-50.0,90.0,0,1.04574,-17.54139
-50.0,90.0,1,0.92541,-8.19522
-50.0,90.0,2,0.97022,-18.07763
-50.0,90.0,3,0.97478,1.02498
-50.0,90.0,4,1.02388,-11.77846
-50.0,90.0,5,0.97597,9.97853
-50.0,90.0,6,1.06965,12.36196
-50.0,95.0,0,1.02661,-15.76108
-50.0,95.0,1,0.9211,-10.82536
-50.0,95.0,2,0.98116,-19.23516
-50.0,95.0,3,0.9645,-0.84393
-50.0,95.0,4,0.99865,-12.16757
-50.0,95.0,5,0.97172,9.60355
-50.0,95.0,6,1.08936,12.76374
-50.0,100.0,0,1.02494,-16.5836
-50.0,100.0,1,0.92058,-11.23401
-50.0,100.0,2,0.99496,-20.64525
-50.0,100.0,3,0.96265,-0.33413
-50.0,100.0,4,0.9798,-12.69862
-50.0,100.0,5,0.99265,8.70893
-50.0,100.0,6,1.10346,15.0974
-50.0,105.0,0,1.00928,-19.04764
-50.0,105.0,1,0.92294,-12.22597
-50.0,105.0,2,0.98811,-21.52393
-50.0,105.0,3,0.92898,-0.07502
-50.0,105.0,4,0.95438,-10.20171
-50.0,105.0,5,1.0066,9.56801
-50.0,105.0,6,1.09199,15.59078
-50.0,110.0,0,0.98397,-17.99909
-50.0,110.0,1,0.91539,-11.76886
-50.0,110.0,2,0.98091,-21.47853
-50.0,110.0,3,0.90596,-1.73038
-50.0,110.0,4,0.95712,-11.50893
-50.0,110.0,5,1.01384,9.50138
-50.0,110.0,6,1.05587,13.75107
-50.0,115.0,0,0.9724,-19.57329
-50.0,115.0,1,0.9126,-12.279
-50.0,115.0,2,0.96759,-23.04602
-50.0,115.0,3,0.87673,-0.71946
-50.0,115.0,4,0.95895,-9.06283
-50.0,115.0,5,1.00509,12.68777
-50.0,115.0,6,1.02475,15.40181
-50.0,120.0,0,0.94742,-20.0153
-50.0,120.0,1,0.90202,-15.33222
-50.0,120.0,2,0.95472,-20.83016
-50.0,120.0,3,0.83887,0.41965
-50.0,120.0,4,0.96701,-10.2874
-50.0,120.0,5,0.99486,12.14463
-50.0,120.0,6,0.97955,16.74223
-50.0,125.0,0,0.93045,-23.616
-50.0,125.0,1,0.90381,-13.39919
-50.0,125.0,2,0.92714,-22.903
-50.0,125.0,3,0.81654,0.35667
-50.0,125.0,4,0.97011,-8.80043
-50.0,125.0,5,0.95835,12.46815
-50.0,125.0,6,0.95211,17.242
-50.0,130.0,0,0.90786,-22.0805
-50.0,130.0,1,0.88362,-14.46859
-50.0,130.0,2,0.87918,-23.15866
-50.0,130.0,3,0.79168,1.60325
-50.0,130.0,4,0.95169,-7.47099
-50.0,130.0,5,0.91423,15.15691
-50.0,130.0,6,0.95426,17.91968
-50.0,135.0,0,0.88213,-21.18675
-50.0,135.0,1,0.86568,-15.42836
-50.0,135.0,2,0.856,-23.93837
-50.0,135.0,3,0.79724,-1.07073
-50.0,135.0,4,0.93894,-8.6498
-50.0,135.0,5,0.86109,14.61869
-50.0,135.0,6,0.95222,18.94497
-50.0,140.0,0,0.85829,-23.20213
-50.0,140.0,1,0.85334,-15.54778
-50.0,140.0,2,0.81221,-23.10322
-50.0,140.0,3,0.77938,1.15556
-50.0,140.0,4,0.91994,-8.74215
-50.0,140.0,5,0.83722,16.60232
-50.0,140.0,6,0.95754,19.48676
-50.0,145.0,0,0.83241,-23.95371
-50.0,145.0,1,0.82697,-15.48422
-50.0,145.0,2,0.76655,-24.38106
-50.0,145.0,3,0.77129,1.07258
-50.0,145.0,4,0.86131,-7.05643
-50.0,145.0,5,0.80433,17.36192
-50.0,145.0,6,0.9379,20.73324
-50.0,150.0,0,0.79906,-25.25543
-50.0,150.0,1,0.79759,-16.26066
-50.0,150.0,2,0.72323,-23.75798
-50.0,150.0,3,0.75904,-1.87962
-50.0,150.0,4,0.82271,-6.51691
-50.0,150.0,5,0.79046,17.56372
-50.0,150.0,6,0.90004,22.28442
-50.0,155.0,0,0.77805,-27.70759
-50.0,155.0,1,0.77028,-18.41606
-50.0,155.0,2,0.69235,-23.42856
-50.0,155.0,3,0.73295,1.36444
-50.0,155.0,4,0.76939,-6.42937
-50.0,155.0,5,0.7841,16.45532
-50.0,155.0,6,0.85984,23.02079
-50.0,160.0,0,0.746,-26.8281
-50.0,160.0,1,0.73795,-18.53905
-50.0,160.0,2,0.6568,-21.67823
-50.0,160.0,3,0.71614,2.05418
-50.0,160.0,4,0.7298,-5.06336
-50.0,160.0,5,0.7759,19.49075
-50.0,160.0,6,0.79584,21.99483
-50.0,165.0,0,0.72228,-26.85152
-50.0,165.0,1,0.68599,-19.16098
-50.0,165.0,2,0.63646,-22.00091
-50.0,165.0,3,0.67507,3.2716
-50.0,165.0,4,0.68918,-3.40033
-50.0,165.0,5,0.75533,18.03057
-50.0,165.0,6,0.72722,22.56997
-50.0,170.0,0,0.69287,-27.90959
-50.0,170.0,1,0.6466,-18.47412
-50.0,170.0,2,0.61475,-24.62324
-50.0,170.0,3,0.63665,3.3059
-50.0,170.0,4,0.64546,-3.80753
-50.0,170.0,5,0.71685,21.10839
-50.0,170.0,6,0.7014,22.16339
-50.0,175.0,0,0.67597,-28.2381
-50.0,175.0,1,0.60958,-17.42346
-50.0,175.0,2,0.58418,-23.25989
-50.0,175.0,3,0.58431,5.51812
-50.0,175.0,4,0.62757,-1.61271
-50.0,175.0,5,0.67225,21.31849
-50.0,175.0,6,0.67299,24.81268
-50.0,180.0,0,0.64194,-29.806
-50.0,180.0,1,0.56066,-17.82809
-50.0,180.0,2,0.57152,-23.26436
-50.0,180.0,3,0.53685,4.70207
-50.0,180.0,4,0.60933,-3.52764
-50.0,180.0,5,0.60284,21.46636
-50.0,180.0,6,0.67286,26.10621
-45.0,0.0,0,0.64428,-6.22414
-45.0,0.0,1,0.57501,4.25202
-45.0,0.0,2,0.57039,-2.44417
-45.0,0.0,3,0.5285,15.75578
-45.0,0.0,4,0.60179,-1.98763
-45.0,0.0,5,0.57589,10.18928
-45.0,0.0,6,0.64394,6.33305
-45.0,5.0,0,0.68403,-6.31168
-45.0,5.0,1,0.61373,5.60527
-45.0,5.0,2,0.63057,-4.45499
-45.0,5.0,3,0.57852,13.73914
-45.0,5.0,4,0.65512,-1.82283
-45.0,5.0,5,0.64246,7.83171
-45.0,5.0,6,0.70426,5.42615
-45.0,10.0,0,0.71248,-5.13136
-45.0,10.0,1,0.65467,3.59505
-45.0,10.0,2,0.67149,-4.34859
-45.0,10.0,3,0.62793,12.94222
-45.0,10.0,4,0.70602,-5.52938
-45.0,10.0,5,0.68663,7.8894
-45.0,10.0,6,0.75472,7.18558
-45.0,15.0,0,0.76177,-7.03444
-45.0,15.0,1,0.70549,3.88211
-45.0,15.0,2,0.72,-3.50919
-45.0,15.0,3,0.68296,11.90025
-45.0,15.0,4,0.74242,-5.74182
-45.0,15.0,5,0.73048,9.98008
-45.0,15.0,6,0.80442,5.71042
-45.0,20.0,0,0.80432,-9.12107
-45.0,20.0,1,0.73749,3.14931
-45.0,20.0,2,0.75577,-5.25266
-45.0,20.0,3,0.70178,11.16529
-45.0,20.0,4,0.77162,-5.8982
-45.0,20.0,5,0.74547,10.65504
-45.0,20.0,6,0.79937,6.57092
-45.0,25.0,0,0.84755,-6.39057
-45.0,25.0,1,0.78514,2.86961
-45.0,25.0,2,0.79129,-6.778
-45.0,25.0,3,0.73454,9.8364
-45.0,25.0,4,0.79182,-7.55562
-45.0,25.0,5,0.75763,8.86586
-45.0,25.0,6,0.80891,7.76869
-45.0,30.0,0,0.86996,-5.96969
-45.0,30.0,1,0.8117,2.08147
-45.0,30.0,2,0.81619,-7.8315
-45.0,30.0,3,0.75933,9.25711
-45.0,30.0,4,0.80539,-5.53338
-45.0,30.0,5,0.76182,8.00082
-45.0,30.0,6,0.81765,5.38869
-45.0,35.0,0,0.90592,-7.69609
-45.0,35.0,1,0.83981,0.51674
-45.0,35.0,2,0.83489,-9.09029
-45.0,35.0,3,0.76765,9.57159
-45.0,35.0,4,0.80391,-7.22846
-45.0,35.0,5,0.77421,7.98164
-45.0,35.0,6,0.84108,6.79179
-45.0,40.0,0,0.93385,-8.74729
-45.0,40.0,1,0.86267,-0.57732
-45.0,40.0,2,0.85063,-8.66222
-45.0,40.0,3,0.77121,8.64574
-45.0,40.0,4,0.81611,-7.31776
-45.0,40.0,5,0.81304,8.89504
-45.0,40.0,6,0.88344,7.20269
-45.0,45.0,0,0.95819,-8.72216
-45.0,45.0,1,0.87955,-0.17097
-45.0,45.0,2,0.86068,-9.09244
-45.0,45.0,3,0.77738,6.82168
-45.0,45.0,4,0.84085,-9.61108
-45.0,45.0,5,0.82968,8.80525
-45.0,45.0,6,0.93781,7.87718
-45.0,50.0,0,0.98287,-8.02185
-45.0,50.0,1,0.90014,-0.82239
-45.0,50.0,2,0.8702,-11.48655
-45.0,50.0,3,0.79722,6.21582
-45.0,50.0,4,0.871,-9.6422
-45.0,50.0,5,0.88759,8.9697
-45.0,50.0,6,0.98296,10.17548
-45.0,55.0,0,1.00811,-11.35666
-45.0,55.0,1,0.91317,-0.45206
-45.0,55.0,2,0.87906,-11.94534
-45.0,55.0,3,0.8146,4.92795
-45.0,55.0,4,0.89958,-6.6817
-45.0,55.0,5,0.92121,8.56874
-45.0,55.0,6,1.02814,7.76224
-45.0,60.0,0,1.02281,-10.1456
-45.0,60.0,1,0.90881,-1.44577
-45.0,60.0,2,0.89211,-13.05117
-45.0,60.0,3,0.84048,6.10203
-45.0,60.0,4,0.94719,-7.48832
-45.0,60.0,5,0.96435,9.37173
-45.0,60.0,6,1.03015,7.65239
-45.0,65.0,0,1.04179,-11.13707
-45.0,65.0,1,0.92541,-2.64705
-45.0,65.0,2,0.89657,-13.34708
-45.0,65.0,3,0.878,6.28794
-45.0,65.0,4,0.97774,-9.8761
-45.0,65.0,5,0.97226,7.59744
-45.0,65.0,6,1.0258,9.56594
-45.0,70.0,0,1.04611,-11.4137
-45.0,70.0,1,0.93187,-4.43815
-45.0,70.0,2,0.91751,-15.34165
-45.0,70.0,3,0.89723,4.60037
-45.0,70.0,4,1.01196,-10.44995
-45.0,70.0,5,0.9846,8.83824
-45.0,70.0,6,1.01602,11.62313
-45.0,75.0,0,1.05232,-11.96845
-45.0,75.0,1,0.92673,-3.13031
-45.0,75.0,2,0.93611,-14.06723
-45.0,75.0,3,0.92688,3.06303
-45.0,75.0,4,1.02039,-9.72961
-45.0,75.0,5,0.9717,9.21508
-45.0,75.0,6,1.01486,11.21025
-45.0,80.0,0,1.05433,-13.34765
-45.0,80.0,1,0.93639,-5.53495
-45.0,80.0,2,0.94641,-15.59151
-45.0,80.0,3,0.95022,3.00967
-45.0,80.0,4,1.02947,-7.84543
-45.0,80.0,5,0.95889,10.60337
-45.0,80.0,6,1.00196,11.88379
-45.0,85.0,0,1.04515,-11.71644
-45.0,85.0,1,0.92813,-5.34908
-45.0,85.0,2,0.96322,-17.62807
-45.0,85.0,3,0.9654,3.15886
-45.0,85.0,4,1.02037,-10.01009
-45.0,85.0,5,0.93741,9.21765
-45.0,85.0,6,1.02307,12.95598
-45.0,90.0,0,1.04101,-13.00232
-45.0,90.0,1,0.929,-6.43399
-45.0,90.0,2,0.9828,-16.98204
-45.0,90.0,3,0.9621,3.91853
-45.0,90.0,4,0.99685,-8.99863
-45.0,90.0,5,0.92677,10.62119
-45.0,90.0,6,1.05244,12.55083
-45.0,95.0,0,1.03359,-15.71907
-45.0,95.0,1,0.9255,-7.20397
-45.0,95.0,2,0.9888,-17.08718
-45.0,95.0,3,0.96679,1.78738
-45.0,95.0,4,0.97629,-10.013
-45.0,95.0,5,0.94843,12.75105
-45.0,95.0,6,1.07702,13.26331
-45.0,100.0,0,1.03335,-15.82475
-45.0,100.0,1,0.92593,-8.83108
-45.0,100.0,2,0.98687,-16.90688
-45.0,100.0,3,0.9552,3.31199
-45.0,100.0,4,0.95972,-9.68826
-45.0,100.0,5,0.95785,10.91809
-45.0,100.0,6,1.08951,15.43836
-45.0,105.0,0,1.01276,-17.40742
-45.0,105.0,1,0.93765,-10.00662
-45.0,105.0,2,0.99879,-18.98563
-45.0,105.0,3,0.92452,-0.14744
-45.0,105.0,4,0.93804,-9.84218
-45.0,105.0,5,0.9817,11.83678
-45.0,105.0,6,1.07514,14.12894
-45.0,110.0,0,0.99082,-16.06616
-45.0,110.0,1,0.93489,-9.67899
-45.0,110.0,2,0.99569,-19.32574
-45.0,110.0,3,0.89832,2.02042
-45.0,110.0,4,0.94373,-9.67562
-45.0,110.0,5,0.98105,13.44542
-45.0,110.0,6,1.03903,16.50468
-45.0,115.0,0,0.96909,-17.86003
-45.0,115.0,1,0.92,-11.33025
-45.0,115.0,2,0.98277,-20.55657
-45.0,115.0,3,0.85769,0.6337
-45.0,115.0,4,0.93879,-7.07883
-45.0,115.0,5,0.98041,12.35823
-45.0,115.0,6,0.99837,17.95801
-45.0,120.0,0,0.9559,-18.46675
-45.0,120.0,1,0.91906,-10.00788
-45.0,120.0,2,0.95234,-19.02823
-45.0,120.0,3,0.84479,0.95182
-45.0,120.0,4,0.94759,-6.8856
-45.0,120.0,5,0.96005,15.27619
-45.0,120.0,6,0.95397,16.36249
-45.0,125.0,0,0.93511,-19.64229
-45.0,125.0,1,0.91151,-11.61651
-45.0,125.0,2,0.93543,-22.04527
-45.0,125.0,3,0.81102,3.11355
-45.0,125.0,4,0.94727,-7.67899
-45.0,125.0,5,0.92417,16.66078
-45.0,125.0,6,0.93771,19.1184
-45.0,130.0,0,0.9171,-21.03588
-45.0,130.0,1,0.89412,-12.99699
-45.0,130.0,2,0.88847,-19.76791
-45.0,130.0,3,0.80421,3.95955
-45.0,130.0,4,0.93921,-6.73433
-45.0,130.0,5,0.88362,17.53382
-45.0,130.0,6,0.93567,20.12048
-45.0,135.0,0,0.88293,-20.8588
-45.0,135.0,1,0.88207,-12.1732
-45.0,135.0,2,0.86501,-22.13741
-45.0,135.0,3,0.78026,2.74218
-45.0,135.0,4,0.91931,-6.29359
-45.0,135.0,5,0.84098,15.46907
-45.0,135.0,6,0.93805,19.51109
-45.0,140.0,0,0.86075,-22.14508
-45.0,140.0,1,0.85718,-16.07726
-45.0,140.0,2,0.81968,-22.47195
-45.0,140.0,3,0.77475,2.6349
-45.0,140.0,4,0.89433,-5.56429
-45.0,140.0,5,0.78876,15.70897
-45.0,140.0,6,0.93125,21.05471
-45.0,145.0,0,0.8358,-23.53471
-45.0,145.0,1,0.84002,-15.29247
-45.0,145.0,2,0.78695,-21.8851
-45.0,145.0,3,0.76078,2.33916
-45.0,145.0,4,0.84755,-4.01283
-45.0,145.0,5,0.77467,19.18842
-45.0,145.0,6,0.91823,22.67703
-45.0,150.0,0,0.81213,-22.56838
-45.0,150.0,1,0.80606,-15.6441
-45.0,150.0,2,0.74382,-20.87998
-45.0,150.0,3,0.74662,3.3873
-45.0,150.0,4,0.80593,-6.65443
-45.0,150.0,5,0.7545,18.90181
-45.0,150.0,6,0.89002,22.81063
-45.0,155.0,0,0.78404,-22.86979
-45.0,155.0,1,0.77611,-15.99314
-45.0,155.0,2,0.71478,-23.08801
-45.0,155.0,3,0.73682,4.90854
-45.0,155.0,4,0.74889,-4.55781
-45.0,155.0,5,0.7542,19.43761
-45.0,155.0,6,0.84571,24.24814
-45.0,160.0,0,0.75472,-24.47318
-45.0,160.0,1,0.74484,-14.4885
-45.0,160.0,2,0.67745,-22.14214
-45.0,160.0,3,0.70572,3.02908
-45.0,160.0,4,0.69383,-3.03713
-45.0,160.0,5,0.74069,20.64975
-45.0,160.0,6,0.77953,25.28368
-45.0,165.0,0,0.72735,-26.05452
-45.0,165.0,1,0.70594,-16.59194
-45.0,165.0,2,0.65475,-21.70932
-45.0,165.0,3,0.67864,3.57505
-45.0,165.0,4,0.66599,-2.08139
-45.0,165.0,5,0.72238,22.69269
-45.0,165.0,6,0.72479,25.2017
-45.0,170.0,0,0.69868,-25.65135
-45.0,170.0,1,0.66111,-16.81838
-45.0,170.0,2,0.61881,-21.26458
-45.0,170.0,3,0.62523,3.20455
-45.0,170.0,4,0.63731,-2.30195
-45.0,170.0,5,0.69896,22.68293
-45.0,170.0,6,0.68726,26.51581
-45.0,175.0,0,0.6714,-27.05538
-45.0,175.0,1,0.60827,-17.33605
-45.0,175.0,2,0.59295,-22.32076
-45.0,175.0,3,0.57504,5.85403
-45.0,175.0,4,0.6035,0.57901
-45.0,175.0,5,0.63447,23.66203
-45.0,175.0,6,0.66368,26.79032
-45.0,180.0,0,0.64262,-27.44425
-45.0,180.0,1,0.57125,-15.57958
-45.0,180.0,2,0.58165,-20.47564
-45.0,180.0,3,0.52349,5.40722
-45.0,180.0,4,0.59861,0.97225
-45.0,180.0,5,0.58773,23.49473
-45.0,180.0,6,0.65469,26.41921
-40.0,0.0,0,0.64197,-3.87094
-40.0,0.0,1,0.5838,8.18857
-40.0,0.0,2,0.57913,0.27282
-40.0,0.0,3,0.52391,18.0044
-40.0,0.0,4,0.59109,2.21995
-40.0,0.0,5,0.54342,11.95623
-40.0,0.0,6,0.62156,7.96909
-40.0,5.0,0,0.68603,-2.89332
-40.0,5.0,1,0.62412,7.55029
-40.0,5.0,2,0.63895,-0.8383
-40.0,5.0,3,0.58836,14.59234
-40.0,5.0,4,0.64305,-2.59166
-40.0,5.0,5,0.60383,11.27984
-40.0,5.0,6,0.68046,8.04933
-40.0,10.0,0,0.73265,-5.51724
-40.0,10.0,1,0.67008,8.10339
-40.0,10.0,2,0.69034,-2.11908
-40.0,10.0,3,0.63079,15.90543
-40.0,10.0,4,0.68715,-3.66078
-40.0,10.0,5,0.6454,12.06337
-40.0,10.0,6,0.73576,9.35958
-40.0,15.0,0,0.77664,-3.75204
-40.0,15.0,1,0.7123,6.73125
-40.0,15.0,2,0.73208,-4.23305
-40.0,15.0,3,0.67705,14.10569
-40.0,15.0,4,0.73112,-2.40746
-40.0,15.0,5,0.68219,9.60773
-40.0,15.0,6,0.75892,7.93582
-40.0,20.0,0,0.80474,-4.34909
-40.0,20.0,1,0.75212,5.38623
-40.0,20.0,2,0.76347,-3.60032
-40.0,20.0,3,0.71584,13.0071
-40.0,20.0,4,0.75807,-3.50251
-40.0,20.0,5,0.71013,10.24973
-40.0,20.0,6,0.76655,7.61723
-40.0,25.0,0,0.84876,-5.03284
-40.0,25.0,1,0.77954,5.34629
-40.0,25.0,2,0.79795,-5.1772
-40.0,25.0,3,0.741,11.93083
-40.0,25.0,4,0.7712,-4.24153
-40.0,25.0,5,0.72986,9.44029
-40.0,25.0,6,0.77689,5.76979
-40.0,30.0,0,0.87732,-5.38116
-40.0,30.0,1,0.81403,5.12571
-40.0,30.0,2,0.82586,-6.39193
-40.0,30.0,3,0.75416,11.21368
-40.0,30.0,4,0.78221,-5.2055
-40.0,30.0,5,0.73666,9.38051
-40.0,30.0,6,0.78849,8.88687
-40.0,35.0,0,0.91347,-4.86003
-40.0,35.0,1,0.8585,2.86889
-40.0,35.0,2,0.83978,-5.85439
-40.0,35.0,3,0.7669,12.66593
-40.0,35.0,4,0.79054,-5.37514
-40.0,35.0,5,0.74656,8.07826
-40.0,35.0,6,0.81769,8.13845
-40.0,40.0,0,0.93841,-6.42233
-40.0,40.0,1,0.87004,4.56546
-40.0,40.0,2,0.85684,-5.93817
-40.0,40.0,3,0.77455,10.89396
-40.0,40.0,4,0.80463,-5.95225
-40.0,40.0,5,0.77281,9.98942
-40.0,40.0,6,0.84925,9.35449
-40.0,45.0,0,0.97906,-6.48369
-40.0,45.0,1,0.89064,1.98217
-40.0,45.0,2,0.86657,-8.80004
-40.0,45.0,3,0.79029,9.10987
-40.0,45.0,4,0.82827,-6.19708
-40.0,45.0,5,0.80785,11.47711
-40.0,45.0,6,0.90315,7.39379
-40.0,50.0,0,0.99305,-6.2928
-40.0,50.0,1,0.91568,1.7558
-40.0,50.0,2,0.87959,-9.83957
-40.0,50.0,3,0.80544,8.76399
-40.0,50.0,4,0.86039,-5.48787
-40.0,50.0,5,0.84963,10.57357
-40.0,50.0,6,0.95288,9.72545
-40.0,55.0,0,1.00466,-8.26116
-40.0,55.0,1,0.92643,-0.55637
-40.0,55.0,2,0.88692,-9.24672
-40.0,55.0,3,0.81678,7.88796
-40.0,55.0,4,0.8869,-5.69399
-40.0,55.0,5,0.89402,11.64147
-40.0,55.0,6,0.98863,8.00129
-40.0,60.0,0,1.02772,-9.82671
-40.0,60.0,1,0.93151,-2.06929
-40.0,60.0,2,0.90694,-10.07649
-40.0,60.0,3,0.8527,8.12718
-40.0,60.0,4,0.93142,-7.78451
-40.0,60.0,5,0.92802,9.48463
-40.0,60.0,6,0.99987,9.87402
-40.0,65.0,0,1.05063,-8.26458
-40.0,65.0,1,0.92821,0.5769
-40.0,65.0,2,0.9136,-12.10491
-40.0,65.0,3,0.87375,6.44359
-40.0,65.0,4,0.96875,-7.96185
-40.0,65.0,5,0.95753,9.17716
-40.0,65.0,6,0.99769,9.35703
-40.0,70.0,0,1.05652,-10.51476
-40.0,70.0,1,0.94596,-1.82351
-40.0,70.0,2,0.93153,-13.00393
-40.0,70.0,3,0.90099,7.93499
-40.0,70.0,4,0.98756,-7.23802
-40.0,70.0,5,0.94859,12.69877
-40.0,70.0,6,0.98784,9.44069
-40.0,75.0,0,1.05052,-9.02295
-40.0,75.0,1,0.94967,-2.4843
-40.0,75.0,2,0.93251,-11.71774
-40.0,75.0,3,0.92637,6.04163
-40.0,75.0,4,1.00749,-9.35532
-40.0,75.0,5,0.93533,12.43638
-40.0,75.0,6,0.97256,11.85844
-40.0,80.0,0,1.05026,-10.51311
-40.0,80.0,1,0.93391,-4.48466
-40.0,80.0,2,0.9508,-15.23411
-40.0,80.0,3,0.95411,3.99802
-40.0,80.0,4,1.02093,-8.21657
-40.0,80.0,5,0.92726,10.91308
-40.0,80.0,6,0.98209,10.12715
-40.0,85.0,0,1.05081,-9.93922
-40.0,85.0,1,0.94502,-3.88159
-40.0,85.0,2,0.9722,-12.1723
-40.0,85.0,3,0.96555,7.03007
-40.0,85.0,4,0.99674,-9.64537
-40.0,85.0,5,0.91518,11.14883
-40.0,85.0,6,0.98039,13.12381
-40.0,90.0,0,1.05767,-12.63365
-40.0,90.0,1,0.94199,-5.05556
-40.0,90.0,2,0.9893,-14.92595
-40.0,90.0,3,0.9738,4.78017
-40.0,90.0,4,0.98487,-7.58286
-40.0,90.0,5,0.91022,10.53848
-40.0,90.0,6,1.0155,12.72412
-40.0,95.0,0,1.03557,-11.75615
-40.0,95.0,1,0.94102,-6.28258
-40.0,95.0,2,1.01166,-14.97875
-40.0,95.0,3,0.96439,4.97421
-40.0,95.0,4,0.96673,-6.90158
-40.0,95.0,5,0.91224,12.81737
-40.0,95.0,6,1.04086,13.35152
-40.0,100.0,0,1.02839,-16.05133
-40.0,100.0,1,0.93849,-5.58765
-40.0,100.0,2,1.01232,-16.38152
-40.0,100.0,3,0.95486,4.46923
-40.0,100.0,4,0.94925,-7.09473
-40.0,100.0,5,0.93376,12.51339
-40.0,100.0,6,1.0529,15.03698
-40.0,105.0,0,1.01743,-13.97203
-40.0,105.0,1,0.93912,-6.44381
-40.0,105.0,2,1.01157,-16.95234
-40.0,105.0,3,0.93339,4.52037
-40.0,105.0,4,0.94176,-8.55696
-40.0,105.0,5,0.95191,12.97161
-40.0,105.0,6,1.04573,15.47032
-40.0,110.0,0,0.98799,-14.0161
-40.0,110.0,1,0.93583,-6.36898
-40.0,110.0,2,1.00211,-18.0453
-40.0,110.0,3,0.90909,3.54898
-40.0,110.0,4,0.92551,-7.86086
-40.0,110.0,5,0.9557,12.3485
-40.0,110.0,6,1.00839,17.1164
-40.0,115.0,0,0.98276,-15.45613
-40.0,115.0,1,0.93241,-8.65884
-40.0,115.0,2,0.99199,-15.56766
-40.0,115.0,3,0.87005,4.92271
-40.0,115.0,4,0.92713,-7.87982
-40.0,115.0,5,0.9556,16.37681
-40.0,115.0,6,0.9713,16.97536
-40.0,120.0,0,0.96116,-16.59148
-40.0,120.0,1,0.9252,-8.51614
-40.0,120.0,2,0.96354,-19.28129
-40.0,120.0,3,0.84413,4.11064
-40.0,120.0,4,0.93496,-5.26514
-40.0,120.0,5,0.92779,16.94586
-40.0,120.0,6,0.94047,19.79598
-40.0,125.0,0,0.93596,-18.3038
-40.0,125.0,1,0.91486,-12.01853
-40.0,125.0,2,0.93996,-19.851
-40.0,125.0,3,0.82279,4.27729
-40.0,125.0,4,0.93355,-5.44796
-40.0,125.0,5,0.89739,16.12449
-40.0,125.0,6,0.90734,20.19669
-40.0,130.0,0,0.92055,-20.6602
-40.0,130.0,1,0.90169,-11.03541
-40.0,130.0,2,0.90524,-19.33247
-40.0,130.0,3,0.80266,3.42969
-40.0,130.0,4,0.9288,-4.63645
-40.0,130.0,5,0.85332,17.8127
-40.0,130.0,6,0.9051,17.63484
-40.0,135.0,0,0.893,-20.66129
-40.0,135.0,1,0.90242,-12.05542
-40.0,135.0,2,0.87476,-20.46868
-40.0,135.0,3,0.78265,4.63443
-40.0,135.0,4,0.90872,-3.21452
-40.0,135.0,5,0.80911,19.43618
-40.0,135.0,6,0.9134,19.93047
-40.0,140.0,0,0.87142,-21.27475
-40.0,140.0,1,0.87419,-11.98312
-40.0,140.0,2,0.83833,-18.31173
-40.0,140.0,3,0.78035,4.25433
-40.0,140.0,4,0.86667,-4.05384
-40.0,140.0,5,0.76807,19.05791
-40.0,140.0,6,0.90658,24.20687
-40.0,145.0,0,0.84385,-20.78004
-40.0,145.0,1,0.84641,-13.59336
-40.0,145.0,2,0.80175,-18.56865
-40.0,145.0,3,0.76733,3.46397
-40.0,145.0,4,0.83191,-2.84447
-40.0,145.0,5,0.7459,19.40937
-40.0,145.0,6,0.8908,22.86474
-40.0,150.0,0,0.80996,-20.57474
-40.0,150.0,1,0.82465,-12.50471
-40.0,150.0,2,0.75368,-17.96497
-40.0,150.0,3,0.74749,5.58357
-40.0,150.0,4,0.77876,-4.92077
-40.0,150.0,5,0.72811,18.57547
-40.0,150.0,6,0.85385,22.42957
-40.0,155.0,0,0.78452,-23.24645
-40.0,155.0,1,0.7805,-13.77309
-40.0,155.0,2,0.7158,-17.96803
-40.0,155.0,3,0.74251,6.3989
-40.0,155.0,4,0.73716,0.19115
-40.0,155.0,5,0.72406,21.61153
-40.0,155.0,6,0.81129,25.22019
-40.0,160.0,0,0.75288,-21.82088
-40.0,160.0,1,0.75319,-12.20797
-40.0,160.0,2,0.69561,-19.68934
-40.0,160.0,3,0.71046,6.71797
-40.0,160.0,4,0.6799,-2.3815
-40.0,160.0,5,0.71364,22.29181
-40.0,160.0,6,0.73933,25.26272
-40.0,165.0,0,0.73173,-24.7321
-40.0,165.0,1,0.70853,-14.1288
-40.0,165.0,2,0.65371,-20.12398
-40.0,165.0,3,0.67395,4.61421
-40.0,165.0,4,0.64428,-0.51338
-40.0,165.0,5,0.68702,24.1997
-40.0,165.0,6,0.69094,27.32409
-40.0,170.0,0,0.70148,-24.05251
-40.0,170.0,1,0.66961,-15.31753
-40.0,170.0,2,0.63678,-19.82777
-40.0,170.0,3,0.63657,6.11272
-40.0,170.0,4,0.61863,-0.22221
-40.0,170.0,5,0.66339,23.62038
-40.0,170.0,6,0.65623,27.23309
-40.0,175.0,0,0.68165,-25.61174
-40.0,175.0,1,0.63068,-13.48936
-40.0,175.0,2,0.61488,-18.57942
-40.0,175.0,3,0.59278,6.37522
-40.0,175.0,4,0.60263,0.35426
-40.0,175.0,5,0.61079,25.64867
-40.0,175.0,6,0.63172,27.11921
-40.0,180.0,0,0.64163,-27.16718
-40.0,180.0,1,0.57719,-14.08095
-40.0,180.0,2,0.58281,-16.01883
-40.0,180.0,3,0.53354,7.5668
-40.0,180.0,4,0.58902,2.79926
-40.0,180.0,5,0.55233,24.82926
-40.0,180.0,6,0.62106,29.12561
-35.0,0.0,0,0.65325,-4.26245
-35.0,0.0,1,0.59477,11.65771
-35.0,0.0,2,0.60121,-0.63117
-35.0,0.0,3,0.54042,19.12614
-35.0,0.0,4,0.5795,0.74563
-35.0,0.0,5,0.51293,13.13419
-35.0,0.0,6,0.58111,8.25823
-35.0,5.0,0,0.69666,-3.16141
-35.0,5.0,1,0.64125,10.80876
-35.0,5.0,2,0.65796,-0.04467
-35.0,5.0,3,0.6024,17.70568
-35.0,5.0,4,0.63386,-1.39416
-35.0,5.0,5,0.58084,12.3916
-35.0,5.0,6,0.65195,8.56019
-35.0,10.0,0,0.73366,-2.83853
-35.0,10.0,1,0.67775,7.96908
-35.0,10.0,2,0.69769,1.07804
-35.0,10.0,3,0.64292,19.3122
-35.0,10.0,4,0.68704,-0.95223
-35.0,10.0,5,0.64145,12.84611
-35.0,10.0,6,0.69846,7.677
-35.0,15.0,0,0.77987,-2.19425
-35.0,15.0,1,0.72341,9.40752
-35.0,15.0,2,0.74003,-3.11858
-35.0,15.0,3,0.68202,17.379
-35.0,15.0,4,0.73145,-2.61956
-35.0,15.0,5,0.67275,13.0949
-35.0,15.0,6,0.716,6.48789
-35.0,20.0,0,0.82039,-2.41166
-35.0,20.0,1,0.76022,8.40364
-35.0,20.0,2,0.7723,-1.47443
-35.0,20.0,3,0.71949,15.27034
-35.0,20.0,4,0.75696,-1.96057
-35.0,20.0,5,0.69041,11.66341
-35.0,20.0,6,0.73077,8.11869
-35.0,25.0,0,0.85584,-5.13497
-35.0,25.0,1,0.79227,6.56298
-35.0,25.0,2,0.8155,-3.44037
-35.0,25.0,3,0.74819,12.55365
-35.0,25.0,4,0.76324,-1.97255
-35.0,25.0,5,0.68781,12.04873
-35.0,25.0,6,0.74594,9.01058
-35.0,30.0,0,0.88689,-4.38827
-35.0,30.0,1,0.82684,7.51014
-35.0,30.0,2,0.84003,-1.82633
-35.0,30.0,3,0.7655,14.06798
-35.0,30.0,4,0.77972,-1.7451
-35.0,30.0,5,0.71253,11.11266
-35.0,30.0,6,0.75245,7.69232
-35.0,35.0,0,0.92033,-4.08202
-35.0,35.0,1,0.86541,7.37706
-35.0,35.0,2,0.86335,-5.9393
-35.0,35.0,3,0.77385,13.49723
-35.0,35.0,4,0.79073,-3.32306
-35.0,35.0,5,0.72613,10.80619
-35.0,35.0,6,0.76816,7.45814
-35.0,40.0,0,0.95094,-3.33117
-35.0,40.0,1,0.87953,5.10389
-35.0,40.0,2,0.88141,-5.54958
-35.0,40.0,3,0.7906,13.23272
-35.0,40.0,4,0.80358,-3.37245
-35.0,40.0,5,0.75108,10.97821
-35.0,40.0,6,0.80706,8.99201
-35.0,45.0,0,0.9639,-6.46526
-35.0,45.0,1,0.9047,3.36021
-35.0,45.0,2,0.88439,-5.91144
-35.0,45.0,3,0.79337,12.28934
-35.0,45.0,4,0.83224,-5.5389
-35.0,45.0,5,0.78186,8.65267
-35.0,45.0,6,0.86233,11.21807
-35.0,50.0,0,0.99396,-5.73521
-35.0,50.0,1,0.91878,3.29477
-35.0,50.0,2,0.9041,-7.04303
-35.0,50.0,3,0.80898,10.66913
-35.0,50.0,4,0.8381,-4.60933
-35.0,50.0,5,0.82974,9.42075
-35.0,50.0,6,0.90234,9.27915
-35.0,55.0,0,1.01484,-4.27694
-35.0,55.0,1,0.92339,1.97584
-35.0,55.0,2,0.90548,-6.44226
-35.0,55.0,3,0.82639,9.88417
-35.0,55.0,4,0.88336,-4.47245
-35.0,55.0,5,0.87963,13.5154
-35.0,55.0,6,0.95949,11.29765
-35.0,60.0,0,1.0268,-5.90259
-35.0,60.0,1,0.94293,2.8692
-35.0,60.0,2,0.91142,-8.79458
-35.0,60.0,3,0.85325,10.72929
-35.0,60.0,4,0.92767,-6.04974
-35.0,60.0,5,0.9123,11.99941
-35.0,60.0,6,0.96209,12.03551
-35.0,65.0,0,1.04247,-7.14916
-35.0,65.0,1,0.9374,1.36265
-35.0,65.0,2,0.92987,-11.60098
-35.0,65.0,3,0.87958,8.80996
-35.0,65.0,4,0.96489,-7.1877
-35.0,65.0,5,0.94007,11.45465
-35.0,65.0,6,0.95573,11.2812
-35.0,70.0,0,1.05452,-7.77146
-35.0,70.0,1,0.94207,0.5924
-35.0,70.0,2,0.94192,-10.00304
-35.0,70.0,3,0.90743,8.89202
-35.0,70.0,4,1.01084,-6.2637
-35.0,70.0,5,0.93509,9.83207
-35.0,70.0,6,0.94633,12.36876
-35.0,75.0,0,1.05264,-8.63112
-35.0,75.0,1,0.94279,0.33588
-35.0,75.0,2,0.95566,-12.13531
-35.0,75.0,3,0.93828,8.34115
-35.0,75.0,4,1.00697,-3.62328
-35.0,75.0,5,0.92355,12.3569
-35.0,75.0,6,0.93128,13.24586
-35.0,80.0,0,1.05169,-8.71897
-35.0,80.0,1,0.94571,-2.19724
-35.0,80.0,2,0.96783,-9.57595
-35.0,80.0,3,0.95716,8.67093
-35.0,80.0,4,1.0085,-7.50177
-35.0,80.0,5,0.90622,11.8649
-35.0,80.0,6,0.94046,14.55001
-35.0,85.0,0,1.06432,-10.48227
-35.0,85.0,1,0.94705,-2.80197
-35.0,85.0,2,0.98891,-13.0835
-35.0,85.0,3,0.98747,7.18991
-35.0,85.0,4,0.99722,-9.25866
-35.0,85.0,5,0.89434,12.05317
-35.0,85.0,6,0.96931,14.76977
-35.0,90.0,0,1.04699,-10.13931
-35.0,90.0,1,0.96016,-2.52617
-35.0,90.0,2,1.00827,-14.82167
-35.0,90.0,3,0.97975,5.66528
-35.0,90.0,4,0.98209,-7.62083
-35.0,90.0,5,0.87874,13.07623
-35.0,90.0,6,0.98327,15.41159
-35.0,95.0,0,1.04839,-10.2229
-35.0,95.0,1,0.95061,-3.56227
-35.0,95.0,2,1.00662,-12.36978
-35.0,95.0,3,0.97398,6.19272
-35.0,95.0,4,0.95791,-7.03961
-35.0,95.0,5,0.89187,14.98314
-35.0,95.0,6,1.01537,17.55135
-35.0,100.0,0,1.03344,-12.88803
-35.0,100.0,1,0.9517,-5.65143
-35.0,100.0,2,1.0111,-13.69038
-35.0,100.0,3,0.96056,5.86244
-35.0,100.0,4,0.93329,-3.90315
-35.0,100.0,5,0.90805,15.86604
-35.0,100.0,6,1.01792,16.61253
-35.0,105.0,0,1.01591,-11.66725
-35.0,105.0,1,0.93819,-5.69466
-35.0,105.0,2,1.02141,-14.33393
-35.0,105.0,3,0.9371,6.18556
-35.0,105.0,4,0.9227,-6.57052
-35.0,105.0,5,0.92612,16.15205
-35.0,105.0,6,1.00639,15.67896
-35.0,110.0,0,0.99433,-13.31467
-35.0,110.0,1,0.94351,-5.38381
-35.0,110.0,2,1.01917,-13.78659
-35.0,110.0,3,0.90697,6.2475
-35.0,110.0,4,0.92508,-4.83015
-35.0,110.0,5,0.92699,14.87627
-35.0,110.0,6,0.97106,16.73243
-35.0,115.0,0,0.97761,-15.48984
-35.0,115.0,1,0.9398,-7.3536
-35.0,115.0,2,1.0014,-14.95518
-35.0,115.0,3,0.88804,5.81856
-35.0,115.0,4,0.92866,-3.72852
-35.0,115.0,5,0.92782,18.25665
-35.0,115.0,6,0.9406,19.73604
-35.0,120.0,0,0.95859,-15.32068
-35.0,120.0,1,0.93378,-6.76825
-35.0,120.0,2,0.98367,-17.26078
-35.0,120.0,3,0.84943,5.44362
-35.0,120.0,4,0.92123,-4.04383
-35.0,120.0,5,0.91253,17.32909
-35.0,120.0,6,0.89396,19.38404
-35.0,125.0,0,0.93591,-17.41034
-35.0,125.0,1,0.93038,-8.86937
-35.0,125.0,2,0.96004,-17.51743
-35.0,125.0,3,0.82485,6.37816
-35.0,125.0,4,0.94144,-4.06903
-35.0,125.0,5,0.86775,19.39271
-35.0,125.0,6,0.87253,20.12173
-35.0,130.0,0,0.90942,-16.61378
-35.0,130.0,1,0.91391,-9.80077
-35.0,130.0,2,0.92225,-15.6473
-35.0,130.0,3,0.81632,4.99917
-35.0,130.0,4,0.91027,-2.01756
-35.0,130.0,5,0.82719,20.74537
-35.0,130.0,6,0.86663,21.82247
-35.0,135.0,0,0.89115,-18.14658
-35.0,135.0,1,0.90222,-9.46246
-35.0,135.0,2,0.89489,-17.20692
-35.0,135.0,3,0.79611,7.56234
-35.0,135.0,4,0.89762,-3.3777
-35.0,135.0,5,0.78215,17.83972
-35.0,135.0,6,0.86891,21.98486
-35.0,140.0,0,0.87039,-18.73502
-35.0,140.0,1,0.875,-11.58194
-35.0,140.0,2,0.84282,-17.54262
-35.0,140.0,3,0.78555,6.2473
-35.0,140.0,4,0.87389,-3.81874
-35.0,140.0,5,0.74171,21.70275
-35.0,140.0,6,0.86632,22.90509
-35.0,145.0,0,0.84401,-21.06454
-35.0,145.0,1,0.85968,-10.67955
-35.0,145.0,2,0.8037,-17.09473
-35.0,145.0,3,0.78385,7.1876
-35.0,145.0,4,0.82831,-0.19704
-35.0,145.0,5,0.72368,23.11645
-35.0,145.0,6,0.85978,23.97873
-35.0,150.0,0,0.81099,-20.71808
-35.0,150.0,1,0.83594,-12.26029
-35.0,150.0,2,0.78187,-19.93061
-35.0,150.0,3,0.76595,8.37621
-35.0,150.0,4,0.77517,-3.45654
-35.0,150.0,5,0.70451,21.39196
-35.0,150.0,6,0.82297,24.45898
-35.0,155.0,0,0.78785,-21.38167
-35.0,155.0,1,0.805,-11.9646
-35.0,155.0,2,0.73236,-17.16298
-35.0,155.0,3,0.75973,4.29725
-35.0,155.0,4,0.7169,-1.19326
-35.0,155.0,5,0.69473,22.55173
-35.0,155.0,6,0.7704,25.9555
-35.0,160.0,0,0.75813,-22.62795
-35.0,160.0,1,0.76016,-12.59336
-35.0,160.0,2,0.71153,-16.06701
-35.0,160.0,3,0.719,8.79332
-35.0,160.0,4,0.67933,0.24427
-35.0,160.0,5,0.69092,22.37267
-35.0,160.0,6,0.70755,25.44487
-35.0,165.0,0,0.73487,-23.53864
-35.0,165.0,1,0.71881,-11.46908
-35.0,165.0,2,0.68093,-16.60322
-35.0,165.0,3,0.68769,7.10907
-35.0,165.0,4,0.64049,1.2346
-35.0,165.0,5,0.66962,24.55163
-35.0,165.0,6,0.65925,28.27379
-35.0,170.0,0,0.70201,-23.86624
-35.0,170.0,1,0.67135,-12.15711
-35.0,170.0,2,0.65133,-15.64483
-35.0,170.0,3,0.64028,8.69982
-35.0,170.0,4,0.61058,4.21329
-35.0,170.0,5,0.64379,24.8767
-35.0,170.0,6,0.61603,26.77316
-35.0,175.0,0,0.67503,-21.2338
-35.0,175.0,1,0.63434,-12.6232
-35.0,175.0,2,0.62567,-18.14889
-35.0,175.0,3,0.58738,7.62514
-35.0,175.0,4,0.60042,1.88091
-35.0,175.0,5,0.58261,27.10962
-35.0,175.0,6,0.58793,27.71887
-35.0,180.0,0,0.64489,-23.65361
-35.0,180.0,1,0.58908,-14.37668
-35.0,180.0,2,0.60966,-15.1099
-35.0,180.0,3,0.54565,10.08291
-35.0,180.0,4,0.57952,2.26035
-35.0,180.0,5,0.52606,28.04381
-35.0,180.0,6,0.58597,27.34663
-30.0,0.0,0,0.64454,-0.84497
-30.0,0.0,1,0.60639,12.40428
-30.0,0.0,2,0.61971,4.25915
-30.0,0.0,3,0.55593,21.38241
-30.0,0.0,4,0.58615,1.42373
-30.0,0.0,5,0.52269,13.70996
-30.0,0.0,6,0.55761,10.08332
-30.0,5.0,0,0.68695,0.77246
-30.0,5.0,1,0.65236,12.37568
-30.0,5.0,2,0.66717,2.39204
-30.0,5.0,3,0.61042,20.21542
-30.0,5.0,4,0.63804,2.2237
-30.0,5.0,5,0.58545,13.17056
-30.0,5.0,6,0.62717,7.81392
-30.0,10.0,0,0.73056,-1.08892
-30.0,10.0,1,0.68909,11.26667
-30.0,10.0,2,0.72373,2.49912
-30.0,10.0,3,0.66652,18.87323
-30.0,10.0,4,0.69469,-0.65463
-30.0,10.0,5,0.62095,16.67909
-30.0,10.0,6,0.66631,9.57677
-30.0,15.0,0,0.77992,-0.05097
-30.0,15.0,1,0.72449,10.72315
-30.0,15.0,2,0.76993,2.22084
-30.0,15.0,3,0.6999,18.53754
-30.0,15.0,4,0.72887,0.66138
-30.0,15.0,5,0.66257,13.78485
-30.0,15.0,6,0.69216,7.07635
-30.0,20.0,0,0.81678,-0.77215
-30.0,20.0,1,0.77409,11.15657
-30.0,20.0,2,0.79494,1.59736
-30.0,20.0,3,0.73537,18.7444
-30.0,20.0,4,0.76304,-0.96058
-30.0,20.0,5,0.68781,14.03626
-30.0,20.0,6,0.70932,8.97394
-30.0,25.0,0,0.85213,-1.96039
-30.0,25.0,1,0.80143,9.37507
-30.0,25.0,2,0.83292,-0.57028
-30.0,25.0,3,0.76586,15.34409
-30.0,25.0,4,0.78589,-0.47683
-30.0,25.0,5,0.69132,13.31159
-30.0,25.0,6,0.71542,9.29483
-30.0,30.0,0,0.88872,-2.83103
-30.0,30.0,1,0.84324,8.59143
-30.0,30.0,2,0.84905,-0.3805
-30.0,30.0,3,0.78023,17.76161
-30.0,30.0,4,0.78513,0.09248
-30.0,30.0,5,0.7032,12.26048
-30.0,30.0,6,0.72835,10.00705
-30.0,35.0,0,0.92427,-2.43788
-30.0,35.0,1,0.85572,7.6475
-30.0,35.0,2,0.87599,-1.10825
-30.0,35.0,3,0.79931,16.68712
-30.0,35.0,4,0.80084,-1.64985
-30.0,35.0,5,0.71123,13.43634
-30.0,35.0,6,0.74608,9.97042
-30.0,40.0,0,0.94695,-1.51139
-30.0,40.0,1,0.89016,6.74353
-30.0,40.0,2,0.88832,-2.28936
-30.0,40.0,3,0.80106,15.91597
-30.0,40.0,4,0.8056,-2.0154
-30.0,40.0,5,0.73629,11.57726
-30.0,40.0,6,0.7893,10.44907
-30.0,45.0,0,0.97827,-3.04495
-30.0,45.0,1,0.90576,5.88678
-30.0,45.0,2,0.90016,-1.84452
-30.0,45.0,3,0.80836,13.75105
-30.0,45.0,4,0.84249,-3.92318
-30.0,45.0,5,0.78317,14.22386
-30.0,45.0,6,0.84539,10.88849
-30.0,50.0,0,0.98901,-3.38717
-30.0,50.0,1,0.92537,7.12521
-30.0,50.0,2,0.91889,-5.81334
-30.0,50.0,3,0.81632,12.34922
-30.0,50.0,4,0.86997,-3.05102
-30.0,50.0,5,0.81974,13.49002
-30.0,50.0,6,0.88892,11.1096
-30.0,55.0,0,1.01307,-4.64381
-30.0,55.0,1,0.9409,5.28578
-30.0,55.0,2,0.92583,-5.32867
-30.0,55.0,3,0.85304,12.96207
-30.0,55.0,4,0.8977,-2.35258
-30.0,55.0,5,0.86536,11.65644
-30.0,55.0,6,0.92094,10.99141
-30.0,60.0,0,1.03863,-5.01363
-30.0,60.0,1,0.94515,5.57759
-30.0,60.0,2,0.93969,-7.64591
-30.0,60.0,3,0.86607,11.73856
-30.0,60.0,4,0.93523,-4.34051
-30.0,60.0,5,0.89364,15.2247
-30.0,60.0,6,0.94121,13.27811
-30.0,65.0,0,1.04961,-4.42226
-30.0,65.0,1,0.94364,3.84192
-30.0,65.0,2,0.94444,-6.81793
-30.0,65.0,3,0.89613,10.09379
-30.0,65.0,4,0.97126,-3.26791
-30.0,65.0,5,0.92804,13.41463
-30.0,65.0,6,0.92568,11.97538
-30.0,70.0,0,1.0513,-6.46069
-30.0,70.0,1,0.94993,3.25567
-30.0,70.0,2,0.95313,-7.69992
-30.0,70.0,3,0.932,9.96191
-30.0,70.0,4,0.99718,-4.8256
-30.0,70.0,5,0.93261,12.65325
-30.0,70.0,6,0.91249,13.88956
-30.0,75.0,0,1.04602,-4.98066
-30.0,75.0,1,0.9608,2.22553
-30.0,75.0,2,0.97433,-8.41705
-30.0,75.0,3,0.95941,7.7391
-30.0,75.0,4,1.01287,-5.492
-30.0,75.0,5,0.90685,12.39847
-30.0,75.0,6,0.9078,13.72138
-30.0,80.0,0,1.05516,-8.26487
-30.0,80.0,1,0.96645,1.50929
-30.0,80.0,2,0.98344,-10.26528
-30.0,80.0,3,0.97991,10.58894
-30.0,80.0,4,1.01341,-4.56024
-30.0,80.0,5,0.90449,12.37183
-30.0,80.0,6,0.9127,13.84253
-30.0,85.0,0,1.05156,-7.91368
-30.0,85.0,1,0.96333,-0.38892
-30.0,85.0,2,1.00139,-8.79736
-30.0,85.0,3,0.99506,8.40636
-30.0,85.0,4,1.00742,-3.71888
-30.0,85.0,5,0.88429,12.47861
-30.0,85.0,6,0.92737,13.67151
-30.0,90.0,0,1.05941,-9.66557
-30.0,90.0,1,0.96854,-0.81256
-30.0,90.0,2,1.01997,-10.51116
-30.0,90.0,3,1.00782,7.90558
-30.0,90.0,4,0.98553,-4.65962
-30.0,90.0,5,0.88142,14.23729
-30.0,90.0,6,0.95833,16.44511
-30.0,95.0,0,1.04107,-8.35559
-30.0,95.0,1,0.95934,-1.8105
-30.0,95.0,2,1.03507,-11.7118
-30.0,95.0,3,0.99672,8.10518
-30.0,95.0,4,0.96012,-3.89058
-30.0,95.0,5,0.88903,15.28161
-30.0,95.0,6,0.98623,15.90829
-30.0,100.0,0,1.04258,-10.75379
-30.0,100.0,1,0.96155,-2.498
-30.0,100.0,2,1.03854,-12.86462
-30.0,100.0,3,0.98631,8.31638
-30.0,100.0,4,0.9439,-2.87836
-30.0,100.0,5,0.90525,15.23649
-30.0,100.0,6,0.99454,18.31708
-30.0,105.0,0,1.01933,-12.52541
-30.0,105.0,1,0.95773,-3.90737
-30.0,105.0,2,1.03481,-12.2385
-30.0,105.0,3,0.95997,6.08793
-30.0,105.0,4,0.93235,-4.60194
-30.0,105.0,5,0.91858,15.95643
-30.0,105.0,6,0.97203,19.38491
-30.0,110.0,0,1.00111,-10.75837
-30.0,110.0,1,0.95682,-4.85741
-30.0,110.0,2,1.028,-14.46426
-30.0,110.0,3,0.9273,8.36432
-30.0,110.0,4,0.93583,-4.67346
-30.0,110.0,5,0.92677,17.9339
-30.0,110.0,6,0.95438,19.77586
-30.0,115.0,0,0.98679,-12.25112
-30.0,115.0,1,0.94556,-4.57196
-30.0,115.0,2,1.01566,-11.26453
-30.0,115.0,3,0.90456,8.04861
-30.0,115.0,4,0.929,-3.37019
-30.0,115.0,5,0.92539,17.56878
-30.0,115.0,6,0.90623,18.76222
-30.0,120.0,0,0.9666,-13.06424
-30.0,120.0,1,0.94138,-4.69607
-30.0,120.0,2,1.00039,-12.89763
-30.0,120.0,3,0.87693,7.72063
-30.0,120.0,4,0.93764,-1.54417
-30.0,120.0,5,0.89513,18.63189
-30.0,120.0,6,0.86465,21.12306
-30.0,125.0,0,0.93376,-13.67481
-30.0,125.0,1,0.9364,-5.35001
-30.0,125.0,2,0.98386,-14.15749
-30.0,125.0,3,0.84309,7.13685
-30.0,125.0,4,0.93948,-3.52437
-30.0,125.0,5,0.85725,19.68287
-30.0,125.0,6,0.85296,21.65868
-30.0,130.0,0,0.9286,-14.1221
-30.0,130.0,1,0.93054,-6.17992
-30.0,130.0,2,0.94222,-13.97597
-30.0,130.0,3,0.83419,8.55147
-30.0,130.0,4,0.92177,-3.44173
-30.0,130.0,5,0.81423,20.09826
-30.0,130.0,6,0.831,21.91676
-30.0,135.0,0,0.89609,-15.06025
-30.0,135.0,1,0.90643,-8.22849
-30.0,135.0,2,0.89631,-15.93934
-30.0,135.0,3,0.81239,10.00435
-30.0,135.0,4,0.89442,-1.24091
-30.0,135.0,5,0.77557,22.17286
-30.0,135.0,6,0.84701,23.23965
-30.0,140.0,0,0.86075,-17.90991
-30.0,140.0,1,0.88953,-8.70257
-30.0,140.0,2,0.8667,-15.49505
-30.0,140.0,3,0.79725,8.62298
-30.0,140.0,4,0.88345,-1.26058
-30.0,140.0,5,0.73201,20.74182
-30.0,140.0,6,0.84076,24.01829
-30.0,145.0,0,0.84004,-18.60919
-30.0,145.0,1,0.87147,-6.16358
-30.0,145.0,2,0.83658,-12.67291
-30.0,145.0,3,0.78949,9.21217
-30.0,145.0,4,0.83698,-0.45788
-30.0,145.0,5,0.71038,22.45742
-30.0,145.0,6,0.82929,25.95297
-30.0,150.0,0,0.82414,-18.76426
-30.0,150.0,1,0.83866,-7.83152
-30.0,150.0,2,0.78893,-15.52624
-30.0,150.0,3,0.78047,7.62515
-30.0,150.0,4,0.78968,-0.46411
-30.0,150.0,5,0.70169,20.4346
-30.0,150.0,6,0.79288,24.18238
-30.0,155.0,0,0.7877,-19.10276
-30.0,155.0,1,0.80431,-7.5635
-30.0,155.0,2,0.75462,-15.46822
-30.0,155.0,3,0.77049,9.76042
-30.0,155.0,4,0.73818,3.19708
-30.0,155.0,5,0.70224,24.19793
-30.0,155.0,6,0.74478,26.1042
-30.0,160.0,0,0.76832,-20.09821
-30.0,160.0,1,0.7775,-11.185
-30.0,160.0,2,0.71952,-13.80918
-30.0,160.0,3,0.73733,8.5795
-30.0,160.0,4,0.69142,1.04257
-30.0,160.0,5,0.68017,25.0673
-30.0,160.0,6,0.69009,26.73216
-30.0,165.0,0,0.72953,-18.77139
-30.0,165.0,1,0.73024,-10.54495
-30.0,165.0,2,0.68743,-15.26522
-30.0,165.0,3,0.70837,8.50583
-30.0,165.0,4,0.6468,3.54946
-30.0,165.0,5,0.66235,25.57241
-30.0,165.0,6,0.61662,28.3661
-30.0,170.0,0,0.70433,-19.87431
-30.0,170.0,1,0.6772,-9.91182
-30.0,170.0,2,0.66584,-13.27514
-30.0,170.0,3,0.65992,10.47449
-30.0,170.0,4,0.62338,3.16569
-30.0,170.0,5,0.62702,24.46969
-30.0,170.0,6,0.58738,28.30531
-30.0,175.0,0,0.68022,-21.80526
-30.0,175.0,1,0.65381,-8.42801
-30.0,175.0,2,0.64618,-14.52061
-30.0,175.0,3,0.6186,11.95564
-30.0,175.0,4,0.60089,3.88541
-30.0,175.0,5,0.57719,28.93625
-30.0,175.0,6,0.57376,30.15564
-30.0,180.0,0,0.65385,-22.77932
-30.0,180.0,1,0.60161,-10.47217
-30.0,180.0,2,0.61691,-13.20575
-30.0,180.0,3,0.55218,11.0999
-30.0,180.0,4,0.58214,4.72885
-30.0,180.0,5,0.51946,29.05548
-30.0,180.0,6,0.56256,29.12278
-25.0,0.0,0,0.65167,1.56257
-25.0,0.0,1,0.61402,14.62858
-25.0,0.0,2,0.63912,6.5549
-25.0,0.0,3,0.58196,23.15717
-25.0,0.0,4,0.59583,3.88015
-25.0,0.0,5,0.52216,15.55171
-25.0,0.0,6,0.54906,10.35081
-25.0,5.0,0,0.7018,0.66681
-25.0,5.0,1,0.65699,14.44967
-25.0,5.0,2,0.67522,5.31483
-25.0,5.0,3,0.63184,20.54439
-25.0,5.0,4,0.662,4.43397
-25.0,5.0,5,0.59069,15.48554
-25.0,5.0,6,0.6157,10.77635
-25.0,10.0,0,0.74186,0.11903
-25.0,10.0,1,0.7036,12.91032
-25.0,10.0,2,0.72912,5.59268
-25.0,10.0,3,0.68817,23.13661
-25.0,10.0,4,0.69634,4.45919
-25.0,10.0,5,0.62556,16.13469
-25.0,10.0,6,0.65397,9.97523
-25.0,15.0,0,0.78425,2.33983
-25.0,15.0,1,0.73975,10.21503
-25.0,15.0,2,0.77142,2.91359
-25.0,15.0,3,0.72263,21.62981
-25.0,15.0,4,0.74592,3.07384
-25.0,15.0,5,0.66665,14.50706
-25.0,15.0,6,0.69118,10.45432
-25.0,20.0,0,0.82255,0.5822
-25.0,20.0,1,0.78439,11.2423
-25.0,20.0,2,0.82359,3.41676
-25.0,20.0,3,0.75728,19.03505
-25.0,20.0,4,0.7752,1.86778
-25.0,20.0,5,0.68807,14.92682
-25.0,20.0,6,0.69714,9.06844
-25.0,25.0,0,0.86033,-0.01686
-25.0,25.0,1,0.81524,10.79884
-25.0,25.0,2,0.84789,0.95042
-25.0,25.0,3,0.78078,19.13615
-25.0,25.0,4,0.79409,1.64636
-25.0,25.0,5,0.70289,14.73608
-25.0,25.0,6,0.70384,9.68186
-25.0,30.0,0,0.88577,-0.15103
-25.0,30.0,1,0.84455,12.55648
-25.0,30.0,2,0.87562,-0.03072
-25.0,30.0,3,0.80006,19.14594
-25.0,30.0,4,0.80578,2.16664
-25.0,30.0,5,0.70301,14.47411
-25.0,30.0,6,0.70573,11.36253
-25.0,35.0,0,0.91893,0.42337
-25.0,35.0,1,0.88265,10.27831
-25.0,35.0,2,0.88931,-0.43941
-25.0,35.0,3,0.82059,19.10911
-25.0,35.0,4,0.81354,1.34602
-25.0,35.0,5,0.71916,11.88568
-25.0,35.0,6,0.73774,9.52066
-25.0,40.0,0,0.95308,0.1342
-25.0,40.0,1,0.89701,8.8045
-25.0,40.0,2,0.90586,-3.16353
-25.0,40.0,3,0.82626,17.59984
-25.0,40.0,4,0.82859,-2.11076
-25.0,40.0,5,0.7451,13.09057
-25.0,40.0,6,0.77847,12.16683
-25.0,45.0,0,0.97601,-1.53654
-25.0,45.0,1,0.92291,7.31297
-25.0,45.0,2,0.92695,-1.22649
-25.0,45.0,3,0.8354,16.18451
-25.0,45.0,4,0.84123,-0.60087
-25.0,45.0,5,0.78505,13.89635
-25.0,45.0,6,0.82891,10.75906
-25.0,50.0,0,1.00734,-2.12348
-25.0,50.0,1,0.93702,8.86138
-25.0,50.0,2,0.92212,-2.91484
-25.0,50.0,3,0.84997,16.41251
-25.0,50.0,4,0.87897,-2.16182
-25.0,50.0,5,0.82732,12.0974
-25.0,50.0,6,0.8848,11.17976
-25.0,55.0,0,1.01828,-1.88766
-25.0,55.0,1,0.94739,6.12956
-25.0,55.0,2,0.94795,-4.38155
-25.0,55.0,3,0.86785,14.47817
-25.0,55.0,4,0.9048,-2.20225
-25.0,55.0,5,0.86732,12.50154
-25.0,55.0,6,0.90777,11.57888
-25.0,60.0,0,1.03978,-1.84452
-25.0,60.0,1,0.9539,6.6723
-25.0,60.0,2,0.93569,-3.86773
-25.0,60.0,3,0.88798,14.38865
-25.0,60.0,4,0.9551,-2.21676
-25.0,60.0,5,0.90728,13.71575
-25.0,60.0,6,0.93971,11.78555
-25.0,65.0,0,1.04884,-2.40409
-25.0,65.0,1,0.96711,4.02625
-25.0,65.0,2,0.95878,-6.18241
-25.0,65.0,3,0.91686,13.88784
-25.0,65.0,4,0.97873,-2.32174
-25.0,65.0,5,0.9293,15.01422
-25.0,65.0,6,0.92598,12.9355
-25.0,70.0,0,1.05405,-2.83423
-25.0,70.0,1,0.96756,4.92697
-25.0,70.0,2,0.95554,-5.10531
-25.0,70.0,3,0.94477,13.2722
-25.0,70.0,4,1.01742,-2.05457
-25.0,70.0,5,0.93232,14.63914
-25.0,70.0,6,0.91113,11.8359
-25.0,75.0,0,1.06225,-5.44138
-25.0,75.0,1,0.96649,4.75729
-25.0,75.0,2,0.99311,-6.01969
-25.0,75.0,3,0.97721,12.1261
-25.0,75.0,4,1.02738,-2.27133
-25.0,75.0,5,0.92603,14.17245
-25.0,75.0,6,0.90411,12.82882
-25.0,80.0,0,1.0635,-6.04069
-25.0,80.0,1,0.96331,2.15147
-25.0,80.0,2,1.00086,-8.1896
-25.0,80.0,3,0.9991,11.84544
-25.0,80.0,4,1.04839,-4.47254
-25.0,80.0,5,0.90603,15.90396
-25.0,80.0,6,0.91168,14.68512
-25.0,85.0,0,1.06406,-6.50294
-25.0,85.0,1,0.97196,1.61912
-25.0,85.0,2,1.01359,-7.7916
-25.0,85.0,3,1.01275,11.31633
-25.0,85.0,4,1.02133,-4.2659
-25.0,85.0,5,0.89126,14.90683
-25.0,85.0,6,0.91646,14.49028
-25.0,90.0,0,1.05326,-6.98394
-25.0,90.0,1,0.96341,0.15723
-25.0,90.0,2,1.03137,-9.45719
-25.0,90.0,3,1.01761,12.53347
-25.0,90.0,4,1.00299,-4.65994
-25.0,90.0,5,0.89451,15.83621
-25.0,90.0,6,0.94719,16.47182
-25.0,95.0,0,1.04257,-6.1975
-25.0,95.0,1,0.96726,0.35758
-25.0,95.0,2,1.0448,-8.94815
-25.0,95.0,3,1.01217,10.18735
-25.0,95.0,4,0.98234,-3.53495
-25.0,95.0,5,0.89673,17.67087
-25.0,95.0,6,0.96842,16.34512
-25.0,100.0,0,1.03594,-9.92462
-25.0,100.0,1,0.96322,0.07755
-25.0,100.0,2,1.0547,-9.63084
-25.0,100.0,3,0.98888,11.48523
-25.0,100.0,4,0.96465,-2.6104
-25.0,100.0,5,0.91666,17.90679
-25.0,100.0,6,0.97533,19.44747
-25.0,105.0,0,1.01705,-9.61787
-25.0,105.0,1,0.96005,0.34748
-25.0,105.0,2,1.05584,-9.86121
-25.0,105.0,3,0.98081,10.34447
-25.0,105.0,4,0.94158,-0.54726
-25.0,105.0,5,0.92288,16.16146
-25.0,105.0,6,0.96917,18.1727
-25.0,110.0,0,1.00218,-10.27237
-25.0,110.0,1,0.96655,0.03118
-25.0,110.0,2,1.05529,-10.66799
-25.0,110.0,3,0.95951,10.3124
-25.0,110.0,4,0.95867,-1.73364
-25.0,110.0,5,0.92618,19.74912
-25.0,110.0,6,0.93891,19.0663
-25.0,115.0,0,0.98568,-10.8861
-25.0,115.0,1,0.96388,-2.59581
-25.0,115.0,2,1.03107,-10.84926
-25.0,115.0,3,0.92176,9.86643
-25.0,115.0,4,0.94989,-0.78991
-25.0,115.0,5,0.9215,17.04008
-25.0,115.0,6,0.89503,21.08504
-25.0,120.0,0,0.95836,-10.67099
-25.0,120.0,1,0.95215,-2.76815
-25.0,120.0,2,1.01398,-12.24512
-25.0,120.0,3,0.88947,9.35428
-25.0,120.0,4,0.94666,-1.86344
-25.0,120.0,5,0.90685,19.27689
-25.0,120.0,6,0.85453,20.46377
-25.0,125.0,0,0.94273,-12.07467
-25.0,125.0,1,0.94933,-3.79237
-25.0,125.0,2,0.98977,-13.24984
-25.0,125.0,3,0.86468,10.97862
-25.0,125.0,4,0.95506,0.8891
-25.0,125.0,5,0.8832,22.27768
-25.0,125.0,6,0.83533,21.20922
-25.0,130.0,0,0.91958,-12.15084
-25.0,130.0,1,0.93661,-4.83663
-25.0,130.0,2,0.94983,-12.39537
-25.0,130.0,3,0.84695,11.61279
-25.0,130.0,4,0.95911,-1.51406
-25.0,130.0,5,0.81958,22.04771
-25.0,130.0,6,0.8344,22.08722
-25.0,135.0,0,0.89888,-13.90437
-25.0,135.0,1,0.91414,-4.39097
-25.0,135.0,2,0.91566,-12.3088
-25.0,135.0,3,0.84086,9.5376
-25.0,135.0,4,0.93281,1.25186
-25.0,135.0,5,0.79071,21.16618
-25.0,135.0,6,0.83505,21.99696
-25.0,140.0,0,0.87204,-13.64306
-25.0,140.0,1,0.91006,-4.97526
-25.0,140.0,2,0.87391,-14.3455
-25.0,140.0,3,0.82513,10.14003
-25.0,140.0,4,0.89966,1.11906
-25.0,140.0,5,0.74601,24.48499
-25.0,140.0,6,0.82591,24.17492
-25.0,145.0,0,0.85055,-14.20532
-25.0,145.0,1,0.87138,-7.44601
-25.0,145.0,2,0.83662,-14.64996
-25.0,145.0,3,0.80626,12.49012
-25.0,145.0,4,0.85044,0.2678
-25.0,145.0,5,0.7188,23.71133
-25.0,145.0,6,0.81471,25.10817
-25.0,150.0,0,0.82416,-15.86866
-25.0,150.0,1,0.84701,-5.45757
-25.0,150.0,2,0.80889,-12.39187
-25.0,150.0,3,0.78946,12.31387
-25.0,150.0,4,0.80376,3.27281
-25.0,150.0,5,0.70462,23.66958
-25.0,150.0,6,0.78132,25.368
-25.0,155.0,0,0.80113,-17.91501
-25.0,155.0,1,0.81348,-6.971
-25.0,155.0,2,0.75895,-13.56937
-25.0,155.0,3,0.77583,12.64832
-25.0,155.0,4,0.74677,2.81419
-25.0,155.0,5,0.70112,26.4491
-25.0,155.0,6,0.73673,26.91821
-25.0,160.0,0,0.76018,-15.57993
-25.0,160.0,1,0.7868,-7.00753
-25.0,160.0,2,0.72521,-13.461
-25.0,160.0,3,0.7495,10.9081
-25.0,160.0,4,0.70291,2.03908
-25.0,160.0,5,0.68298,25.38641
-25.0,160.0,6,0.67077,25.20231
-25.0,165.0,0,0.73532,-17.19216
-25.0,165.0,1,0.73816,-8.51899
-25.0,165.0,2,0.70031,-10.74148
-25.0,165.0,3,0.72485,13.36533
-25.0,165.0,4,0.67101,4.36018
-25.0,165.0,5,0.6792,26.54545
-25.0,165.0,6,0.60726,28.53599
-25.0,170.0,0,0.71404,-19.08456
-25.0,170.0,1,0.70051,-7.60283
-25.0,170.0,2,0.68064,-10.57359
-25.0,170.0,3,0.68699,13.8145
-25.0,170.0,4,0.64116,4.81483
-25.0,170.0,5,0.62906,26.43084
-25.0,170.0,6,0.57397,28.52257
-25.0,175.0,0,0.68057,-19.12393
-25.0,175.0,1,0.65423,-10.28534
-25.0,175.0,2,0.64755,-13.15187
-25.0,175.0,3,0.64378,13.33099
-25.0,175.0,4,0.62299,6.30262
-25.0,175.0,5,0.58303,29.2688
-25.0,175.0,6,0.54855,28.3614
-25.0,180.0,0,0.64594,-19.96495
-25.0,180.0,1,0.61886,-8.84604
-25.0,180.0,2,0.62922,-13.35138
-25.0,180.0,3,0.579,14.16108
-25.0,180.0,4,0.60691,6.14152
-25.0,180.0,5,0.52387,30.47046
-25.0,180.0,6,0.55625,30.69442
-20.0,0.0,0,0.65133,4.65963
-20.0,0.0,1,0.63201,15.26441
-20.0,0.0,2,0.65398,7.47288
-20.0,0.0,3,0.60244,25.17798
-20.0,0.0,4,0.63266,5.1352
-20.0,0.0,5,0.55081,16.56355
-20.0,0.0,6,0.56544,9.9783
-20.0,5.0,0,0.69436,3.28852
-20.0,5.0,1,0.65834,16.14245
-20.0,5.0,2,0.69941,7.21257
-20.0,5.0,3,0.64047,23.82983
-20.0,5.0,4,0.68064,4.38819
-20.0,5.0,5,0.61215,17.43767
-20.0,5.0,6,0.62463,11.28071
-20.0,10.0,0,0.74574,3.64133
-20.0,10.0,1,0.71027,17.19738
-20.0,10.0,2,0.73978,4.95434
-20.0,10.0,3,0.69543,22.8465
-20.0,10.0,4,0.73332,5.59327
-20.0,10.0,5,0.65371,17.81588
-20.0,10.0,6,0.67981,11.20808
-20.0,15.0,0,0.78019,2.40608
-20.0,15.0,1,0.75437,15.38479
-20.0,15.0,2,0.78723,6.40754
-20.0,15.0,3,0.74464,21.7144
-20.0,15.0,4,0.77583,3.86431
-20.0,15.0,5,0.69137,16.40322
-20.0,15.0,6,0.69831,9.93827
-20.0,20.0,0,0.81625,3.76526
-20.0,20.0,1,0.78812,14.11049
-20.0,20.0,2,0.83077,4.07277
-20.0,20.0,3,0.77279,22.72749
-20.0,20.0,4,0.79644,4.44581
-20.0,20.0,5,0.71769,15.29285
-20.0,20.0,6,0.71133,12.07009
-20.0,25.0,0,0.85671,2.43447
-20.0,25.0,1,0.82118,12.80373
-20.0,25.0,2,0.8698,4.58409
-20.0,25.0,3,0.8033,20.38847
-20.0,25.0,4,0.8173,3.42421
-20.0,25.0,5,0.7122,14.77792
-20.0,25.0,6,0.71574,8.7721
-20.0,30.0,0,0.89593,1.98943
-20.0,30.0,1,0.86283,14.3911
-20.0,30.0,2,0.88059,4.31049
-20.0,30.0,3,0.82297,19.99166
-20.0,30.0,4,0.83694,2.27391
-20.0,30.0,5,0.73204,13.9187
-20.0,30.0,6,0.73528,10.27822
-20.0,35.0,0,0.93081,2.05395
-20.0,35.0,1,0.89019,12.76355
-20.0,35.0,2,0.90972,0.32755
-20.0,35.0,3,0.83448,19.20584
-20.0,35.0,4,0.83882,0.31418
-20.0,35.0,5,0.73456,15.81131
-20.0,35.0,6,0.75477,10.86498
-20.0,40.0,0,0.95871,1.19104
-20.0,40.0,1,0.91537,12.49986
-20.0,40.0,2,0.92308,1.63968
-20.0,40.0,3,0.85378,19.11921
-20.0,40.0,4,0.85659,-0.02351
-20.0,40.0,5,0.77077,13.98171
-20.0,40.0,6,0.79279,11.40731
-20.0,45.0,0,0.97858,-0.55465
-20.0,45.0,1,0.92239,10.44505
-20.0,45.0,2,0.93635,0.0918
-20.0,45.0,3,0.86091,17.97125
-20.0,45.0,4,0.86801,2.10166
-20.0,45.0,5,0.80462,14.48731
-20.0,45.0,6,0.84417,11.27388
-20.0,50.0,0,1.00068,1.02122
-20.0,50.0,1,0.94695,10.41914
-20.0,50.0,2,0.93989,0.85854
-20.0,50.0,3,0.86869,17.59781
-20.0,50.0,4,0.89091,1.20538
-20.0,50.0,5,0.84687,15.84159
-20.0,50.0,6,0.8909,11.56914
-20.0,55.0,0,1.02912,1.40894
-20.0,55.0,1,0.95622,10.23587
-20.0,55.0,2,0.9422,-1.67969
-20.0,55.0,3,0.88791,14.46132
-20.0,55.0,4,0.93505,-0.05231
-20.0,55.0,5,0.89969,14.80382
-20.0,55.0,6,0.93796,14.83183
-20.0,60.0,0,1.03745,0.26971
-20.0,60.0,1,0.96623,10.04836
-20.0,60.0,2,0.9517,-1.46322
-20.0,60.0,3,0.90998,14.56492
-20.0,60.0,4,0.97024,-0.98284
-20.0,60.0,5,0.93357,14.50966
-20.0,60.0,6,0.93776,12.43492
-20.0,65.0,0,1.05651,-2.09248
-20.0,65.0,1,0.97155,8.99966
-20.0,65.0,2,0.97284,-3.45014
-20.0,65.0,3,0.93555,16.53747
-20.0,65.0,4,1.01574,-0.87447
-20.0,65.0,5,0.95375,14.6449
-20.0,65.0,6,0.93965,14.80227
-20.0,70.0,0,1.0612,-1.27151
-20.0,70.0,1,0.97561,6.40313
-20.0,70.0,2,0.98824,-4.63995
-20.0,70.0,3,0.95765,14.55946
-20.0,70.0,4,1.03774,-1.66091
-20.0,70.0,5,0.94929,15.14644
-20.0,70.0,6,0.92465,12.82744
-20.0,75.0,0,1.05868,-3.88271
-20.0,75.0,1,0.97066,6.72381
-20.0,75.0,2,0.99623,-3.61577
-20.0,75.0,3,0.99013,13.33228
-20.0,75.0,4,1.07027,-2.68394
-20.0,75.0,5,0.95096,14.85384
-20.0,75.0,6,0.91679,14.86076
-20.0,80.0,0,1.06812,-3.45456
-20.0,80.0,1,0.97189,7.59795
-20.0,80.0,2,1.02122,-4.42483
-20.0,80.0,3,1.01572,12.5419
-20.0,80.0,4,1.06088,0.23886
-20.0,80.0,5,0.92716,14.96067
-20.0,80.0,6,0.92299,14.45702
-20.0,85.0,0,1.06379,-5.17217
-20.0,85.0,1,0.97545,3.53412
-20.0,85.0,2,1.03254,-6.57856
-20.0,85.0,3,1.03621,12.93233
-20.0,85.0,4,1.04916,-1.73376
-20.0,85.0,5,0.92109,15.82427
-20.0,85.0,6,0.93493,16.80958
-20.0,90.0,0,1.05684,-5.60473
-20.0,90.0,1,0.973,2.71397
-20.0,90.0,2,1.05497,-6.4172
-20.0,90.0,3,1.04006,11.36007
-20.0,90.0,4,1.0337,-0.26942
-20.0,90.0,5,0.916,15.87622
-20.0,90.0,6,0.9698,15.89639
-20.0,95.0,0,1.04965,-5.53808
-20.0,95.0,1,0.97982,1.32045
-20.0,95.0,2,1.06232,-6.32014
-20.0,95.0,3,1.04435,12.44653
-20.0,95.0,4,1.01033,0.38128
-20.0,95.0,5,0.91379,17.23632
-20.0,95.0,6,0.98824,18.64328
-20.0,100.0,0,1.03503,-6.2096
-20.0,100.0,1,0.97338,2.13185
-20.0,100.0,2,1.07852,-6.88636
-20.0,100.0,3,1.02305,12.07788
-20.0,100.0,4,0.98586,0.13525
-20.0,100.0,5,0.93658,17.39223
-20.0,100.0,6,0.99618,17.69322
-20.0,105.0,0,1.02131,-6.42129
-20.0,105.0,1,0.96873,2.26879
-20.0,105.0,2,1.07874,-9.47654
-20.0,105.0,3,0.99787,12.08779
-20.0,105.0,4,0.97114,1.3764
-20.0,105.0,5,0.95432,18.1948
-20.0,105.0,6,0.98284,19.14742
-20.0,110.0,0,1.01321,-6.98297
-20.0,110.0,1,0.97339,-0.6599
-20.0,110.0,2,1.05745,-8.66924
-20.0,110.0,3,0.97275,13.09835
-20.0,110.0,4,0.97864,-0.23748
-20.0,110.0,5,0.95636,20.56859
-20.0,110.0,6,0.95337,20.631
-20.0,115.0,0,0.97696,-7.64942
-20.0,115.0,1,0.97012,0.10764
-20.0,115.0,2,1.05691,-8.93708
-20.0,115.0,3,0.93299,11.74174
-20.0,115.0,4,0.9809,-0.00304
-20.0,115.0,5,0.95271,19.55258
-20.0,115.0,6,0.9124,19.99962
-20.0,120.0,0,0.96302,-9.7531
-20.0,120.0,1,0.95937,-2.11946
-20.0,120.0,2,1.03703,-9.66461
-20.0,120.0,3,0.91419,13.74696
-20.0,120.0,4,0.98491,0.03368
-20.0,120.0,5,0.93352,20.75149
-20.0,120.0,6,0.87262,21.71435
-20.0,125.0,0,0.94411,-11.28332
-20.0,125.0,1,0.95425,-1.38617
-20.0,125.0,2,1.00675,-9.90628
-20.0,125.0,3,0.89345,11.80958
-20.0,125.0,4,0.97557,1.71725
-20.0,125.0,5,0.89073,22.01778
-20.0,125.0,6,0.85632,21.76891
-20.0,130.0,0,0.9207,-11.31688
-20.0,130.0,1,0.94528,-2.75449
-20.0,130.0,2,0.9685,-11.61601
-20.0,130.0,3,0.8709,13.07358
-20.0,130.0,4,0.97525,1.38199
-20.0,130.0,5,0.85244,23.72138
-20.0,130.0,6,0.84898,23.30844
-20.0,135.0,0,0.89995,-11.66273
-20.0,135.0,1,0.92938,-3.06053
-20.0,135.0,2,0.93821,-10.30764
-20.0,135.0,3,0.85908,12.17102
-20.0,135.0,4,0.95904,2.26155
-20.0,135.0,5,0.80252,22.41977
-20.0,135.0,6,0.85622,24.50408
-20.0,140.0,0,0.87973,-13.32639
-20.0,140.0,1,0.90756,-3.74406
-20.0,140.0,2,0.89614,-10.62477
-20.0,140.0,3,0.8461,11.80159
-20.0,140.0,4,0.9328,1.59634
-20.0,140.0,5,0.79028,24.27066
-20.0,140.0,6,0.85422,24.8895
-20.0,145.0,0,0.8545,-13.23664
-20.0,145.0,1,0.87944,-4.745
-20.0,145.0,2,0.8488,-9.69127
-20.0,145.0,3,0.83319,13.07643
-20.0,145.0,4,0.88055,3.24806
-20.0,145.0,5,0.74379,23.96893
-20.0,145.0,6,0.82865,26.0682
-20.0,150.0,0,0.82385,-14.4002
-20.0,150.0,1,0.8599,-3.85055
-20.0,150.0,2,0.81815,-9.33558
-20.0,150.0,3,0.81115,13.86298
-20.0,150.0,4,0.81926,4.79899
-20.0,150.0,5,0.73438,25.42967
-20.0,150.0,6,0.79923,27.13836
-20.0,155.0,0,0.79356,-15.26166
-20.0,155.0,1,0.82835,-7.01194
-20.0,155.0,2,0.78202,-10.21993
-20.0,155.0,3,0.80677,14.27724
-20.0,155.0,4,0.77145,5.89383
-20.0,155.0,5,0.71804,23.86069
-20.0,155.0,6,0.74833,27.22055
-20.0,160.0,0,0.76954,-15.21773
-20.0,160.0,1,0.79554,-4.1943
-20.0,160.0,2,0.7411,-10.17394
-20.0,160.0,3,0.7793,14.11287
-20.0,160.0,4,0.7325,5.24934
-20.0,160.0,5,0.71669,26.33732
-20.0,160.0,6,0.67603,27.76781
-20.0,165.0,0,0.73601,-16.79822
-20.0,165.0,1,0.75168,-6.58247
-20.0,165.0,2,0.71967,-11.66597
-20.0,165.0,3,0.73796,14.04849
-20.0,165.0,4,0.68898,6.52598
-20.0,165.0,5,0.68723,27.85151
-20.0,165.0,6,0.63245,28.24928
-20.0,170.0,0,0.71616,-16.0373
-20.0,170.0,1,0.70896,-4.51198
-20.0,170.0,2,0.69424,-9.21747
-20.0,170.0,3,0.70516,15.32608
-20.0,170.0,4,0.67064,6.05371
-20.0,170.0,5,0.65261,27.63198
-20.0,170.0,6,0.59625,28.03352
-20.0,175.0,0,0.68886,-18.9057
-20.0,175.0,1,0.65969,-5.95134
-20.0,175.0,2,0.674,-10.89307
-20.0,175.0,3,0.65555,16.62477
-20.0,175.0,4,0.64456,5.91307
-20.0,175.0,5,0.61315,29.24403
-20.0,175.0,6,0.56998,30.01182
-20.0,180.0,0,0.64669,-17.35843
-20.0,180.0,1,0.61041,-5.67738
-20.0,180.0,2,0.65056,-10.70193
-20.0,180.0,3,0.6024,16.76404
-20.0,180.0,4,0.62896,8.56325
-20.0,180.0,5,0.55164,29.80478
-20.0,180.0,6,0.55952,30.40304
-15.0,0.0,0,0.6499,4.51387
-15.0,0.0,1,0.62516,19.13327
-15.0,0.0,2,0.66176,10.36705
-15.0,0.0,3,0.61925,26.02794
-15.0,0.0,4,0.65839,7.16157
-15.0,0.0,5,0.58014,17.89606
-15.0,0.0,6,0.60554,10.68995
-15.0,5.0,0,0.70443,5.3529
-15.0,5.0,1,0.66991,17.44281
-15.0,5.0,2,0.70952,8.92077
-15.0,5.0,3,0.67169,27.57319
-15.0,5.0,4,0.70703,7.33444
-15.0,5.0,5,0.63932,17.71492
-15.0,5.0,6,0.66532,9.88986
-15.0,10.0,0,0.73309,6.54496
-15.0,10.0,1,0.71486,16.11277
-15.0,10.0,2,0.76077,7.38937
-15.0,10.0,3,0.71973,26.33354
-15.0,10.0,4,0.75514,5.52736
-15.0,10.0,5,0.69353,17.08708
-15.0,10.0,6,0.70142,10.85121
-15.0,15.0,0,0.78645,6.31971
-15.0,15.0,1,0.7654,15.48795
-15.0,15.0,2,0.7929,7.01927
-15.0,15.0,3,0.75441,23.41012
-15.0,15.0,4,0.79271,5.65499
-15.0,15.0,5,0.72715,16.13183
-15.0,15.0,6,0.74353,11.68516
-15.0,20.0,0,0.81696,4.76457
-15.0,20.0,1,0.7925,17.08017
-15.0,20.0,2,0.84171,6.85384
-15.0,20.0,3,0.79756,23.65262
-15.0,20.0,4,0.83022,3.74445
-15.0,20.0,5,0.74308,15.58199
-15.0,20.0,6,0.74528,9.84123
-15.0,25.0,0,0.85837,3.07307
-15.0,25.0,1,0.82301,17.5529
-15.0,25.0,2,0.87254,5.1846
-15.0,25.0,3,0.82441,24.73576
-15.0,25.0,4,0.85058,2.76812
-15.0,25.0,5,0.74928,14.38841
-15.0,25.0,6,0.74502,11.24295
-15.0,30.0,0,0.90017,4.63731
-15.0,30.0,1,0.8551,12.95531
-15.0,30.0,2,0.89812,5.09135
-15.0,30.0,3,0.83948,21.8157
-15.0,30.0,4,0.86503,2.90699
-15.0,30.0,5,0.76155,16.57259
-15.0,30.0,6,0.76756,10.36021
-15.0,35.0,0,0.92429,4.76431
-15.0,35.0,1,0.89012,13.58356
-15.0,35.0,2,0.91744,4.14339
-15.0,35.0,3,0.84898,19.61156
-15.0,35.0,4,0.86108,2.12558
-15.0,35.0,5,0.77698,16.91671
-15.0,35.0,6,0.77131,10.86403
-15.0,40.0,0,0.9537,3.82186
-15.0,40.0,1,0.91675,13.02515
-15.0,40.0,2,0.92025,3.8007
-15.0,40.0,3,0.86264,20.90515
-15.0,40.0,4,0.88016,1.84333
-15.0,40.0,5,0.80088,15.423
-15.0,40.0,6,0.82778,10.22705
-15.0,45.0,0,0.98217,3.53825
-15.0,45.0,1,0.92993,13.13841
-15.0,45.0,2,0.95349,2.18283
-15.0,45.0,3,0.86868,20.9849
-15.0,45.0,4,0.90843,1.94615
-15.0,45.0,5,0.83693,16.34364
-15.0,45.0,6,0.87589,12.24301
-15.0,50.0,0,1.00266,0.49883
-15.0,50.0,1,0.94658,12.61319
-15.0,50.0,2,0.96425,1.64475
-15.0,50.0,3,0.88553,18.91459
-15.0,50.0,4,0.92673,0.77457
-15.0,50.0,5,0.88544,16.06897
-15.0,50.0,6,0.92271,11.93378
-15.0,55.0,0,1.0275,0.72889
-15.0,55.0,1,0.95206,11.27104
-15.0,55.0,2,0.96161,-0.04732
-15.0,55.0,3,0.90534,16.81218
-15.0,55.0,4,0.97224,1.22639
-15.0,55.0,5,0.92749,15.09385
-15.0,55.0,6,0.96406,9.66709
-15.0,60.0,0,1.03535,1.88995
-15.0,60.0,1,0.96515,10.67721
-15.0,60.0,2,0.96371,-0.17736
-15.0,60.0,3,0.93333,18.10501
-15.0,60.0,4,1.00146,0.00252
-15.0,60.0,5,0.96725,14.92411
-15.0,60.0,6,0.97243,12.57211
-15.0,65.0,0,1.05201,1.39753
-15.0,65.0,1,0.97011,10.438
-15.0,65.0,2,0.98788,-1.96457
-15.0,65.0,3,0.96189,16.08053
-15.0,65.0,4,1.04467,2.12112
-15.0,65.0,5,0.97593,13.95952
-15.0,65.0,6,0.96623,12.98764
-15.0,70.0,0,1.05885,-0.19773
-15.0,70.0,1,0.98436,9.322
-15.0,70.0,2,1.0016,-3.31337
-15.0,70.0,3,0.99081,16.02996
-15.0,70.0,4,1.06633,0.23398
-15.0,70.0,5,0.99238,14.94005
-15.0,70.0,6,0.95923,12.0039
-15.0,75.0,0,1.06622,-0.51194
-15.0,75.0,1,0.98703,8.11628
-15.0,75.0,2,1.01617,-2.99442
-15.0,75.0,3,1.01765,15.9892
-15.0,75.0,4,1.08093,-0.08474
-15.0,75.0,5,0.97765,15.62371
-15.0,75.0,6,0.94606,15.67985
-15.0,80.0,0,1.06946,-0.76857
-15.0,80.0,1,0.97267,6.22211
-15.0,80.0,2,1.02331,-3.51645
-15.0,80.0,3,1.03838,16.10285
-15.0,80.0,4,1.08147,-0.42514
-15.0,80.0,5,0.9648,16.57633
-15.0,80.0,6,0.94023,15.50242
-15.0,85.0,0,1.05818,-1.94204
-15.0,85.0,1,0.98662,7.09559
-15.0,85.0,2,1.04372,-3.89922
-15.0,85.0,3,1.05041,16.16429
-15.0,85.0,4,1.07738,0.28448
-15.0,85.0,5,0.94872,18.45216
-15.0,85.0,6,0.96502,16.51884
-15.0,90.0,0,1.06538,-3.0635
-15.0,90.0,1,0.98784,6.24424
-15.0,90.0,2,1.0575,-4.44358
-15.0,90.0,3,1.05328,15.3697
-15.0,90.0,4,1.0512,0.12088
-15.0,90.0,5,0.93882,19.65513
-15.0,90.0,6,0.99769,16.83973
-15.0,95.0,0,1.05783,-4.2966
-15.0,95.0,1,0.98566,5.3606
-15.0,95.0,2,1.07603,-4.0717
-15.0,95.0,3,1.05109,16.14496
-15.0,95.0,4,1.03667,0.96887
-15.0,95.0,5,0.94799,18.62405
-15.0,95.0,6,1.03325,17.53689
-15.0,100.0,0,1.03422,-4.72014
-15.0,100.0,1,0.96751,4.63585
-15.0,100.0,2,1.08004,-5.59963
-15.0,100.0,3,1.03647,14.94048
-15.0,100.0,4,1.02491,-0.25908
-15.0,100.0,5,0.96544,19.58716
-15.0,100.0,6,1.03156,18.52802
-15.0,105.0,0,1.02915,-3.94746
-15.0,105.0,1,0.97844,0.88472
-15.0,105.0,2,1.08612,-6.52361
-15.0,105.0,3,1.02377,13.63551
-15.0,105.0,4,1.00347,-1.54936
-15.0,105.0,5,0.97869,19.71677
-15.0,105.0,6,1.02246,19.5278
-15.0,110.0,0,1.01106,-5.59169
-15.0,110.0,1,0.96887,3.59897
-15.0,110.0,2,1.07917,-6.2419
-15.0,110.0,3,0.99182,13.53397
-15.0,110.0,4,0.99619,1.20886
-15.0,110.0,5,0.98893,21.41744
-15.0,110.0,6,0.98601,20.49771
-15.0,115.0,0,0.98643,-4.95862
-15.0,115.0,1,0.9811,2.7564
-15.0,115.0,2,1.05897,-6.34063
-15.0,115.0,3,0.9542,13.62185
-15.0,115.0,4,0.99525,0.38647
-15.0,115.0,5,0.98411,22.59314
-15.0,115.0,6,0.94055,21.741
-15.0,120.0,0,0.97005,-7.89698
-15.0,120.0,1,0.97012,1.69304
-15.0,120.0,2,1.04021,-8.58979
-15.0,120.0,3,0.92888,11.07358
-15.0,120.0,4,0.98703,1.074
-15.0,120.0,5,0.96195,21.2308
-15.0,120.0,6,0.90382,20.75982
-15.0,125.0,0,0.94377,-8.70558
-15.0,125.0,1,0.95971,0.17616
-15.0,125.0,2,1.01635,-7.02064
-15.0,125.0,3,0.90143,12.33115
-15.0,125.0,4,1.00975,1.17537
-15.0,125.0,5,0.92102,22.6547
-15.0,125.0,6,0.88141,23.4423
-15.0,130.0,0,0.9249,-8.61816
-15.0,130.0,1,0.94951,0.36889
-15.0,130.0,2,0.98049,-8.63613
-15.0,130.0,3,0.89006,13.10589
-15.0,130.0,4,1.00297,2.72449
-15.0,130.0,5,0.87796,24.58246
-15.0,130.0,6,0.87246,22.53137
-15.0,135.0,0,0.90383,-10.34849
-15.0,135.0,1,0.9333,-0.55103
-15.0,135.0,2,0.94897,-8.6283
-15.0,135.0,3,0.88081,13.56709
-15.0,135.0,4,0.97958,3.03332
-15.0,135.0,5,0.84155,23.06581
-15.0,135.0,6,0.88996,23.29375
-15.0,140.0,0,0.87813,-10.59576
-15.0,140.0,1,0.91717,-0.73328
-15.0,140.0,2,0.89992,-9.79564
-15.0,140.0,3,0.86308,14.73309
-15.0,140.0,4,0.94294,4.29431
-15.0,140.0,5,0.80489,24.81876
-15.0,140.0,6,0.88091,24.26745
-15.0,145.0,0,0.86145,-11.64388
-15.0,145.0,1,0.89122,-1.56957
-15.0,145.0,2,0.8651,-8.48461
-15.0,145.0,3,0.8546,13.82829
-15.0,145.0,4,0.90897,5.1682
-15.0,145.0,5,0.77193,24.32148
-15.0,145.0,6,0.86201,24.76616
-15.0,150.0,0,0.83304,-11.16544
-15.0,150.0,1,0.86349,-2.45541
-15.0,150.0,2,0.83328,-7.91106
-15.0,150.0,3,0.84971,13.36926
-15.0,150.0,4,0.85894,3.93315
-15.0,150.0,5,0.77058,24.39347
-15.0,150.0,6,0.82424,25.63916
-15.0,155.0,0,0.79503,-13.40672
-15.0,155.0,1,0.83495,-2.75829
-15.0,155.0,2,0.79311,-8.31423
-15.0,155.0,3,0.81485,16.77813
-15.0,155.0,4,0.79899,6.6073
-15.0,155.0,5,0.75611,26.03845
-15.0,155.0,6,0.78289,27.88795
-15.0,160.0,0,0.77159,-13.53455
-15.0,160.0,1,0.79524,-2.31914
-15.0,160.0,2,0.76609,-10.62048
-15.0,160.0,3,0.80615,16.35174
-15.0,160.0,4,0.76057,6.24955
-15.0,160.0,5,0.74114,28.56686
-15.0,160.0,6,0.71384,26.84735
-15.0,165.0,0,0.74563,-14.14281
-15.0,165.0,1,0.75235,-1.49067
-15.0,165.0,2,0.73324,-7.98837
-15.0,165.0,3,0.76262,16.65472
-15.0,165.0,4,0.71608,8.93733
-15.0,165.0,5,0.7154,28.29072
-15.0,165.0,6,0.65476,28.47297
-15.0,170.0,0,0.71543,-14.90375
-15.0,170.0,1,0.7153,-4.04972
-15.0,170.0,2,0.70911,-8.98191
-15.0,170.0,3,0.71656,17.0064
-15.0,170.0,4,0.69534,6.30366
-15.0,170.0,5,0.68329,28.82627
-15.0,170.0,6,0.62708,29.03596
-15.0,175.0,0,0.68785,-14.36596
-15.0,175.0,1,0.66926,-3.64182
-15.0,175.0,2,0.68025,-9.49053
-15.0,175.0,3,0.6705,19.21039
-15.0,175.0,4,0.6655,9.009
-15.0,175.0,5,0.63341,30.8979
-15.0,175.0,6,0.6092,28.84426
-15.0,180.0,0,0.65845,-16.33138
-15.0,180.0,1,0.61997,-4.88206
-15.0,180.0,2,0.66441,-7.49883
-15.0,180.0,3,0.62789,17.56943
-15.0,180.0,4,0.65613,9.12048
-15.0,180.0,5,0.57765,33.24658
-15.0,180.0,6,0.60053,30.41199
-10.0,0.0,0,0.65845,7.86549
-10.0,0.0,1,0.63433,21.80246
-10.0,0.0,2,0.67223,10.70211
-10.0,0.0,3,0.63463,30.15249
-10.0,0.0,4,0.67459,8.1804
-10.0,0.0,5,0.60102,19.18967
-10.0,0.0,6,0.63138,11.89962
-10.0,5.0,0,0.69144,6.64137
-10.0,5.0,1,0.6666,21.04935
-10.0,5.0,2,0.72087,9.84413
-10.0,5.0,3,0.69071,24.65831
-10.0,5.0,4,0.74004,8.59457
-10.0,5.0,5,0.66028,17.33985
-10.0,5.0,6,0.68352,10.21313
-10.0,10.0,0,0.74457,6.69629
-10.0,10.0,1,0.72356,19.42489
-10.0,10.0,2,0.77059,10.83462
-10.0,10.0,3,0.73788,27.2249
-10.0,10.0,4,0.78178,6.16591
-10.0,10.0,5,0.71173,17.46186
-10.0,10.0,6,0.74294,11.68524
-10.0,15.0,0,0.78415,7.25009
-10.0,15.0,1,0.75734,19.25215
-10.0,15.0,2,0.8042,8.56879
-10.0,15.0,3,0.78008,26.96327
-10.0,15.0,4,0.82909,6.8576
-10.0,15.0,5,0.74963,18.53779
-10.0,15.0,6,0.7709,9.81991
-10.0,20.0,0,0.83124,7.23101
-10.0,20.0,1,0.80459,18.4681
-10.0,20.0,2,0.8486,8.92652
-10.0,20.0,3,0.81286,25.17689
-10.0,20.0,4,0.85187,6.94199
-10.0,20.0,5,0.77356,16.3434
-10.0,20.0,6,0.77116,10.93093
-10.0,25.0,0,0.8678,5.8978
-10.0,25.0,1,0.83627,20.00321
-10.0,25.0,2,0.87811,7.65697
-10.0,25.0,3,0.84288,23.73316
-10.0,25.0,4,0.86208,4.79858
-10.0,25.0,5,0.76692,15.77015
-10.0,25.0,6,0.78973,9.87218
-10.0,30.0,0,0.89216,6.58216
-10.0,30.0,1,0.8642,16.65731
-10.0,30.0,2,0.90543,5.73677
-10.0,30.0,3,0.85753,23.35049
-10.0,30.0,4,0.88152,3.92633
-10.0,30.0,5,0.79827,16.50425
-10.0,30.0,6,0.79331,11.43643
-10.0,35.0,0,0.92122,7.73169
-10.0,35.0,1,0.90528,15.61537
-10.0,35.0,2,0.92004,6.68108
-10.0,35.0,3,0.87251,23.37844
-10.0,35.0,4,0.88297,2.50094
-10.0,35.0,5,0.79236,16.70077
-10.0,35.0,6,0.81626,8.437
-10.0,40.0,0,0.95691,6.54434
-10.0,40.0,1,0.91947,15.4122
-10.0,40.0,2,0.94608,2.96359
-10.0,40.0,3,0.88012,22.51891
-10.0,40.0,4,0.89949,2.47763
-10.0,40.0,5,0.8247,17.64239
-10.0,40.0,6,0.85785,8.63381
-10.0,45.0,0,0.98224,3.76275
-10.0,45.0,1,0.93617,14.50037
-10.0,45.0,2,0.95397,3.28024
-10.0,45.0,3,0.89323,21.80232
-10.0,45.0,4,0.92245,3.18538
-10.0,45.0,5,0.866,15.76754
-10.0,45.0,6,0.91269,11.87559
-10.0,50.0,0,1.00285,3.55182
-10.0,50.0,1,0.93992,14.78669
-10.0,50.0,2,0.97068,3.89747
-10.0,50.0,3,0.90414,19.70253
-10.0,50.0,4,0.94887,3.25617
-10.0,50.0,5,0.91901,16.89344
-10.0,50.0,6,0.9634,13.19399
-10.0,55.0,0,1.03106,1.94401
-10.0,55.0,1,0.96101,11.7568
-10.0,55.0,2,0.96193,3.08815
-10.0,55.0,3,0.92273,19.59076
-10.0,55.0,4,0.98951,2.14187
-10.0,55.0,5,0.95579,16.69273
-10.0,55.0,6,0.99322,14.42966
-10.0,60.0,0,1.04477,3.59778
-10.0,60.0,1,0.97496,12.26193
-10.0,60.0,2,0.98528,2.55023
-10.0,60.0,3,0.94414,18.41021
-10.0,60.0,4,1.03937,1.0995
-10.0,60.0,5,0.99769,15.71583
-10.0,60.0,6,1.00902,13.45839
-10.0,65.0,0,1.0455,4.95566
-10.0,65.0,1,0.98235,12.07984
-10.0,65.0,2,1.00486,0.75233
-10.0,65.0,3,0.98303,18.81987
-10.0,65.0,4,1.06455,1.58914
-10.0,65.0,5,1.00948,16.31095
-10.0,65.0,6,1.01191,13.32768
-10.0,70.0,0,1.05894,1.73954
-10.0,70.0,1,0.97263,12.54224
-10.0,70.0,2,1.00959,-0.80009
-10.0,70.0,3,1.00346,18.36492
-10.0,70.0,4,1.08615,1.30875
-10.0,70.0,5,1.01576,17.31646
-10.0,70.0,6,0.99285,14.77262
-10.0,75.0,0,1.07015,1.91919
-10.0,75.0,1,0.98602,10.19697
-10.0,75.0,2,1.02839,1.61085
-10.0,75.0,3,1.03524,18.36115
-10.0,75.0,4,1.11102,0.79431
-10.0,75.0,5,1.00675,18.25381
-10.0,75.0,6,0.98393,15.83578
-10.0,80.0,0,1.06776,2.87413
-10.0,80.0,1,0.99001,9.27181
-10.0,80.0,2,1.03493,0.30448
-10.0,80.0,3,1.05433,16.93531
-10.0,80.0,4,1.10326,-0.01276
-10.0,80.0,5,0.99576,17.18468
-10.0,80.0,6,0.98553,14.39167
-10.0,85.0,0,1.06039,0.19602
-10.0,85.0,1,0.9852,9.89531
-10.0,85.0,2,1.0608,-1.00379
-10.0,85.0,3,1.07977,17.19679
-10.0,85.0,4,1.09401,2.43355
-10.0,85.0,5,0.98488,17.85717
-10.0,85.0,6,1.01104,16.66775
-10.0,90.0,0,1.05938,-2.08866
-10.0,90.0,1,0.98382,7.24374
-10.0,90.0,2,1.07734,-3.00402
-10.0,90.0,3,1.08101,17.70164
-10.0,90.0,4,1.07813,1.16836
-10.0,90.0,5,0.96661,18.66047
-10.0,90.0,6,1.02973,16.64785
-10.0,95.0,0,1.04922,-1.42641
-10.0,95.0,1,0.99506,7.14668
-10.0,95.0,2,1.08107,-3.64452
-10.0,95.0,3,1.07329,15.85373
-10.0,95.0,4,1.05829,1.70751
-10.0,95.0,5,0.97282,17.14435
-10.0,95.0,6,1.05444,15.40684
-10.0,100.0,0,1.04371,-3.44507
-10.0,100.0,1,0.98326,6.12475
-10.0,100.0,2,1.08708,-2.50458
-10.0,100.0,3,1.05188,16.07715
-10.0,100.0,4,1.03974,3.22229
-10.0,100.0,5,0.99476,21.00953
-10.0,100.0,6,1.06802,16.37431
-10.0,105.0,0,1.02795,-3.39128
-10.0,105.0,1,0.9856,5.64703
-10.0,105.0,2,1.09906,-5.72135
-10.0,105.0,3,1.0349,15.62202
-10.0,105.0,4,1.01858,1.74697
-10.0,105.0,5,1.00835,20.04757
-10.0,105.0,6,1.05159,18.4698
-10.0,110.0,0,1.01065,-4.0083
-10.0,110.0,1,0.97691,6.48166
-10.0,110.0,2,1.08038,-3.36356
-10.0,110.0,3,1.00142,14.81679
-10.0,110.0,4,1.0226,1.4432
-10.0,110.0,5,1.00994,20.02838
-10.0,110.0,6,1.02515,18.32303
-10.0,115.0,0,0.99949,-3.77469
-10.0,115.0,1,0.98347,4.52222
-10.0,115.0,2,1.06965,-5.38296
-10.0,115.0,3,0.97813,16.47171
-10.0,115.0,4,1.02507,2.68725
-10.0,115.0,5,1.01052,23.95898
-10.0,115.0,6,0.97389,20.79323
-10.0,120.0,0,0.96531,-4.33725
-10.0,120.0,1,0.97063,4.00131
-10.0,120.0,2,1.0609,-7.93175
-10.0,120.0,3,0.94248,13.49334
-10.0,120.0,4,1.01771,1.57821
-10.0,120.0,5,0.98642,23.38161
-10.0,120.0,6,0.94166,21.91318
-10.0,125.0,0,0.95682,-6.25878
-10.0,125.0,1,0.9635,3.84027
-10.0,125.0,2,1.02689,-6.78201
-10.0,125.0,3,0.91284,14.87165
-10.0,125.0,4,1.02619,2.67035
-10.0,125.0,5,0.9575,24.58464
-10.0,125.0,6,0.92327,19.80934
-10.0,130.0,0,0.92392,-8.25752
-10.0,130.0,1,0.95742,2.5771
-10.0,130.0,2,0.9921,-6.15403
-10.0,130.0,3,0.90286,14.59582
-10.0,130.0,4,1.01959,3.07279
-10.0,130.0,5,0.90784,24.79288
-10.0,130.0,6,0.91022,24.02947
-10.0,135.0,0,0.90351,-8.79651
-10.0,135.0,1,0.94126,1.09915
-10.0,135.0,2,0.95748,-6.27214
-10.0,135.0,3,0.89655,16.58907
-10.0,135.0,4,1.00151,3.91596
-10.0,135.0,5,0.87553,24.3315
-10.0,135.0,6,0.91482,24.1911
-10.0,140.0,0,0.8758,-10.03004
-10.0,140.0,1,0.91644,-0.01213
-10.0,140.0,2,0.92092,-4.15017
-10.0,140.0,3,0.8767,16.37044
-10.0,140.0,4,0.97477,4.28967
-10.0,140.0,5,0.82493,24.5725
-10.0,140.0,6,0.92102,25.51621
-10.0,145.0,0,0.84698,-9.47157
-10.0,145.0,1,0.89499,0.44062
-10.0,145.0,2,0.86647,-6.60352
-10.0,145.0,3,0.87028,17.07729
-10.0,145.0,4,0.92908,5.26223
-10.0,145.0,5,0.80163,26.9012
-10.0,145.0,6,0.91394,24.92657
-10.0,150.0,0,0.83012,-9.12422
-10.0,150.0,1,0.86597,-3.18509
-10.0,150.0,2,0.84022,-7.10279
-10.0,150.0,3,0.85301,17.32567
-10.0,150.0,4,0.87429,5.45096
-10.0,150.0,5,0.79505,27.88532
-10.0,150.0,6,0.87098,27.00578
-10.0,155.0,0,0.79848,-10.3235
-10.0,155.0,1,0.84049,1.21393
-10.0,155.0,2,0.80554,-5.61486
-10.0,155.0,3,0.83685,18.50281
-10.0,155.0,4,0.838,9.14009
-10.0,155.0,5,0.78415,26.08179
-10.0,155.0,6,0.80992,27.68854
-10.0,160.0,0,0.76559,-12.26417
-10.0,160.0,1,0.80789,-2.15938
-10.0,160.0,2,0.76299,-6.47028
-10.0,160.0,3,0.81281,19.98251
-10.0,160.0,4,0.78355,8.57713
-10.0,160.0,5,0.77518,27.20039
-10.0,160.0,6,0.74518,26.56904
-10.0,165.0,0,0.74229,-13.93289
-10.0,165.0,1,0.76278,-1.09813
-10.0,165.0,2,0.7441,-5.78841
-10.0,165.0,3,0.77898,16.51949
-10.0,165.0,4,0.73817,8.82387
-10.0,165.0,5,0.74486,29.09214
-10.0,165.0,6,0.69318,29.23937
-10.0,170.0,0,0.71706,-12.87653
-10.0,170.0,1,0.71834,-0.4264
-10.0,170.0,2,0.7159,-6.07309
-10.0,170.0,3,0.74073,18.9446
-10.0,170.0,4,0.7139,9.2399
-10.0,170.0,5,0.71498,29.48281
-10.0,170.0,6,0.66342,29.59074
-10.0,175.0,0,0.68517,-12.44689
-10.0,175.0,1,0.67777,-1.46867
-10.0,175.0,2,0.68921,-5.72032
-10.0,175.0,3,0.68813,19.89972
-10.0,175.0,4,0.69401,11.26748
-10.0,175.0,5,0.66255,31.0291
-10.0,175.0,6,0.63848,30.38536
-10.0,180.0,0,0.65593,-14.72037
-10.0,180.0,1,0.61984,-1.7159
-10.0,180.0,2,0.68094,-4.1499
-10.0,180.0,3,0.63408,19.88292
-10.0,180.0,4,0.68065,9.40636
-10.0,180.0,5,0.6135,33.2013
-10.0,180.0,6,0.63004,28.80089
-5.0,0.0,0,0.65261,10.39667
-5.0,0.0,1,0.62748,22.71377
-5.0,0.0,2,0.68127,13.81223
-5.0,0.0,3,0.64484,29.69538
-5.0,0.0,4,0.68543,10.68571
-5.0,0.0,5,0.6386,18.64701
-5.0,0.0,6,0.66118,9.07042
-5.0,5.0,0,0.70503,9.82687
-5.0,5.0,1,0.67212,21.82258
-5.0,5.0,2,0.73212,13.08008
-5.0,5.0,3,0.70099,28.42672
-5.0,5.0,4,0.76282,9.12317
-5.0,5.0,5,0.68378,19.98965
-5.0,5.0,6,0.71446,11.01831
-5.0,10.0,0,0.74833,11.66252
-5.0,10.0,1,0.71765,20.47669
-5.0,10.0,2,0.77606,13.19244
-5.0,10.0,3,0.74839,28.51963
-5.0,10.0,4,0.80749,9.13249
-5.0,10.0,5,0.73525,18.64411
-5.0,10.0,6,0.76246,9.5763
-5.0,15.0,0,0.77495,8.75823
-5.0,15.0,1,0.75568,19.63024
-5.0,15.0,2,0.81604,11.79694
-5.0,15.0,3,0.78594,26.04062
-5.0,15.0,4,0.84574,7.16259
-5.0,15.0,5,0.77206,17.28561
-5.0,15.0,6,0.80234,8.708
-5.0,20.0,0,0.82254,8.06833
-5.0,20.0,1,0.80568,19.94501
-5.0,20.0,2,0.84919,11.24597
-5.0,20.0,3,0.82474,27.52483
-5.0,20.0,4,0.869,8.50434
-5.0,20.0,5,0.79027,17.925
-5.0,20.0,6,0.81332,10.24337
-5.0,25.0,0,0.86649,10.09272
-5.0,25.0,1,0.83902,21.52003
-5.0,25.0,2,0.88387,10.16283
-5.0,25.0,3,0.8455,27.14348
-5.0,25.0,4,0.87981,5.20929
-5.0,25.0,5,0.80665,17.29246
-5.0,25.0,6,0.809,10.05972
-5.0,30.0,0,0.90055,8.84511
-5.0,30.0,1,0.86273,19.33325
-5.0,30.0,2,0.90699,8.15762
-5.0,30.0,3,0.87054,25.53203
-5.0,30.0,4,0.90094,4.60923
-5.0,30.0,5,0.81082,15.87777
-5.0,30.0,6,0.82894,9.27361
-5.0,35.0,0,0.92183,7.24784
-5.0,35.0,1,0.89991,19.17887
-5.0,35.0,2,0.93369,9.49992
-5.0,35.0,3,0.87986,23.57199
-5.0,35.0,4,0.91439,4.28855
-5.0,35.0,5,0.82244,18.12793
-5.0,35.0,6,0.84968,10.80079
-5.0,40.0,0,0.94887,7.32424
-5.0,40.0,1,0.91671,18.59668
-5.0,40.0,2,0.94762,7.91323
-5.0,40.0,3,0.88635,23.31204
-5.0,40.0,4,0.91885,3.25703
-5.0,40.0,5,0.84519,17.85488
-5.0,40.0,6,0.88811,13.03906
-5.0,45.0,0,0.98668,8.2621
-5.0,45.0,1,0.93977,17.84309
-5.0,45.0,2,0.96154,5.23664
-5.0,45.0,3,0.89868,22.49266
-5.0,45.0,4,0.94145,3.76819
-5.0,45.0,5,0.87444,16.90663
-5.0,45.0,6,0.94084,11.70294
-5.0,50.0,0,1.00691,5.74614
-5.0,50.0,1,0.94799,15.98508
-5.0,50.0,2,0.96593,5.64875
-5.0,50.0,3,0.91227,21.91446
-5.0,50.0,4,0.96877,3.29161
-5.0,50.0,5,0.92897,17.2454
-5.0,50.0,6,0.99597,12.13457
-5.0,55.0,0,1.01738,6.59889
-5.0,55.0,1,0.96594,16.83237
-5.0,55.0,2,0.96757,4.8478
-5.0,55.0,3,0.93441,21.89805
-5.0,55.0,4,1.00029,2.86967
-5.0,55.0,5,0.97703,15.30812
-5.0,55.0,6,1.02677,10.44054
-5.0,60.0,0,1.0366,6.6884
-5.0,60.0,1,0.97754,15.46657
-5.0,60.0,2,0.99545,4.54106
-5.0,60.0,3,0.95995,20.09089
-5.0,60.0,4,1.03764,4.39257
-5.0,60.0,5,1.00946,17.91395
-5.0,60.0,6,1.04244,14.18608
-5.0,65.0,0,1.04957,6.3463
-5.0,65.0,1,0.97866,13.93008
-5.0,65.0,2,1.01003,4.98657
-5.0,65.0,3,0.98729,21.74243
-5.0,65.0,4,1.07993,2.73947
-5.0,65.0,5,1.03968,15.93853
-5.0,65.0,6,1.02951,10.4271
-5.0,70.0,0,1.06291,3.76774
-5.0,70.0,1,0.98315,13.49186
-5.0,70.0,2,1.01456,3.18056
-5.0,70.0,3,1.01546,20.98832
-5.0,70.0,4,1.09652,3.58666
-5.0,70.0,5,1.0439,17.06476
-5.0,70.0,6,1.02909,13.54654
-5.0,75.0,0,1.07749,5.25704
-5.0,75.0,1,0.98976,12.69477
-5.0,75.0,2,1.03282,2.12495
-5.0,75.0,3,1.04368,19.65271
-5.0,75.0,4,1.12767,2.38774
-5.0,75.0,5,1.02494,19.79174
-5.0,75.0,6,1.01239,15.07207
-5.0,80.0,0,1.06729,2.58063
-5.0,80.0,1,0.99372,13.0365
-5.0,80.0,2,1.04441,0.44402
-5.0,80.0,3,1.0673,19.21187
-5.0,80.0,4,1.12117,3.47218
-5.0,80.0,5,1.01389,17.197
-5.0,80.0,6,1.01341,15.19833
-5.0,85.0,0,1.0663,1.88779
-5.0,85.0,1,0.99264,10.02404
-5.0,85.0,2,1.06545,0.30909
-5.0,85.0,3,1.07668,17.71962
-5.0,85.0,4,1.10538,0.905
-5.0,85.0,5,0.99005,18.68805
-5.0,85.0,6,1.03134,14.54027
-5.0,90.0,0,1.05646,0.40683
-5.0,90.0,1,0.99327,9.19271
-5.0,90.0,2,1.07825,0.05169
-5.0,90.0,3,1.08927,19.10742
-5.0,90.0,4,1.09307,0.86542
-5.0,90.0,5,0.99458,19.47575
-5.0,90.0,6,1.05035,16.34433
-5.0,95.0,0,1.05282,0.32851
-5.0,95.0,1,0.98869,7.84938
-5.0,95.0,2,1.08541,-2.14403
-5.0,95.0,3,1.08882,17.74898
-5.0,95.0,4,1.07095,1.72968
-5.0,95.0,5,0.9981,19.51386
-5.0,95.0,6,1.08215,16.09687
-5.0,100.0,0,1.03536,-1.56412
-5.0,100.0,1,0.97968,8.78483
-5.0,100.0,2,1.09469,-1.08499
-5.0,100.0,3,1.06532,17.26092
-5.0,100.0,4,1.05203,2.80355
-5.0,100.0,5,1.02147,20.53861
-5.0,100.0,6,1.0889,19.21412
-5.0,105.0,0,1.02409,-2.238
-5.0,105.0,1,0.97749,5.89781
-5.0,105.0,2,1.10194,-1.37971
-5.0,105.0,3,1.03811,17.14478
-5.0,105.0,4,1.03404,2.90869
-5.0,105.0,5,1.03323,20.89897
-5.0,105.0,6,1.07821,17.9323
-5.0,110.0,0,1.01069,-1.37259
-5.0,110.0,1,0.98283,6.74031
-5.0,110.0,2,1.0975,-2.49268
-5.0,110.0,3,1.009,18.3914
-5.0,110.0,4,1.03506,1.48044
-5.0,110.0,5,1.04411,22.64172
-5.0,110.0,6,1.05061,19.06255
-5.0,115.0,0,0.98625,-3.05493
-5.0,115.0,1,0.97123,6.68276
-5.0,115.0,2,1.08252,-4.08263
-5.0,115.0,3,0.99446,18.02647
-5.0,115.0,4,1.04457,4.26734
-5.0,115.0,5,1.04072,22.25493
-5.0,115.0,6,1.00297,20.58932
-5.0,120.0,0,0.96517,-4.35691
-5.0,120.0,1,0.97507,4.33345
-5.0,120.0,2,1.05211,-2.84075
-5.0,120.0,3,0.95723,16.99977
-5.0,120.0,4,1.04169,2.70981
-5.0,120.0,5,1.01363,21.66097
-5.0,120.0,6,0.97284,21.60974
-5.0,125.0,0,0.95004,-2.75758
-5.0,125.0,1,0.96779,5.28819
-5.0,125.0,2,1.03212,-3.46638
-5.0,125.0,3,0.94036,19.26506
-5.0,125.0,4,1.04333,4.33115
-5.0,125.0,5,0.97533,23.17827
-5.0,125.0,6,0.95381,21.60384
-5.0,130.0,0,0.92036,-7.73371
-5.0,130.0,1,0.95421,4.12474
-5.0,130.0,2,0.99632,-4.30784
-5.0,130.0,3,0.9151,16.53819
-5.0,130.0,4,1.03524,4.01342
-5.0,130.0,5,0.92983,26.35024
-5.0,130.0,6,0.94211,23.11958
-5.0,135.0,0,0.90188,-5.8656
-5.0,135.0,1,0.9466,2.75268
-5.0,135.0,2,0.96077,-4.62374
-5.0,135.0,3,0.90636,18.02986
-5.0,135.0,4,1.01378,3.69318
-5.0,135.0,5,0.88989,26.05207
-5.0,135.0,6,0.93901,25.18667
-5.0,140.0,0,0.87009,-8.07162
-5.0,140.0,1,0.91168,3.52371
-5.0,140.0,2,0.91905,-3.90555
-5.0,140.0,3,0.8756,18.28764
-5.0,140.0,4,0.98621,7.70205
-5.0,140.0,5,0.85201,24.15599
-5.0,140.0,6,0.94982,24.68746
-5.0,145.0,0,0.85761,-8.39853
-5.0,145.0,1,0.89887,3.40031
-5.0,145.0,2,0.88674,-3.88943
-5.0,145.0,3,0.87319,17.6762
-5.0,145.0,4,0.93857,7.08668
-5.0,145.0,5,0.81623,28.0512
-5.0,145.0,6,0.92366,26.14799
-5.0,150.0,0,0.81994,-5.96906
-5.0,150.0,1,0.87792,0.28187
-5.0,150.0,2,0.83479,-4.38995
-5.0,150.0,3,0.85819,18.14248
-5.0,150.0,4,0.8991,6.45842
-5.0,150.0,5,0.80916,26.7813
-5.0,150.0,6,0.89406,27.102
-5.0,155.0,0,0.80108,-10.24493
-5.0,155.0,1,0.83073,1.81525
-5.0,155.0,2,0.81382,-5.30864
-5.0,155.0,3,0.84383,18.43049
-5.0,155.0,4,0.84199,8.31394
-5.0,155.0,5,0.80328,28.29463
-5.0,155.0,6,0.83829,27.88959
-5.0,160.0,0,0.77454,-9.20302
-5.0,160.0,1,0.80084,0.63314
-5.0,160.0,2,0.76945,-4.42709
-5.0,160.0,3,0.82146,18.89007
-5.0,160.0,4,0.80384,8.60971
-5.0,160.0,5,0.8014,30.92571
-5.0,160.0,6,0.78834,27.47984
-5.0,165.0,0,0.7457,-10.42799
-5.0,165.0,1,0.76213,1.29161
-5.0,165.0,2,0.74046,-4.63137
-5.0,165.0,3,0.79005,20.3561
-5.0,165.0,4,0.75969,9.81114
-5.0,165.0,5,0.77299,30.9802
-5.0,165.0,6,0.72571,27.91278
-5.0,170.0,0,0.71598,-10.99396
-5.0,170.0,1,0.71241,1.44576
-5.0,170.0,2,0.72736,-4.17074
-5.0,170.0,3,0.74692,20.50678
-5.0,170.0,4,0.73406,9.54321
-5.0,170.0,5,0.73988,31.82698
-5.0,170.0,6,0.68549,29.87922
-5.0,175.0,0,0.67845,-10.36193
-5.0,175.0,1,0.68316,1.42412
-5.0,175.0,2,0.70206,-5.05365
-5.0,175.0,3,0.69396,19.91056
-5.0,175.0,4,0.71224,11.12833
-5.0,175.0,5,0.69559,31.26547
-5.0,175.0,6,0.67229,30.24871
-5.0,180.0,0,0.65988,-12.3072
-5.0,180.0,1,0.63316,-1.89906
-5.0,180.0,2,0.69012,-4.34686
-5.0,180.0,3,0.64923,23.47577
-5.0,180.0,4,0.68825,11.19897
-5.0,180.0,5,0.63748,31.0248
-5.0,180.0,6,0.65888,30.2136
0.0,0.0,0,0.66175,11.85569
0.0,0.0,1,0.63372,24.22736
0.0,0.0,2,0.67997,14.29871
0.0,0.0,3,0.65293,29.69285
0.0,0.0,4,0.70229,9.72697
0.0,0.0,5,0.64758,19.68038
0.0,0.0,6,0.67222,8.91951
0.0,5.0,0,0.70382,12.91481
0.0,5.0,1,0.67816,26.30499
0.0,5.0,2,0.72895,16.91359
0.0,5.0,3,0.69514,30.16747
0.0,5.0,4,0.75455,9.41646
0.0,5.0,5,0.70072,18.55432
0.0,5.0,6,0.72472,9.03996
0.0,10.0,0,0.73717,11.86699
0.0,10.0,1,0.7206,20.43635
0.0,10.0,2,0.77955,13.30833
0.0,10.0,3,0.74947,29.971
0.0,10.0,4,0.80368,9.81121
0.0,10.0,5,0.75337,15.64769
0.0,10.0,6,0.79086,9.0372
0.0,15.0,0,0.78433,11.53616
0.0,15.0,1,0.75715,23.28572
0.0,15.0,2,0.81821,13.47763
0.0,15.0,3,0.79697,29.4918
0.0,15.0,4,0.83992,9.49174
0.0,15.0,5,0.78543,17.42567
0.0,15.0,6,0.81099,10.27539
0.0,20.0,0,0.82188,11.511
0.0,20.0,1,0.78935,21.03447
0.0,20.0,2,0.85398,12.3264
0.0,20.0,3,0.83038,26.68017
0.0,20.0,4,0.86715,7.33367
0.0,20.0,5,0.79676,16.535
0.0,20.0,6,0.82561,9.44603
0.0,25.0,0,0.8665,10.18124
0.0,25.0,1,0.84175,23.16087
0.0,25.0,2,0.89809,11.89059
0.0,25.0,3,0.85825,28.32135
0.0,25.0,4,0.88902,5.54535
0.0,25.0,5,0.80851,16.72773
0.0,25.0,6,0.82364,10.20254
0.0,30.0,0,0.89927,9.83846
0.0,30.0,1,0.87193,22.13663
0.0,30.0,2,0.91796,9.75197
0.0,30.0,3,0.86322,27.09132
0.0,30.0,4,0.8987,6.07016
0.0,30.0,5,0.827,16.43833
0.0,30.0,6,0.82761,9.01183
0.0,35.0,0,0.93389,10.29972
0.0,35.0,1,0.90054,21.43797
0.0,35.0,2,0.94509,9.31014
0.0,35.0,3,0.88462,25.94727
0.0,35.0,4,0.90804,5.94864
0.0,35.0,5,0.82453,17.46464
0.0,35.0,6,0.85328,10.99891
0.0,40.0,0,0.95575,8.48207
0.0,40.0,1,0.91905,20.90243
0.0,40.0,2,0.94625,7.06027
0.0,40.0,3,0.89183,24.85235
0.0,40.0,4,0.92156,5.41203
0.0,40.0,5,0.8634,17.90625
0.0,40.0,6,0.90675,10.1061
0.0,45.0,0,0.99144,8.09722
0.0,45.0,1,0.93378,18.32666
0.0,45.0,2,0.96127,8.5307
0.0,45.0,3,0.89908,24.13472
0.0,45.0,4,0.94679,5.17736
0.0,45.0,5,0.89583,17.87046
0.0,45.0,6,0.9592,9.83636
0.0,50.0,0,1.00431,7.49077
0.0,50.0,1,0.95162,17.76108
0.0,50.0,2,0.96984,5.74749
0.0,50.0,3,0.91692,23.40718
0.0,50.0,4,0.96512,3.76069
0.0,50.0,5,0.94239,17.46372
0.0,50.0,6,0.99689,10.49227
0.0,55.0,0,1.02347,9.04533
0.0,55.0,1,0.97176,17.34911
0.0,55.0,2,0.97912,6.83807
0.0,55.0,3,0.93422,23.05713
0.0,55.0,4,0.99989,3.20809
0.0,55.0,5,0.99208,16.96604
0.0,55.0,6,1.0311,12.46235
0.0,60.0,0,1.04069,7.86549
0.0,60.0,1,0.97635,19.04607
0.0,60.0,2,0.98894,4.87941
0.0,60.0,3,0.96408,22.82395
0.0,60.0,4,1.04117,3.33571
0.0,60.0,5,1.0285,17.77565
0.0,60.0,6,1.05778,11.74717
0.0,65.0,0,1.05293,6.17242
0.0,65.0,1,0.97057,17.15133
0.0,65.0,2,0.99681,4.95114
0.0,65.0,3,0.98454,21.44778
0.0,65.0,4,1.07866,5.2469
0.0,65.0,5,1.04177,16.59606
0.0,65.0,6,1.04524,9.98731
0.0,70.0,0,1.06346,5.74518
0.0,70.0,1,0.99038,14.14565
0.0,70.0,2,1.02237,1.72589
0.0,70.0,3,1.01427,21.99507
0.0,70.0,4,1.1126,2.75677
0.0,70.0,5,1.05004,16.53418
0.0,70.0,6,1.0362,14.6405
0.0,75.0,0,1.07375,4.82167
0.0,75.0,1,0.99463,15.91204
0.0,75.0,2,1.03233,3.77018
0.0,75.0,3,1.04832,20.06119
0.0,75.0,4,1.12431,3.77411
0.0,75.0,5,1.04068,17.80315
0.0,75.0,6,1.01227,14.39242
0.0,80.0,0,1.05686,6.38665
0.0,80.0,1,0.99231,12.75492
0.0,80.0,2,1.05213,3.62141
0.0,80.0,3,1.06673,18.57182
0.0,80.0,4,1.13348,3.3755
0.0,80.0,5,1.0173,19.01718
0.0,80.0,6,1.02045,15.60116
0.0,85.0,0,1.07315,3.71388
0.0,85.0,1,0.98641,13.65734
0.0,85.0,2,1.06462,0.2105
0.0,85.0,3,1.08981,19.22981
0.0,85.0,4,1.12393,1.844
0.0,85.0,5,1.00699,19.04799
0.0,85.0,6,1.04502,14.33319
0.0,90.0,0,1.05186,4.30915
0.0,90.0,1,0.99486,12.24434
0.0,90.0,2,1.08218,0.7329
0.0,90.0,3,1.08435,20.63605
0.0,90.0,4,1.10749,5.25709
0.0,90.0,5,1.0018,18.17108
0.0,90.0,6,1.05618,16.35486
0.0,95.0,0,1.05706,3.54703
0.0,95.0,1,0.99319,10.19757
0.0,95.0,2,1.09812,2.33614
0.0,95.0,3,1.09796,20.53967
0.0,95.0,4,1.0868,1.65375
0.0,95.0,5,0.99848,18.29205
0.0,95.0,6,1.09876,16.87214
0.0,100.0,0,1.03518,1.17796
0.0,100.0,1,0.99231,8.88053
0.0,100.0,2,1.10196,0.78125
0.0,100.0,3,1.08045,19.03645
0.0,100.0,4,1.05018,5.15408
0.0,100.0,5,1.02148,20.15472
0.0,100.0,6,1.10016,17.91094
0.0,105.0,0,1.02299,0.84763
0.0,105.0,1,0.98573,11.00908
0.0,105.0,2,1.10498,-1.49265
0.0,105.0,3,1.04711,18.28606
0.0,105.0,4,1.04772,4.50562
0.0,105.0,5,1.03569,22.10518
0.0,105.0,6,1.09746,17.47254
0.0,110.0,0,1.0104,-0.63335
0.0,110.0,1,0.97812,7.60367
0.0,110.0,2,1.08941,-1.82419
0.0,110.0,3,1.02132,18.97754
0.0,110.0,4,1.0376,3.22389
0.0,110.0,5,1.04756,21.92818
0.0,110.0,6,1.06636,19.44654
0.0,115.0,0,0.99417,-1.99413
0.0,115.0,1,0.98031,8.7341
0.0,115.0,2,1.07817,-2.04409
0.0,115.0,3,1.00093,19.57237
0.0,115.0,4,1.04233,5.54199
0.0,115.0,5,1.04369,21.39373
0.0,115.0,6,1.01795,19.8082
0.0,120.0,0,0.97646,-1.52289
0.0,120.0,1,0.9758,6.28142
0.0,120.0,2,1.0549,-1.8753
0.0,120.0,3,0.96075,19.0989
0.0,120.0,4,1.04882,5.13212
0.0,120.0,5,1.0155,23.24762
0.0,120.0,6,0.97392,21.03439
0.0,125.0,0,0.95257,-0.68826
0.0,125.0,1,0.9655,6.99054
0.0,125.0,2,1.03307,-3.55088
0.0,125.0,3,0.94205,18.12246
0.0,125.0,4,1.05085,4.12414
0.0,125.0,5,0.98679,24.18636
0.0,125.0,6,0.95815,23.85873
0.0,130.0,0,0.92819,-2.09492
0.0,130.0,1,0.94622,7.03223
0.0,130.0,2,0.99173,-3.41695
0.0,130.0,3,0.91417,18.22228
0.0,130.0,4,1.04978,5.63681
0.0,130.0,5,0.93956,23.59643
0.0,130.0,6,0.94973,20.72879
0.0,135.0,0,0.90393,-3.49711
0.0,135.0,1,0.93301,3.45043
0.0,135.0,2,0.95836,-2.49976
0.0,135.0,3,0.89889,17.02836
0.0,135.0,4,1.02422,4.64384
0.0,135.0,5,0.89759,26.15781
0.0,135.0,6,0.94233,23.89149
0.0,140.0,0,0.88029,-3.98805
0.0,140.0,1,0.92873,6.75492
0.0,140.0,2,0.92507,-2.3402
0.0,140.0,3,0.89338,18.95107
0.0,140.0,4,0.99816,8.01075
0.0,140.0,5,0.85905,27.67217
0.0,140.0,6,0.96125,25.65584
0.0,145.0,0,0.85361,-4.76016
0.0,145.0,1,0.90862,6.19656
0.0,145.0,2,0.88844,-3.13829
0.0,145.0,3,0.8826,19.79355
0.0,145.0,4,0.95031,8.98857
0.0,145.0,5,0.83846,25.06812
0.0,145.0,6,0.94105,25.83665
0.0,150.0,0,0.82099,-7.30175
0.0,150.0,1,0.87046,4.14447
0.0,150.0,2,0.85357,-2.65404
0.0,150.0,3,0.87594,21.42565
0.0,150.0,4,0.90712,7.99889
0.0,150.0,5,0.82143,27.20293
0.0,150.0,6,0.90082,26.98544
0.0,155.0,0,0.79239,-7.80168
0.0,155.0,1,0.83248,3.82282
0.0,155.0,2,0.80938,-2.34277
0.0,155.0,3,0.85495,17.00749
0.0,155.0,4,0.84371,8.93197
0.0,155.0,5,0.81573,29.06614
0.0,155.0,6,0.84641,26.0278
0.0,160.0,0,0.76256,-6.70332
0.0,160.0,1,0.80074,3.81017
0.0,160.0,2,0.77672,-3.82878
0.0,160.0,3,0.81764,22.30165
0.0,160.0,4,0.79323,8.34586
0.0,160.0,5,0.80846,28.03651
0.0,160.0,6,0.79545,28.64977
0.0,165.0,0,0.74998,-7.32281
0.0,165.0,1,0.76344,4.27891
0.0,165.0,2,0.75073,-2.07262
0.0,165.0,3,0.79128,20.77934
0.0,165.0,4,0.75676,12.05002
0.0,165.0,5,0.78335,31.99056
0.0,165.0,6,0.73087,26.47259
0.0,170.0,0,0.71382,-9.57798
0.0,170.0,1,0.71826,2.14128
0.0,170.0,2,0.72119,-2.54351
0.0,170.0,3,0.75763,22.30771
0.0,170.0,4,0.73042,11.20544
0.0,170.0,5,0.74586,32.54043
0.0,170.0,6,0.6894,27.90885
0.0,175.0,0,0.68973,-9.88121
0.0,175.0,1,0.68056,1.85862
0.0,175.0,2,0.70107,-1.44688
0.0,175.0,3,0.711,23.55094
0.0,175.0,4,0.71305,13.28466
0.0,175.0,5,0.69348,31.39906
0.0,175.0,6,0.68509,28.01434
0.0,180.0,0,0.66649,-10.80665
0.0,180.0,1,0.63392,2.63738
0.0,180.0,2,0.68295,-1.6691
0.0,180.0,3,0.64321,22.88413
0.0,180.0,4,0.70379,12.72986
0.0,180.0,5,0.64405,31.1415
0.0,180.0,6,0.66661,31.34016
5.0,0.0,0,0.6609,14.31152
5.0,0.0,1,0.63073,28.25849
5.0,0.0,2,0.67463,18.19147
5.0,0.0,3,0.64656,32.67796
5.0,0.0,4,0.68961,12.49877
5.0,0.0,5,0.63399,18.93742
5.0,0.0,6,0.65821,8.20523
5.0,5.0,0,0.70641,12.72846
5.0,5.0,1,0.67167,26.37157
5.0,5.0,2,0.72719,15.77758
5.0,5.0,3,0.69371,32.70991
5.0,5.0,4,0.75742,9.3731
5.0,5.0,5,0.68789,18.43497
5.0,5.0,6,0.71582,9.51207
5.0,10.0,0,0.73071,12.58441
5.0,10.0,1,0.71619,26.23331
5.0,10.0,2,0.77467,16.44327
5.0,10.0,3,0.74932,30.73735
5.0,10.0,4,0.79736,9.95392
5.0,10.0,5,0.74445,19.52416
5.0,10.0,6,0.76652,8.28809
5.0,15.0,0,0.79002,14.63669
5.0,15.0,1,0.76851,25.61013
5.0,15.0,2,0.81485,15.71709
5.0,15.0,3,0.78093,31.03078
5.0,15.0,4,0.83561,8.31578
5.0,15.0,5,0.77427,16.91489
5.0,15.0,6,0.79456,10.22576
5.0,20.0,0,0.81633,13.85707
5.0,20.0,1,0.79562,26.14746
5.0,20.0,2,0.8634,12.33051
5.0,20.0,3,0.82454,29.68638
5.0,20.0,4,0.87005,9.27726
5.0,20.0,5,0.79693,18.55942
5.0,20.0,6,0.80674,10.79664
5.0,25.0,0,0.86319,12.49851
5.0,25.0,1,0.83597,24.343
5.0,25.0,2,0.88075,12.90966
5.0,25.0,3,0.84401,29.55308
5.0,25.0,4,0.89246,7.93583
5.0,25.0,5,0.81194,16.49369
5.0,25.0,6,0.81531,8.70952
5.0,30.0,0,0.89857,12.47431
5.0,30.0,1,0.86869,23.63666
5.0,30.0,2,0.91056,11.61779
5.0,30.0,3,0.87012,26.79301
5.0,30.0,4,0.89535,5.60909
5.0,30.0,5,0.80452,16.21558
5.0,30.0,6,0.81986,10.13345
5.0,35.0,0,0.9225,12.20735
5.0,35.0,1,0.89388,23.38999
5.0,35.0,2,0.93769,11.20646
5.0,35.0,3,0.87777,28.17105
5.0,35.0,4,0.91049,6.60455
5.0,35.0,5,0.82481,14.8205
5.0,35.0,6,0.84613,10.69425
5.0,40.0,0,0.95413,10.45271
5.0,40.0,1,0.9195,21.74793
5.0,40.0,2,0.95197,10.94931
5.0,40.0,3,0.89089,27.82826
5.0,40.0,4,0.91512,5.19903
5.0,40.0,5,0.85023,17.38121
5.0,40.0,6,0.88496,10.41159
5.0,45.0,0,0.97465,10.94537
5.0,45.0,1,0.94281,22.9609
5.0,45.0,2,0.95954,11.09042
5.0,45.0,3,0.90016,24.61125
5.0,45.0,4,0.93543,6.20056
5.0,45.0,5,0.88946,18.58089
5.0,45.0,6,0.94412,11.51175
5.0,50.0,0,1.01301,10.39188
5.0,50.0,1,0.95026,20.64088
5.0,50.0,2,0.97638,10.68381
5.0,50.0,3,0.91223,24.47012
5.0,50.0,4,0.96152,4.60727
5.0,50.0,5,0.94348,17.03398
5.0,50.0,6,0.98591,9.71998
5.0,55.0,0,1.01673,11.71852
5.0,55.0,1,0.96716,22.30104
5.0,55.0,2,0.98891,7.61381
5.0,55.0,3,0.92786,22.90137
5.0,55.0,4,1.00728,7.72528
5.0,55.0,5,0.97521,16.66052
5.0,55.0,6,1.02537,10.26969
5.0,60.0,0,1.03235,9.61933
5.0,60.0,1,0.96906,19.14073
5.0,60.0,2,0.98818,7.28866
5.0,60.0,3,0.96051,22.2001
5.0,60.0,4,1.04616,5.3058
5.0,60.0,5,1.01745,16.55048
5.0,60.0,6,1.04038,12.72444
5.0,65.0,0,1.05487,8.06314
5.0,65.0,1,0.98347,17.99666
5.0,65.0,2,0.99985,6.78177
5.0,65.0,3,0.97849,22.17545
5.0,65.0,4,1.07129,3.45934
5.0,65.0,5,1.03645,18.28535
5.0,65.0,6,1.03754,12.86946
5.0,70.0,0,1.06078,8.5934
5.0,70.0,1,0.98084,18.33393
5.0,70.0,2,1.01429,6.52927
5.0,70.0,3,1.01646,24.1114
5.0,70.0,4,1.1008,3.86386
5.0,70.0,5,1.03296,17.03905
5.0,70.0,6,1.02458,12.50239
5.0,75.0,0,1.05487,7.25625
5.0,75.0,1,0.98808,16.74519
5.0,75.0,2,1.02723,5.89578
5.0,75.0,3,1.04221,21.91599
5.0,75.0,4,1.12411,4.64441
5.0,75.0,5,1.02046,17.65284
5.0,75.0,6,1.017,13.53073
5.0,80.0,0,1.07298,7.0116
5.0,80.0,1,0.99197,15.83778
5.0,80.0,2,1.0452,4.79721
5.0,80.0,3,1.07102,20.84912
5.0,80.0,4,1.12242,3.43561
5.0,80.0,5,1.01066,18.24859
5.0,80.0,6,1.01259,14.04933
5.0,85.0,0,1.071,5.7934
5.0,85.0,1,0.97841,16.61042
5.0,85.0,2,1.07193,2.69175
5.0,85.0,3,1.07883,21.92218
5.0,85.0,4,1.11212,3.48881
5.0,85.0,5,0.9931,17.02643
5.0,85.0,6,1.03789,14.61179
5.0,90.0,0,1.05112,6.36314
5.0,90.0,1,0.99377,14.35233
5.0,90.0,2,1.07978,1.86228
5.0,90.0,3,1.08882,20.47024
5.0,90.0,4,1.09195,3.27501
5.0,90.0,5,0.99288,21.91007
5.0,90.0,6,1.05801,15.51749
5.0,95.0,0,1.05081,5.02233
5.0,95.0,1,0.99724,14.32197
5.0,95.0,2,1.10038,4.38094
5.0,95.0,3,1.07343,21.63637
5.0,95.0,4,1.07303,2.7916
5.0,95.0,5,0.99152,19.58506
5.0,95.0,6,1.09008,17.15461
5.0,100.0,0,1.04148,3.56491
5.0,100.0,1,0.98823,13.02749
5.0,100.0,2,1.10069,1.73323
5.0,100.0,3,1.05731,19.39465
5.0,100.0,4,1.05656,4.3906
5.0,100.0,5,1.01588,20.94919
5.0,100.0,6,1.08903,17.48401
5.0,105.0,0,1.0316,2.64766
5.0,105.0,1,0.98381,12.88265
5.0,105.0,2,1.09722,1.64558
5.0,105.0,3,1.04255,20.05187
5.0,105.0,4,1.0403,5.82274
5.0,105.0,5,1.03024,20.9714
5.0,105.0,6,1.08262,17.62605
5.0,110.0,0,1.00606,1.49942
5.0,110.0,1,0.99447,10.57177
5.0,110.0,2,1.08907,1.82732
5.0,110.0,3,1.01974,20.74056
5.0,110.0,4,1.03979,4.02733
5.0,110.0,5,1.04937,22.83098
5.0,110.0,6,1.0484,18.50153
5.0,115.0,0,0.98072,1.00506
5.0,115.0,1,0.98637,11.46139
5.0,115.0,2,1.07867,-0.1949
5.0,115.0,3,0.98652,19.70362
5.0,115.0,4,1.03701,6.09973
5.0,115.0,5,1.02225,22.25035
5.0,115.0,6,1.00042,20.15957
5.0,120.0,0,0.96753,-0.64951
5.0,120.0,1,0.97827,10.40557
5.0,120.0,2,1.05587,1.70333
5.0,120.0,3,0.95617,19.43553
5.0,120.0,4,1.04138,5.55449
5.0,120.0,5,1.01006,24.50612
5.0,120.0,6,0.96978,20.96035
5.0,125.0,0,0.94753,-0.54039
5.0,125.0,1,0.96438,7.80453
5.0,125.0,2,1.03672,-1.51287
5.0,125.0,3,0.93444,20.31286
5.0,125.0,4,1.03275,6.6592
5.0,125.0,5,0.97184,23.06544
5.0,125.0,6,0.94189,21.85942
5.0,130.0,0,0.91932,-1.83402
5.0,130.0,1,0.95662,10.42498
5.0,130.0,2,1.00324,0.69535
5.0,130.0,3,0.91019,21.2802
5.0,130.0,4,1.03438,6.37412
5.0,130.0,5,0.94529,25.9707
5.0,130.0,6,0.94172,21.06
5.0,135.0,0,0.90437,-0.44934
5.0,135.0,1,0.94228,9.22553
5.0,135.0,2,0.95933,0.02102
5.0,135.0,3,0.90699,20.31103
5.0,135.0,4,1.01567,8.78522
5.0,135.0,5,0.88836,25.79781
5.0,135.0,6,0.93911,23.35577
5.0,140.0,0,0.88053,-1.69377
5.0,140.0,1,0.92248,7.64482
5.0,140.0,2,0.92145,-0.4646
5.0,140.0,3,0.88911,20.20261
5.0,140.0,4,0.99504,5.32105
5.0,140.0,5,0.84213,26.06926
5.0,140.0,6,0.94039,26.25057
5.0,145.0,0,0.85687,-1.50268
5.0,145.0,1,0.89443,6.39003
5.0,145.0,2,0.87511,-1.50231
5.0,145.0,3,0.88373,20.06398
5.0,145.0,4,0.94876,8.79185
5.0,145.0,5,0.81908,25.8645
5.0,145.0,6,0.92671,25.21505
5.0,150.0,0,0.82165,-4.55487
5.0,150.0,1,0.86848,6.29204
5.0,150.0,2,0.84435,-0.3367
5.0,150.0,3,0.85815,20.8414
5.0,150.0,4,0.89744,10.74501
5.0,150.0,5,0.81578,27.59483
5.0,150.0,6,0.89544,24.50529
5.0,155.0,0,0.80195,-5.54986
5.0,155.0,1,0.83239,5.18254
5.0,155.0,2,0.80863,-0.01623
5.0,155.0,3,0.84824,23.07548
5.0,155.0,4,0.84956,11.22063
5.0,155.0,5,0.80878,28.93531
5.0,155.0,6,0.84271,27.08956
5.0,160.0,0,0.77249,-5.56255
5.0,160.0,1,0.80506,6.56911
5.0,160.0,2,0.77525,-1.69017
5.0,160.0,3,0.82282,20.24517
5.0,160.0,4,0.80246,10.32404
5.0,160.0,5,0.80016,30.06313
5.0,160.0,6,0.78171,26.93669
5.0,165.0,0,0.7338,-5.83391
5.0,165.0,1,0.75559,6.06809
5.0,165.0,2,0.74624,-0.38237
5.0,165.0,3,0.78677,21.54506
5.0,165.0,4,0.75397,12.61858
5.0,165.0,5,0.77691,30.1196
5.0,165.0,6,0.72965,26.75497
5.0,170.0,0,0.71674,-6.80198
5.0,170.0,1,0.72986,3.96896
5.0,170.0,2,0.72267,-1.95167
5.0,170.0,3,0.74029,21.42113
5.0,170.0,4,0.73706,12.76947
5.0,170.0,5,0.74561,31.87069
5.0,170.0,6,0.68837,27.12448
5.0,175.0,0,0.68387,-8.35997
5.0,175.0,1,0.67303,4.22141
5.0,175.0,2,0.69682,1.01634
5.0,175.0,3,0.69152,23.65256
5.0,175.0,4,0.70529,12.4884
5.0,175.0,5,0.68838,32.98651
5.0,175.0,6,0.66534,28.95575
5.0,180.0,0,0.66933,-5.61114
5.0,180.0,1,0.6324,5.25116
5.0,180.0,2,0.68802,0.59915
5.0,180.0,3,0.6459,23.66474
5.0,180.0,4,0.6916,14.02935
5.0,180.0,5,0.63225,34.19513
5.0,180.0,6,0.6575,30.66392
10.0,0.0,0,0.66181,16.71719
10.0,0.0,1,0.63225,29.21092
10.0,0.0,2,0.67262,17.46241
10.0,0.0,3,0.63542,32.7346
10.0,0.0,4,0.67967,11.54945
10.0,0.0,5,0.60942,18.34284
10.0,0.0,6,0.62799,9.43983
10.0,5.0,0,0.70558,16.05881
10.0,5.0,1,0.67829,28.35892
10.0,5.0,2,0.71261,17.99132
10.0,5.0,3,0.68699,32.12175
10.0,5.0,4,0.73041,11.0933
10.0,5.0,5,0.66367,18.69054
10.0,5.0,6,0.69313,7.0442
10.0,10.0,0,0.73987,15.19495
10.0,10.0,1,0.71845,29.53872
10.0,10.0,2,0.77039,15.65485
10.0,10.0,3,0.74059,31.24235
10.0,10.0,4,0.78332,8.87301
10.0,10.0,5,0.72644,18.6557
10.0,10.0,6,0.7368,8.19497
10.0,15.0,0,0.79028,14.35145
10.0,15.0,1,0.76255,27.54042
10.0,15.0,2,0.80066,16.9219
10.0,15.0,3,0.781,30.90568
10.0,15.0,4,0.81599,8.51116
10.0,15.0,5,0.75213,18.77747
10.0,15.0,6,0.76942,8.77775
10.0,20.0,0,0.81588,14.52804
10.0,20.0,1,0.80419,28.64613
10.0,20.0,2,0.84604,15.99357
10.0,20.0,3,0.81203,31.20017
10.0,20.0,4,0.85253,8.95542
10.0,20.0,5,0.77189,15.61663
10.0,20.0,6,0.78808,6.76133
10.0,25.0,0,0.85367,13.73125
10.0,25.0,1,0.8302,25.11755
10.0,25.0,2,0.87691,13.97247
10.0,25.0,3,0.83924,29.79561
10.0,25.0,4,0.85982,8.9767
10.0,25.0,5,0.77729,19.34274
10.0,25.0,6,0.78546,8.36352
10.0,30.0,0,0.89228,15.76207
10.0,30.0,1,0.87947,25.89456
10.0,30.0,2,0.90715,13.81769
10.0,30.0,3,0.85225,29.68992
10.0,30.0,4,0.88377,6.63707
10.0,30.0,5,0.78843,16.67127
10.0,30.0,6,0.79202,8.33583
10.0,35.0,0,0.92159,13.8719
10.0,35.0,1,0.90683,22.62296
10.0,35.0,2,0.92453,13.78562
10.0,35.0,3,0.86424,26.6944
10.0,35.0,4,0.88849,7.31297
10.0,35.0,5,0.80746,15.04798
10.0,35.0,6,0.81909,9.29607
10.0,40.0,0,0.96412,15.2916
10.0,40.0,1,0.91206,24.33659
10.0,40.0,2,0.9415,12.94332
10.0,40.0,3,0.8827,28.82586
10.0,40.0,4,0.89717,7.26994
10.0,40.0,5,0.82573,16.12528
10.0,40.0,6,0.85801,8.31806
10.0,45.0,0,0.98477,14.43789
10.0,45.0,1,0.92411,23.46651
10.0,45.0,2,0.95775,12.26793
10.0,45.0,3,0.89416,26.31378
10.0,45.0,4,0.92356,4.06295
10.0,45.0,5,0.86316,15.77289
10.0,45.0,6,0.90428,7.60296
10.0,50.0,0,1.00202,13.73548
10.0,50.0,1,0.94175,22.35326
10.0,50.0,2,0.96645,10.12896
10.0,50.0,3,0.90833,25.27678
10.0,50.0,4,0.95259,5.8424
10.0,50.0,5,0.91579,18.24303
10.0,50.0,6,0.95622,10.92709
10.0,55.0,0,1.03218,10.99371
10.0,55.0,1,0.97156,22.49611
10.0,55.0,2,0.96907,11.47903
10.0,55.0,3,0.92598,24.68347
10.0,55.0,4,0.98424,5.10016
10.0,55.0,5,0.95453,16.9035
10.0,55.0,6,0.99628,9.36347
10.0,60.0,0,1.04019,12.90982
10.0,60.0,1,0.97785,20.69108
10.0,60.0,2,0.97989,7.87857
10.0,60.0,3,0.9548,25.70148
10.0,60.0,4,1.0183,3.06652
10.0,60.0,5,0.99053,16.12883
10.0,60.0,6,1.01402,12.81999
10.0,65.0,0,1.05148,10.48405
10.0,65.0,1,0.98298,21.32708
10.0,65.0,2,0.99789,8.66601
10.0,65.0,3,0.97448,24.43063
10.0,65.0,4,1.05251,5.03268
10.0,65.0,5,1.01219,17.7512
10.0,65.0,6,0.995,11.54521
10.0,70.0,0,1.06223,10.24132
10.0,70.0,1,0.98339,18.62879
10.0,70.0,2,1.00903,5.8687
10.0,70.0,3,1.00158,23.54845
10.0,70.0,4,1.08677,5.28763
10.0,70.0,5,1.01793,15.89197
10.0,70.0,6,0.9894,12.72027
10.0,75.0,0,1.06681,11.33058
10.0,75.0,1,0.98227,18.83043
10.0,75.0,2,1.02655,5.51899
10.0,75.0,3,1.03268,21.34994
10.0,75.0,4,1.10462,5.59007
10.0,75.0,5,1.0082,17.89417
10.0,75.0,6,0.98136,13.30704
10.0,80.0,0,1.0621,11.66579
10.0,80.0,1,0.98864,18.47444
10.0,80.0,2,1.04392,5.69839
10.0,80.0,3,1.06082,23.21098
10.0,80.0,4,1.10503,4.33126
10.0,80.0,5,0.9888,17.27341
10.0,80.0,6,0.97471,13.02797
10.0,85.0,0,1.06606,10.13318
10.0,85.0,1,0.98836,18.76169
10.0,85.0,2,1.05643,5.57355
10.0,85.0,3,1.07139,21.90771
10.0,85.0,4,1.10268,3.68669
10.0,85.0,5,0.97667,18.85208
10.0,85.0,6,1.00269,16.56493
10.0,90.0,0,1.06191,7.77264
10.0,90.0,1,0.99295,16.36011
10.0,90.0,2,1.07499,4.32422
10.0,90.0,3,1.06734,23.94761
10.0,90.0,4,1.08112,4.29588
10.0,90.0,5,0.96495,18.49891
10.0,90.0,6,1.02859,14.54243
10.0,95.0,0,1.04015,6.6255
10.0,95.0,1,0.99324,16.12886
10.0,95.0,2,1.09262,4.76429
10.0,95.0,3,1.06802,22.93918
10.0,95.0,4,1.05503,4.98259
10.0,95.0,5,0.97738,19.79595
10.0,95.0,6,1.04671,16.73608
10.0,100.0,0,1.03564,6.9031
10.0,100.0,1,0.98237,14.65899
10.0,100.0,2,1.09568,1.95948
10.0,100.0,3,1.04793,22.25604
10.0,100.0,4,1.03362,4.12875
10.0,100.0,5,0.99648,20.82096
10.0,100.0,6,1.06467,17.29536
10.0,105.0,0,1.02365,6.43362
10.0,105.0,1,0.98854,14.57009
10.0,105.0,2,1.0926,4.31287
10.0,105.0,3,1.04025,23.10195
10.0,105.0,4,1.0235,4.84519
10.0,105.0,5,1.01253,20.86477
10.0,105.0,6,1.06249,17.54428
10.0,110.0,0,1.01019,3.74237
10.0,110.0,1,0.98592,12.72586
10.0,110.0,2,1.09455,3.38827
10.0,110.0,3,1.00899,21.4192
10.0,110.0,4,1.01563,5.68922
10.0,110.0,5,1.01444,21.688
10.0,110.0,6,1.01893,19.26865
10.0,115.0,0,0.9976,3.97863
10.0,115.0,1,0.98072,12.30635
10.0,115.0,2,1.0769,5.0631
10.0,115.0,3,0.97628,18.53146
10.0,115.0,4,1.02691,5.97418
10.0,115.0,5,1.01001,21.26077
10.0,115.0,6,0.98364,18.10414
10.0,120.0,0,0.97695,3.51457
10.0,120.0,1,0.96873,11.81052
10.0,120.0,2,1.05771,1.35546
10.0,120.0,3,0.9412,21.21041
10.0,120.0,4,1.03758,5.80854
10.0,120.0,5,0.9891,21.92525
10.0,120.0,6,0.9499,19.5443
10.0,125.0,0,0.95023,2.90338
10.0,125.0,1,0.96719,9.46174
10.0,125.0,2,1.02978,0.44458
10.0,125.0,3,0.91677,20.77728
10.0,125.0,4,1.02833,6.54831
10.0,125.0,5,0.95099,22.72144
10.0,125.0,6,0.92036,20.09866
10.0,130.0,0,0.92001,-0.08147
10.0,130.0,1,0.95088,9.91096
10.0,130.0,2,0.98117,0.92603
10.0,130.0,3,0.90781,22.38915
10.0,130.0,4,1.02377,6.54013
10.0,130.0,5,0.90543,24.66913
10.0,130.0,6,0.90595,20.2702
10.0,135.0,0,0.91296,-1.12688
10.0,135.0,1,0.93721,8.11964
10.0,135.0,2,0.95703,-0.22276
10.0,135.0,3,0.89177,21.92103
10.0,135.0,4,1.0037,8.98493
10.0,135.0,5,0.87313,23.66214
10.0,135.0,6,0.90909,23.25307
10.0,140.0,0,0.8777,0.31625
10.0,140.0,1,0.91881,9.93119
10.0,140.0,2,0.91372,1.95254
10.0,140.0,3,0.88184,23.44304
10.0,140.0,4,0.96492,7.21854
10.0,140.0,5,0.82668,24.34693
10.0,140.0,6,0.90662,22.26536
10.0,145.0,0,0.84678,0.9757
10.0,145.0,1,0.88951,8.78269
10.0,145.0,2,0.87275,-0.58923
10.0,145.0,3,0.86989,22.84492
10.0,145.0,4,0.93415,8.5857
10.0,145.0,5,0.80901,27.06567
10.0,145.0,6,0.89788,24.49593
10.0,150.0,0,0.82129,-0.28802
10.0,150.0,1,0.85983,6.99065
10.0,150.0,2,0.82558,0.73999
10.0,150.0,3,0.85147,21.47925
10.0,150.0,4,0.88051,10.94007
10.0,150.0,5,0.78946,25.91002
10.0,150.0,6,0.87307,23.34949
10.0,155.0,0,0.79844,-1.84647
10.0,155.0,1,0.8394,7.8503
10.0,155.0,2,0.80712,1.20744
10.0,155.0,3,0.83955,22.51656
10.0,155.0,4,0.82895,9.45066
10.0,155.0,5,0.77848,28.67487
10.0,155.0,6,0.8236,23.57659
10.0,160.0,0,0.77056,-2.31698
10.0,160.0,1,0.7938,7.05295
10.0,160.0,2,0.77382,-0.95841
10.0,160.0,3,0.81523,23.6501
10.0,160.0,4,0.78147,12.03237
10.0,160.0,5,0.77556,29.09212
10.0,160.0,6,0.75459,24.50755
10.0,165.0,0,0.73697,-2.64916
10.0,165.0,1,0.75967,7.9454
10.0,165.0,2,0.74713,-0.00406
10.0,165.0,3,0.79317,22.46262
10.0,165.0,4,0.74903,10.45928
10.0,165.0,5,0.75597,29.94574
10.0,165.0,6,0.69393,26.40495
10.0,170.0,0,0.71378,-4.78778
10.0,170.0,1,0.71598,6.43943
10.0,170.0,2,0.71755,2.08685
10.0,170.0,3,0.73335,22.99684
10.0,170.0,4,0.72572,11.50232
10.0,170.0,5,0.70955,32.09969
10.0,170.0,6,0.65567,27.82691
10.0,175.0,0,0.68569,-5.73735
10.0,175.0,1,0.67466,5.47263
10.0,175.0,2,0.69707,-1.01488
10.0,175.0,3,0.68956,24.63026
10.0,175.0,4,0.68909,11.04087
10.0,175.0,5,0.66461,31.60873
10.0,175.0,6,0.63991,29.25379
10.0,180.0,0,0.66424,-6.30391
10.0,180.0,1,0.62257,5.16449
10.0,180.0,2,0.6707,1.34828
10.0,180.0,3,0.63742,24.60463
10.0,180.0,4,0.68196,13.27389
10.0,180.0,5,0.6104,33.95059
10.0,180.0,6,0.62705,28.36438
15.0,0.0,0,0.64654,19.38867
15.0,0.0,1,0.62698,31.16069
15.0,0.0,2,0.66549,18.89864
15.0,0.0,3,0.62448,35.58069
15.0,0.0,4,0.66458,11.32102
15.0,0.0,5,0.57945,17.54704
15.0,0.0,6,0.58612,7.64211
15.0,5.0,0,0.69975,17.5265
15.0,5.0,1,0.66986,31.70955
15.0,5.0,2,0.70765,20.27991
15.0,5.0,3,0.67232,34.19396
15.0,5.0,4,0.71601,10.72033
15.0,5.0,5,0.64041,16.5463
15.0,5.0,6,0.65681,9.22707
15.0,10.0,0,0.74999,19.25123
15.0,10.0,1,0.70637,30.56026
15.0,10.0,2,0.75743,18.5522
15.0,10.0,3,0.72108,33.35988
15.0,10.0,4,0.76534,10.30446
15.0,10.0,5,0.67693,17.70437
15.0,10.0,6,0.71033,7.04218
15.0,15.0,0,0.78566,18.81736
15.0,15.0,1,0.75346,30.40731
15.0,15.0,2,0.80673,19.53468
15.0,15.0,3,0.75748,32.44746
15.0,15.0,4,0.80016,10.12092
15.0,15.0,5,0.71564,16.98096
15.0,15.0,6,0.73585,8.27996
15.0,20.0,0,0.82074,17.06335
15.0,20.0,1,0.80269,29.54783
15.0,20.0,2,0.84449,17.252
15.0,20.0,3,0.79641,31.70767
15.0,20.0,4,0.82942,7.8505
15.0,20.0,5,0.74162,14.73299
15.0,20.0,6,0.7468,5.89663
15.0,25.0,0,0.86663,18.68879
15.0,25.0,1,0.83521,29.43355
15.0,25.0,2,0.87501,16.3975
15.0,25.0,3,0.82155,30.91085
15.0,25.0,4,0.84151,7.66106
15.0,25.0,5,0.75651,19.35544
15.0,25.0,6,0.75146,6.31059
15.0,30.0,0,0.88218,15.33265
15.0,30.0,1,0.85691,28.1918
15.0,30.0,2,0.89559,14.57459
15.0,30.0,3,0.8397,29.65806
15.0,30.0,4,0.85909,8.38601
15.0,30.0,5,0.76004,15.62382
15.0,30.0,6,0.75353,7.27933
15.0,35.0,0,0.92175,18.29775
15.0,35.0,1,0.89595,25.41217
15.0,35.0,2,0.92456,13.75864
15.0,35.0,3,0.85296,29.78413
15.0,35.0,4,0.85887,7.3487
15.0,35.0,5,0.77161,17.59041
15.0,35.0,6,0.78258,6.96858
15.0,40.0,0,0.9583,17.06387
15.0,40.0,1,0.91805,25.96225
15.0,40.0,2,0.92691,15.31017
15.0,40.0,3,0.86559,30.92698
15.0,40.0,4,0.87824,5.00925
15.0,40.0,5,0.79585,17.04414
15.0,40.0,6,0.81695,6.98169
15.0,45.0,0,0.98084,15.72771
15.0,45.0,1,0.93558,24.85879
15.0,45.0,2,0.95671,12.68743
15.0,45.0,3,0.87522,26.5996
15.0,45.0,4,0.89845,6.53317
15.0,45.0,5,0.83085,15.29134
15.0,45.0,6,0.88793,8.11887
15.0,50.0,0,1.0027,14.34322
15.0,50.0,1,0.95847,23.66163
15.0,50.0,2,0.95536,12.53027
15.0,50.0,3,0.89526,25.88512
15.0,50.0,4,0.92959,6.38317
15.0,50.0,5,0.87768,15.51116
15.0,50.0,6,0.92005,8.6329
15.0,55.0,0,1.02019,15.39826
15.0,55.0,1,0.96578,24.2428
15.0,55.0,2,0.96776,10.56446
15.0,55.0,3,0.89752,26.20194
15.0,55.0,4,0.9667,5.11544
15.0,55.0,5,0.91775,16.12691
15.0,55.0,6,0.96081,9.98632
15.0,60.0,0,1.03629,14.63909
15.0,60.0,1,0.96588,20.2762
15.0,60.0,2,0.97868,10.02499
15.0,60.0,3,0.94044,27.30966
15.0,60.0,4,0.99939,5.09273
15.0,60.0,5,0.96424,16.87595
15.0,60.0,6,0.98321,11.46161
15.0,65.0,0,1.04344,11.67411
15.0,65.0,1,0.97888,23.91172
15.0,65.0,2,0.98449,9.38664
15.0,65.0,3,0.96064,24.39326
15.0,65.0,4,1.02494,3.26496
15.0,65.0,5,0.97819,17.7917
15.0,65.0,6,0.96712,10.18644
15.0,70.0,0,1.05135,13.98952
15.0,70.0,1,0.96672,21.90215
15.0,70.0,2,0.999,9.14251
15.0,70.0,3,0.98807,24.32706
15.0,70.0,4,1.06304,5.2435
15.0,70.0,5,0.9974,17.42915
15.0,70.0,6,0.94649,10.2406
15.0,75.0,0,1.0671,12.76962
15.0,75.0,1,0.98115,20.21764
15.0,75.0,2,1.0112,7.50058
15.0,75.0,3,1.0082,24.48535
15.0,75.0,4,1.08477,7.29911
15.0,75.0,5,0.98021,17.24793
15.0,75.0,6,0.95117,12.51045
15.0,80.0,0,1.0577,11.91782
15.0,80.0,1,0.98436,18.66819
15.0,80.0,2,1.02746,7.22162
15.0,80.0,3,1.04409,22.8373
15.0,80.0,4,1.08628,3.14709
15.0,80.0,5,0.96532,18.78464
15.0,80.0,6,0.95667,12.29753
15.0,85.0,0,1.06101,9.19666
15.0,85.0,1,0.98597,20.26467
15.0,85.0,2,1.04724,6.92423
15.0,85.0,3,1.04989,24.62607
15.0,85.0,4,1.07133,5.54749
15.0,85.0,5,0.93505,18.41594
15.0,85.0,6,0.96795,13.91056
15.0,90.0,0,1.06494,9.364
15.0,90.0,1,0.97759,18.62251
15.0,90.0,2,1.0676,4.43692
15.0,90.0,3,1.05501,24.47653
15.0,90.0,4,1.05221,4.56738
15.0,90.0,5,0.93812,19.18834
15.0,90.0,6,0.99624,13.26614
15.0,95.0,0,1.05886,10.77495
15.0,95.0,1,0.98281,17.09278
15.0,95.0,2,1.06973,6.19732
15.0,95.0,3,1.04738,21.93823
15.0,95.0,4,1.03268,4.99735
15.0,95.0,5,0.9432,20.78902
15.0,95.0,6,1.01726,15.23384
15.0,100.0,0,1.03998,8.16873
15.0,100.0,1,0.98307,16.15537
15.0,100.0,2,1.07702,4.00804
15.0,100.0,3,1.04091,21.40426
15.0,100.0,4,1.01556,5.2012
15.0,100.0,5,0.96201,20.02259
15.0,100.0,6,1.02549,15.83898
15.0,105.0,0,1.02415,8.09335
15.0,105.0,1,0.97968,15.11646
15.0,105.0,2,1.08035,3.94686
15.0,105.0,3,1.01551,21.13311
15.0,105.0,4,1.0029,5.40248
15.0,105.0,5,0.97559,19.71363
15.0,105.0,6,1.02118,17.3824
15.0,110.0,0,1.01274,6.58643
15.0,110.0,1,0.97821,15.87402
15.0,110.0,2,1.08227,4.8007
15.0,110.0,3,0.99296,23.34512
15.0,110.0,4,0.99719,4.5118
15.0,110.0,5,0.98853,21.25212
15.0,110.0,6,0.99303,16.88294
15.0,115.0,0,0.99014,6.46042
15.0,115.0,1,0.96962,13.3298
15.0,115.0,2,1.05782,2.37754
15.0,115.0,3,0.96354,23.01598
15.0,115.0,4,0.98773,6.2581
15.0,115.0,5,0.98398,22.07558
15.0,115.0,6,0.94858,15.089
15.0,120.0,0,0.97638,4.15896
15.0,120.0,1,0.95496,14.47323
15.0,120.0,2,1.04505,1.4741
15.0,120.0,3,0.91939,21.70058
15.0,120.0,4,1.00835,7.53928
15.0,120.0,5,0.95722,21.78764
15.0,120.0,6,0.91027,18.28425
15.0,125.0,0,0.94457,4.26789
15.0,125.0,1,0.95548,10.58124
15.0,125.0,2,1.01482,1.81104
15.0,125.0,3,0.91249,22.08451
15.0,125.0,4,0.99884,5.22806
15.0,125.0,5,0.92102,22.95399
15.0,125.0,6,0.87833,20.59568
15.0,130.0,0,0.93336,4.14537
15.0,130.0,1,0.94071,11.02715
15.0,130.0,2,0.97,2.14373
15.0,130.0,3,0.8854,22.11583
15.0,130.0,4,0.9917,5.72555
15.0,130.0,5,0.88122,23.26996
15.0,130.0,6,0.87671,21.80071
15.0,135.0,0,0.89735,4.06643
15.0,135.0,1,0.93061,11.33556
15.0,135.0,2,0.94841,-0.06707
15.0,135.0,3,0.87569,22.50161
15.0,135.0,4,0.98112,9.12014
15.0,135.0,5,0.83571,24.65382
15.0,135.0,6,0.88105,21.60062
15.0,140.0,0,0.88426,1.52221
15.0,140.0,1,0.91829,12.03995
15.0,140.0,2,0.91198,2.151
15.0,140.0,3,0.86296,20.79478
15.0,140.0,4,0.94682,6.74802
15.0,140.0,5,0.79554,24.84796
15.0,140.0,6,0.87484,21.44701
15.0,145.0,0,0.85068,2.38171
15.0,145.0,1,0.89283,9.82302
15.0,145.0,2,0.86234,1.9659
15.0,145.0,3,0.85605,21.78683
15.0,145.0,4,0.90755,11.22579
15.0,145.0,5,0.77339,25.2358
15.0,145.0,6,0.87059,23.45885
15.0,150.0,0,0.82288,0.31519
15.0,150.0,1,0.86421,10.73492
15.0,150.0,2,0.82418,2.43222
15.0,150.0,3,0.83196,22.89385
15.0,150.0,4,0.85134,10.10678
15.0,150.0,5,0.7635,28.73528
15.0,150.0,6,0.83396,22.28562
15.0,155.0,0,0.79715,1.21046
15.0,155.0,1,0.82407,9.59209
15.0,155.0,2,0.79972,2.02571
15.0,155.0,3,0.81665,23.94132
15.0,155.0,4,0.80187,11.07505
15.0,155.0,5,0.74842,27.96635
15.0,155.0,6,0.77447,22.96786
15.0,160.0,0,0.7674,2.35996
15.0,160.0,1,0.7984,12.4698
15.0,160.0,2,0.75505,2.35087
15.0,160.0,3,0.79859,23.0987
15.0,160.0,4,0.75626,11.75489
15.0,160.0,5,0.75259,28.7822
15.0,160.0,6,0.71054,25.89848
15.0,165.0,0,0.75328,-1.78873
15.0,165.0,1,0.75355,9.08428
15.0,165.0,2,0.72495,0.98475
15.0,165.0,3,0.76227,25.39363
15.0,165.0,4,0.72202,11.50387
15.0,165.0,5,0.72172,31.03488
15.0,165.0,6,0.66528,25.39145
15.0,170.0,0,0.72018,1.20737
15.0,170.0,1,0.70895,7.66033
15.0,170.0,2,0.70412,0.72615
15.0,170.0,3,0.71467,24.55865
15.0,170.0,4,0.6879,12.28207
15.0,170.0,5,0.68433,28.8202
15.0,170.0,6,0.62696,26.07543
15.0,175.0,0,0.6836,-2.29259
15.0,175.0,1,0.66469,8.87553
15.0,175.0,2,0.69746,1.47544
15.0,175.0,3,0.66583,24.97038
15.0,175.0,4,0.67213,11.64181
15.0,175.0,5,0.63855,31.45535
15.0,175.0,6,0.60433,26.30729
15.0,180.0,0,0.65741,-3.18277
15.0,180.0,1,0.62229,7.11877
15.0,180.0,2,0.66435,1.5867
15.0,180.0,3,0.62373,23.96914
15.0,180.0,4,0.65467,13.7281
15.0,180.0,5,0.58165,31.23095
15.0,180.0,6,0.60461,27.08023
20.0,0.0,0,0.66195,20.63106
20.0,0.0,1,0.61602,34.26699
20.0,0.0,2,0.65226,20.76732
20.0,0.0,3,0.60032,34.76406
20.0,0.0,4,0.63182,11.77658
20.0,0.0,5,0.53882,17.13511
20.0,0.0,6,0.56219,6.57525
20.0,5.0,0,0.7012,18.30613
20.0,5.0,1,0.66127,31.55912
20.0,5.0,2,0.6959,20.85334
20.0,5.0,3,0.64869,33.72598
20.0,5.0,4,0.67161,12.861
20.0,5.0,5,0.60548,17.97321
20.0,5.0,6,0.63637,7.29108
20.0,10.0,0,0.74372,20.8044
20.0,10.0,1,0.70089,31.30488
20.0,10.0,2,0.74532,21.59912
20.0,10.0,3,0.70388,34.63785
20.0,10.0,4,0.73675,10.83338
20.0,10.0,5,0.65983,15.22047
20.0,10.0,6,0.66294,4.1403
20.0,15.0,0,0.77899,20.96122
20.0,15.0,1,0.74939,31.9854
20.0,15.0,2,0.78829,20.10789
20.0,15.0,3,0.73536,33.92151
20.0,15.0,4,0.76839,9.52053
20.0,15.0,5,0.69008,17.30021
20.0,15.0,6,0.69599,4.61723
20.0,20.0,0,0.82652,18.62384
20.0,20.0,1,0.79381,30.6981
20.0,20.0,2,0.82457,18.73559
20.0,20.0,3,0.78362,32.11236
20.0,20.0,4,0.80119,10.16427
20.0,20.0,5,0.7073,17.06313
20.0,20.0,6,0.71627,5.44735
20.0,25.0,0,0.86361,19.35724
20.0,25.0,1,0.82345,30.81454
20.0,25.0,2,0.85846,18.23728
20.0,25.0,3,0.79702,32.85295
20.0,25.0,4,0.83057,9.89001
20.0,25.0,5,0.72444,18.07943
20.0,25.0,6,0.72439,5.88843
20.0,30.0,0,0.89077,20.31383
20.0,30.0,1,0.85732,28.77481
20.0,30.0,2,0.88512,18.37786
20.0,30.0,3,0.82047,30.398
20.0,30.0,4,0.83151,5.95128
20.0,30.0,5,0.73273,18.21569
20.0,30.0,6,0.72928,4.58879
20.0,35.0,0,0.92508,19.08461
20.0,35.0,1,0.87569,27.80092
20.0,35.0,2,0.90852,17.40193
20.0,35.0,3,0.83396,29.83497
20.0,35.0,4,0.84262,6.65351
20.0,35.0,5,0.74142,16.10666
20.0,35.0,6,0.7537,6.46807
20.0,40.0,0,0.95357,19.45834
20.0,40.0,1,0.9047,27.99751
20.0,40.0,2,0.92016,15.4419
20.0,40.0,3,0.85055,29.06864
20.0,40.0,4,0.86109,7.15517
20.0,40.0,5,0.761,16.0828
20.0,40.0,6,0.79249,8.1017
20.0,45.0,0,0.97229,18.09495
20.0,45.0,1,0.91432,27.13958
20.0,45.0,2,0.92463,15.62584
20.0,45.0,3,0.85774,28.33066
20.0,45.0,4,0.87578,5.53184
20.0,45.0,5,0.8032,15.28828
20.0,45.0,6,0.84828,5.70094
20.0,50.0,0,1.00919,17.33749
20.0,50.0,1,0.93755,28.38601
20.0,50.0,2,0.95404,14.7675
20.0,50.0,3,0.8542,27.94238
20.0,50.0,4,0.89804,5.48643
20.0,50.0,5,0.84262,15.9844
20.0,50.0,6,0.89282,8.52712
20.0,55.0,0,1.01615,17.85049
20.0,55.0,1,0.9559,26.86988
20.0,55.0,2,0.94453,12.58126
20.0,55.0,3,0.88669,27.31056
20.0,55.0,4,0.93705,5.13491
20.0,55.0,5,0.89296,16.53675
20.0,55.0,6,0.92912,8.23697
20.0,60.0,0,1.02921,16.4454
20.0,60.0,1,0.96794,26.00127
20.0,60.0,2,0.9601,11.5081
20.0,60.0,3,0.91291,26.01562
20.0,60.0,4,0.96914,6.13585
20.0,60.0,5,0.93173,16.78067
20.0,60.0,6,0.95671,8.24471
20.0,65.0,0,1.05505,16.78656
20.0,65.0,1,0.97667,26.02316
20.0,65.0,2,0.97518,10.55619
20.0,65.0,3,0.93783,25.46325
20.0,65.0,4,1.02372,4.04607
20.0,65.0,5,0.95579,15.57009
20.0,65.0,6,0.93354,9.63828
20.0,70.0,0,1.05542,15.66272
20.0,70.0,1,0.96828,24.18918
20.0,70.0,2,0.99414,9.89536
20.0,70.0,3,0.97127,24.65183
20.0,70.0,4,1.03218,3.29628
20.0,70.0,5,0.9671,16.47133
20.0,70.0,6,0.91899,10.1141
20.0,75.0,0,1.06296,14.07907
20.0,75.0,1,0.9742,21.92988
20.0,75.0,2,0.998,10.19769
20.0,75.0,3,1.00681,25.73384
20.0,75.0,4,1.05896,5.65462
20.0,75.0,5,0.94969,18.46335
20.0,75.0,6,0.92425,9.59744
20.0,80.0,0,1.05698,13.41207
20.0,80.0,1,0.98245,23.21861
20.0,80.0,2,1.01954,9.97224
20.0,80.0,3,1.01777,24.66616
20.0,80.0,4,1.0541,5.59299
20.0,80.0,5,0.92209,15.3383
20.0,80.0,6,0.91133,10.96566
20.0,85.0,0,1.06255,13.90107
20.0,85.0,1,0.97486,21.55513
20.0,85.0,2,1.03287,8.10866
20.0,85.0,3,1.03822,22.43781
20.0,85.0,4,1.04452,4.65555
20.0,85.0,5,0.91134,17.07338
20.0,85.0,6,0.9342,11.92293
20.0,90.0,0,1.04903,12.60188
20.0,90.0,1,0.9745,20.26642
20.0,90.0,2,1.04903,7.82892
20.0,90.0,3,1.03606,23.41299
20.0,90.0,4,1.02286,5.19139
20.0,90.0,5,0.91551,17.47637
20.0,90.0,6,0.96425,10.70946
20.0,95.0,0,1.04271,11.70681
20.0,95.0,1,0.97117,18.9638
20.0,95.0,2,1.06492,6.40339
20.0,95.0,3,1.04086,21.51835
20.0,95.0,4,1.00446,4.75491
20.0,95.0,5,0.91581,16.39253
20.0,95.0,6,0.99472,13.36814
20.0,100.0,0,1.03578,11.09155
20.0,100.0,1,0.97361,18.85665
20.0,100.0,2,1.06928,6.05244
20.0,100.0,3,1.01517,24.86164
20.0,100.0,4,0.9796,3.34993
20.0,100.0,5,0.92908,18.44202
20.0,100.0,6,1.00966,16.05568
20.0,105.0,0,1.02386,8.91869
20.0,105.0,1,0.97706,16.72666
20.0,105.0,2,1.0793,6.14485
20.0,105.0,3,1.0034,24.60242
20.0,105.0,4,0.97576,7.18348
20.0,105.0,5,0.94176,20.29833
20.0,105.0,6,0.98591,15.29226
20.0,110.0,0,1.0057,10.47241
20.0,110.0,1,0.96992,17.1754
20.0,110.0,2,1.06217,7.07373
20.0,110.0,3,0.97354,23.08261
20.0,110.0,4,0.97035,6.0473
20.0,110.0,5,0.95458,19.104
20.0,110.0,6,0.94588,17.21668
20.0,115.0,0,0.98204,9.59798
20.0,115.0,1,0.96428,16.2429
20.0,115.0,2,1.05638,2.78937
20.0,115.0,3,0.93134,22.82332
20.0,115.0,4,0.98448,4.25018
20.0,115.0,5,0.95291,20.70127
20.0,115.0,6,0.91269,16.54124
20.0,120.0,0,0.9652,7.95052
20.0,120.0,1,0.96874,16.30624
20.0,120.0,2,1.01713,5.57643
20.0,120.0,3,0.90969,21.94773
20.0,120.0,4,0.98083,6.9268
20.0,120.0,5,0.93925,20.3269
20.0,120.0,6,0.88101,17.09196
20.0,125.0,0,0.94874,6.26169
20.0,125.0,1,0.95256,13.46348
20.0,125.0,2,0.99656,6.36859
20.0,125.0,3,0.88795,24.31093
20.0,125.0,4,0.97498,8.43582
20.0,125.0,5,0.89551,22.59504
20.0,125.0,6,0.84955,19.32722
20.0,130.0,0,0.91806,4.76797
20.0,130.0,1,0.95085,14.12456
20.0,130.0,2,0.97012,2.20282
20.0,130.0,3,0.8652,24.02823
20.0,130.0,4,0.96743,5.63521
20.0,130.0,5,0.85341,21.77743
20.0,130.0,6,0.84704,21.47601
20.0,135.0,0,0.90631,4.73728
20.0,135.0,1,0.92327,12.38856
20.0,135.0,2,0.93388,3.64248
20.0,135.0,3,0.86225,23.06597
20.0,135.0,4,0.9584,8.66862
20.0,135.0,5,0.81373,21.65431
20.0,135.0,6,0.84825,19.10959
20.0,140.0,0,0.87172,2.00186
20.0,140.0,1,0.90869,11.55188
20.0,140.0,2,0.89872,5.38582
20.0,140.0,3,0.85091,21.6179
20.0,140.0,4,0.92046,9.76207
20.0,140.0,5,0.76098,26.03505
20.0,140.0,6,0.85251,19.68986
20.0,145.0,0,0.85059,3.46355
20.0,145.0,1,0.88491,13.43684
20.0,145.0,2,0.85329,4.10428
20.0,145.0,3,0.8326,23.051
20.0,145.0,4,0.87308,10.15638
20.0,145.0,5,0.74025,27.39435
20.0,145.0,6,0.83269,20.66978
20.0,150.0,0,0.81817,3.00694
20.0,150.0,1,0.85977,11.46483
20.0,150.0,2,0.8101,3.41987
20.0,150.0,3,0.82036,24.88945
20.0,150.0,4,0.82341,11.42207
20.0,150.0,5,0.72443,25.82418
20.0,150.0,6,0.80319,23.59061
20.0,155.0,0,0.79375,1.7101
20.0,155.0,1,0.82444,10.7872
20.0,155.0,2,0.77917,4.67247
20.0,155.0,3,0.80998,24.43951
20.0,155.0,4,0.7798,10.94487
20.0,155.0,5,0.72997,25.98881
20.0,155.0,6,0.74835,23.27976
20.0,160.0,0,0.76651,1.0934
20.0,160.0,1,0.78187,11.15512
20.0,160.0,2,0.74861,2.92054
20.0,160.0,3,0.78053,26.161
20.0,160.0,4,0.73607,11.48027
20.0,160.0,5,0.71144,28.20455
20.0,160.0,6,0.68051,23.94728
20.0,165.0,0,0.74491,0.29671
20.0,165.0,1,0.7494,10.03777
20.0,165.0,2,0.71938,3.87679
20.0,165.0,3,0.74326,23.24534
20.0,165.0,4,0.69001,11.93732
20.0,165.0,5,0.69004,29.5552
20.0,165.0,6,0.63181,22.65521
20.0,170.0,0,0.70978,-1.04709
20.0,170.0,1,0.70978,11.07802
20.0,170.0,2,0.69515,4.94565
20.0,170.0,3,0.70143,25.61676
20.0,170.0,4,0.65943,13.95258
20.0,170.0,5,0.65608,30.63896
20.0,170.0,6,0.58364,26.9937
20.0,175.0,0,0.68663,0.08124
20.0,175.0,1,0.65976,9.10233
20.0,175.0,2,0.67162,3.48809
20.0,175.0,3,0.64868,25.74308
20.0,175.0,4,0.64698,13.60773
20.0,175.0,5,0.60141,31.15368
20.0,175.0,6,0.57519,26.30667
20.0,180.0,0,0.65299,-1.97995
20.0,180.0,1,0.61543,11.52895
20.0,180.0,2,0.64512,3.07602
20.0,180.0,3,0.59825,25.65795
20.0,180.0,4,0.63772,13.80609
20.0,180.0,5,0.55337,30.83321
20.0,180.0,6,0.57405,27.53612
25.0,0.0,0,0.65688,23.64942
25.0,0.0,1,0.61309,33.20568
25.0,0.0,2,0.63809,23.22913
25.0,0.0,3,0.58729,36.62194
25.0,0.0,4,0.60183,13.81488
25.0,0.0,5,0.52909,17.13064
25.0,0.0,6,0.54509,5.44135
25.0,5.0,0,0.69006,22.53196
25.0,5.0,1,0.65531,32.01338
25.0,5.0,2,0.67755,20.17359
25.0,5.0,3,0.63241,35.24525
25.0,5.0,4,0.66031,10.98544
25.0,5.0,5,0.5894,21.22497
25.0,5.0,6,0.6149,4.92291
25.0,10.0,0,0.73828,24.42596
25.0,10.0,1,0.69096,33.47353
25.0,10.0,2,0.7377,20.70357
25.0,10.0,3,0.68634,33.56503
25.0,10.0,4,0.70938,9.84857
25.0,10.0,5,0.63549,14.39481
25.0,10.0,6,0.65778,4.60029
25.0,15.0,0,0.77604,23.39466
25.0,15.0,1,0.7435,32.45632
25.0,15.0,2,0.77767,19.95813
25.0,15.0,3,0.72107,34.1399
25.0,15.0,4,0.74961,11.02293
25.0,15.0,5,0.66985,15.99661
25.0,15.0,6,0.69352,5.11145
25.0,20.0,0,0.82066,24.8109
25.0,20.0,1,0.78489,32.45691
25.0,20.0,2,0.81242,19.07878
25.0,20.0,3,0.75674,32.06075
25.0,20.0,4,0.78206,9.0686
25.0,20.0,5,0.68434,16.5083
25.0,20.0,6,0.707,5.55528
25.0,25.0,0,0.85682,23.46792
25.0,25.0,1,0.81329,32.07582
25.0,25.0,2,0.8436,19.76647
25.0,25.0,3,0.77598,33.12556
25.0,25.0,4,0.79299,9.39775
25.0,25.0,5,0.70698,16.20397
25.0,25.0,6,0.71641,4.14794
25.0,30.0,0,0.88622,20.8395
25.0,30.0,1,0.84732,31.88561
25.0,30.0,2,0.87704,18.54044
25.0,30.0,3,0.79751,30.84612
25.0,30.0,4,0.79758,8.09518
25.0,30.0,5,0.70043,16.73757
25.0,30.0,6,0.71028,7.11976
25.0,35.0,0,0.91039,22.04759
25.0,35.0,1,0.86814,30.06298
25.0,35.0,2,0.88807,18.01742
25.0,35.0,3,0.8204,31.63925
25.0,35.0,4,0.80748,8.6083
25.0,35.0,5,0.71311,14.78695
25.0,35.0,6,0.74769,4.11775
25.0,40.0,0,0.94746,20.74711
25.0,40.0,1,0.89378,30.17892
25.0,40.0,2,0.89765,17.77332
25.0,40.0,3,0.82428,29.60141
25.0,40.0,4,0.83425,5.78023
25.0,40.0,5,0.74818,15.74982
25.0,40.0,6,0.78121,5.86413
25.0,45.0,0,0.97475,18.82737
25.0,45.0,1,0.90973,29.55178
25.0,45.0,2,0.92276,15.76755
25.0,45.0,3,0.83282,27.55515
25.0,45.0,4,0.85671,6.09412
25.0,45.0,5,0.78637,16.05155
25.0,45.0,6,0.82892,6.20033
25.0,50.0,0,1.00368,19.51536
25.0,50.0,1,0.93576,28.70962
25.0,50.0,2,0.91584,15.38943
25.0,50.0,3,0.8474,28.1853
25.0,50.0,4,0.86949,5.39343
25.0,50.0,5,0.82576,14.68298
25.0,50.0,6,0.88237,5.70217
25.0,55.0,0,1.01783,18.84346
25.0,55.0,1,0.95549,27.16623
25.0,55.0,2,0.92829,12.62593
25.0,55.0,3,0.86961,28.24815
25.0,55.0,4,0.9105,4.99357
25.0,55.0,5,0.87485,13.52828
25.0,55.0,6,0.91945,7.16961
25.0,60.0,0,1.03684,16.58013
25.0,60.0,1,0.95649,27.39557
25.0,60.0,2,0.94555,12.53839
25.0,60.0,3,0.8856,26.73139
25.0,60.0,4,0.95509,5.65523
25.0,60.0,5,0.91098,16.80477
25.0,60.0,6,0.92828,5.84016
25.0,65.0,0,1.04019,17.68898
25.0,65.0,1,0.9604,25.7695
25.0,65.0,2,0.96597,11.59565
25.0,65.0,3,0.91814,24.63694
25.0,65.0,4,0.98008,3.86448
25.0,65.0,5,0.92764,17.95016
25.0,65.0,6,0.92667,8.25283
25.0,70.0,0,1.04848,16.67429
25.0,70.0,1,0.95915,25.70118
25.0,70.0,2,0.97058,12.65933
25.0,70.0,3,0.94261,25.76091
25.0,70.0,4,1.01836,6.62546
25.0,70.0,5,0.94352,14.96107
25.0,70.0,6,0.91835,8.3508
25.0,75.0,0,1.05994,16.24179
25.0,75.0,1,0.96719,22.08844
25.0,75.0,2,0.98911,10.39207
25.0,75.0,3,0.97682,23.31397
25.0,75.0,4,1.03091,4.51933
25.0,75.0,5,0.92319,16.27174
25.0,75.0,6,0.90616,9.21556
25.0,80.0,0,1.06411,15.12584
25.0,80.0,1,0.96249,22.60499
25.0,80.0,2,1.00025,10.82863
25.0,80.0,3,1.00175,25.63133
25.0,80.0,4,1.0357,4.48343
25.0,80.0,5,0.90293,17.73119
25.0,80.0,6,0.90986,8.30916
25.0,85.0,0,1.07156,14.39456
25.0,85.0,1,0.97461,21.40777
25.0,85.0,2,1.02241,9.74227
25.0,85.0,3,1.01909,24.76421
25.0,85.0,4,1.02036,6.49138
25.0,85.0,5,0.88546,16.62149
25.0,85.0,6,0.91441,11.55625
25.0,90.0,0,1.0551,13.89514
25.0,90.0,1,0.97627,22.26279
25.0,90.0,2,1.03376,8.82921
25.0,90.0,3,1.02043,24.11117
25.0,90.0,4,1.01064,5.55153
25.0,90.0,5,0.88907,18.11684
25.0,90.0,6,0.94846,12.28063
25.0,95.0,0,1.05273,13.99424
25.0,95.0,1,0.96703,20.8494
25.0,95.0,2,1.04532,9.57483
25.0,95.0,3,1.02064,23.58375
25.0,95.0,4,0.98576,4.65441
25.0,95.0,5,0.89469,17.58015
25.0,95.0,6,0.98168,11.48983
25.0,100.0,0,1.04082,12.22104
25.0,100.0,1,0.9706,19.96418
25.0,100.0,2,1.0527,7.07613
25.0,100.0,3,1.00089,24.44291
25.0,100.0,4,0.96784,6.00328
25.0,100.0,5,0.90769,19.81066
25.0,100.0,6,0.98278,12.88846
25.0,105.0,0,1.02048,12.21122
25.0,105.0,1,0.95917,19.7764
25.0,105.0,2,1.05835,7.80372
25.0,105.0,3,0.99403,23.80754
25.0,105.0,4,0.94636,4.70698
25.0,105.0,5,0.92836,18.94632
25.0,105.0,6,0.97421,14.2139
25.0,110.0,0,1.00351,9.02184
25.0,110.0,1,0.95978,17.75356
25.0,110.0,2,1.05209,5.92345
25.0,110.0,3,0.9495,25.31292
25.0,110.0,4,0.94281,4.00087
25.0,110.0,5,0.92521,20.02165
25.0,110.0,6,0.93808,16.79459
25.0,115.0,0,0.98018,8.29351
25.0,115.0,1,0.95962,18.32869
25.0,115.0,2,1.04556,8.07348
25.0,115.0,3,0.92476,23.35048
25.0,115.0,4,0.94644,5.53692
25.0,115.0,5,0.9331,20.62536
25.0,115.0,6,0.89334,15.10949
25.0,120.0,0,0.96083,9.73364
25.0,120.0,1,0.95738,17.68114
25.0,120.0,2,1.01209,5.20603
25.0,120.0,3,0.89021,21.70598
25.0,120.0,4,0.94938,6.40303
25.0,120.0,5,0.90992,20.596
25.0,120.0,6,0.87002,16.98083
25.0,125.0,0,0.94192,7.83147
25.0,125.0,1,0.94544,16.89484
25.0,125.0,2,0.993,6.25927
25.0,125.0,3,0.87027,23.86156
25.0,125.0,4,0.94847,6.70998
25.0,125.0,5,0.87345,22.4805
25.0,125.0,6,0.83295,17.9366
25.0,130.0,0,0.92744,6.08673
25.0,130.0,1,0.92647,14.52698
25.0,130.0,2,0.95123,5.47
25.0,130.0,3,0.85416,24.7444
25.0,130.0,4,0.94538,6.96604
25.0,130.0,5,0.83543,23.48562
25.0,130.0,6,0.83313,17.51861
25.0,135.0,0,0.89457,7.50821
25.0,135.0,1,0.91985,14.9778
25.0,135.0,2,0.9175,5.52308
25.0,135.0,3,0.83903,24.30247
25.0,135.0,4,0.92919,6.40273
25.0,135.0,5,0.78498,23.47693
25.0,135.0,6,0.82301,18.24565
25.0,140.0,0,0.86717,6.07233
25.0,140.0,1,0.90052,15.17494
25.0,140.0,2,0.88837,3.21697
25.0,140.0,3,0.82822,22.73666
25.0,140.0,4,0.90221,8.85416
25.0,140.0,5,0.74572,20.93792
25.0,140.0,6,0.83456,20.18465
25.0,145.0,0,0.84673,5.99639
25.0,145.0,1,0.88466,14.20251
25.0,145.0,2,0.84126,4.58966
25.0,145.0,3,0.80696,25.55275
25.0,145.0,4,0.86004,8.83583
25.0,145.0,5,0.71921,25.86156
25.0,145.0,6,0.81999,19.4869
25.0,150.0,0,0.81647,6.03754
25.0,150.0,1,0.84622,13.33895
25.0,150.0,2,0.8036,5.26449
25.0,150.0,3,0.80396,24.20937
25.0,150.0,4,0.80459,10.12024
25.0,150.0,5,0.70409,27.98455
25.0,150.0,6,0.78425,22.30609
25.0,155.0,0,0.78935,3.27097
25.0,155.0,1,0.81352,12.57706
25.0,155.0,2,0.75814,3.9488
25.0,155.0,3,0.78429,26.25656
25.0,155.0,4,0.76007,11.87761
25.0,155.0,5,0.70962,27.09822
25.0,155.0,6,0.73872,23.21824
25.0,160.0,0,0.76426,3.38174
25.0,160.0,1,0.78527,14.50394
25.0,160.0,2,0.72849,6.22267
25.0,160.0,3,0.7542,24.39918
25.0,160.0,4,0.70393,9.65532
25.0,160.0,5,0.68979,27.69251
25.0,160.0,6,0.68049,23.41433
25.0,165.0,0,0.74532,4.97968
25.0,165.0,1,0.7495,12.15151
25.0,165.0,2,0.70146,4.8932
25.0,165.0,3,0.72162,26.58085
25.0,165.0,4,0.66786,11.66691
25.0,165.0,5,0.67634,29.05618
25.0,165.0,6,0.62616,24.80735
25.0,170.0,0,0.70777,3.00902
25.0,170.0,1,0.70168,13.03939
25.0,170.0,2,0.68348,4.34215
25.0,170.0,3,0.67792,25.38616
25.0,170.0,4,0.63411,12.16778
25.0,170.0,5,0.62758,30.19325
25.0,170.0,6,0.5825,24.13081
25.0,175.0,0,0.6864,-0.29505
25.0,175.0,1,0.66458,11.1263
25.0,175.0,2,0.65823,5.17424
25.0,175.0,3,0.62875,27.57921
25.0,175.0,4,0.61953,14.67718
25.0,175.0,5,0.59078,30.0023
25.0,175.0,6,0.56915,25.56833
25.0,180.0,0,0.65237,0.36396
25.0,180.0,1,0.61261,9.52286
25.0,180.0,2,0.63094,5.56393
25.0,180.0,3,0.58298,27.78088
25.0,180.0,4,0.60635,13.77394
25.0,180.0,5,0.52342,32.56068
25.0,180.0,6,0.54887,25.58846
30.0,0.0,0,0.65165,25.92407
30.0,0.0,1,0.59066,35.82768
30.0,0.0,2,0.61626,23.84662
30.0,0.0,3,0.56213,35.65563
30.0,0.0,4,0.59475,11.24175
30.0,0.0,5,0.52422,16.85553
30.0,0.0,6,0.55886,4.22911
30.0,5.0,0,0.6941,25.04253
30.0,5.0,1,0.64552,35.97841
30.0,5.0,2,0.66291,22.19388
30.0,5.0,3,0.61346,35.71631
30.0,5.0,4,0.64223,10.52966
30.0,5.0,5,0.56987,16.89823
30.0,5.0,6,0.62191,2.92322
30.0,10.0,0,0.72723,22.92569
30.0,10.0,1,0.69269,34.62889
30.0,10.0,2,0.71544,22.01032
30.0,10.0,3,0.66381,35.03146
30.0,10.0,4,0.68645,8.4946
30.0,10.0,5,0.62351,14.84559
30.0,10.0,6,0.66102,4.29855
30.0,15.0,0,0.78039,24.69303
30.0,15.0,1,0.73205,36.67005
30.0,15.0,2,0.75416,21.80536
30.0,15.0,3,0.69963,33.12492
30.0,15.0,4,0.73698,9.41782
30.0,15.0,5,0.65836,14.70909
30.0,15.0,6,0.69505,2.69757
30.0,20.0,0,0.80818,23.20973
30.0,20.0,1,0.77284,32.38979
30.0,20.0,2,0.79316,23.20421
30.0,20.0,3,0.73802,32.72642
30.0,20.0,4,0.76032,8.59843
30.0,20.0,5,0.68114,16.33114
30.0,20.0,6,0.70963,4.0257
30.0,25.0,0,0.84971,23.46643
30.0,25.0,1,0.8111,34.73258
30.0,25.0,2,0.8308,19.72639
30.0,25.0,3,0.76628,32.91014
30.0,25.0,4,0.77565,7.85138
30.0,25.0,5,0.69297,13.72029
30.0,25.0,6,0.71204,2.05154
30.0,30.0,0,0.89285,23.84063
30.0,30.0,1,0.84339,31.72073
30.0,30.0,2,0.85892,19.95379
30.0,30.0,3,0.7768,32.88504
30.0,30.0,4,0.78771,7.93996
30.0,30.0,5,0.70211,14.08428
30.0,30.0,6,0.72234,3.6628
30.0,35.0,0,0.91962,22.82154
30.0,35.0,1,0.87148,31.35807
30.0,35.0,2,0.86912,18.75735
30.0,35.0,3,0.79161,31.14539
30.0,35.0,4,0.80629,8.27255
30.0,35.0,5,0.719,14.79601
30.0,35.0,6,0.74924,3.85125
30.0,40.0,0,0.94933,23.33706
30.0,40.0,1,0.896,31.43741
30.0,40.0,2,0.88772,18.65743
30.0,40.0,3,0.79515,29.60599
30.0,40.0,4,0.812,8.53233
30.0,40.0,5,0.74203,16.22066
30.0,40.0,6,0.79207,3.0791
30.0,45.0,0,0.9741,21.55238
30.0,45.0,1,0.91162,30.12677
30.0,45.0,2,0.90154,17.62247
30.0,45.0,3,0.81853,31.35873
30.0,45.0,4,0.83057,6.4956
30.0,45.0,5,0.77897,14.78155
30.0,45.0,6,0.83926,4.56008
30.0,50.0,0,0.99033,21.01161
30.0,50.0,1,0.92796,29.87352
30.0,50.0,2,0.90974,15.88588
30.0,50.0,3,0.84212,30.00593
30.0,50.0,4,0.86147,4.97604
30.0,50.0,5,0.82499,13.69733
30.0,50.0,6,0.87949,5.67552
30.0,55.0,0,1.02702,19.61872
30.0,55.0,1,0.92908,28.3217
30.0,55.0,2,0.92529,14.94417
30.0,55.0,3,0.84626,27.47219
30.0,55.0,4,0.89871,6.6702
30.0,55.0,5,0.86407,16.03124
30.0,55.0,6,0.92444,6.07633
30.0,60.0,0,1.0335,20.25721
30.0,60.0,1,0.94607,26.01241
30.0,60.0,2,0.93279,16.28678
30.0,60.0,3,0.87957,28.29601
30.0,60.0,4,0.93722,4.14263
30.0,60.0,5,0.90448,13.55858
30.0,60.0,6,0.94179,7.17776
30.0,65.0,0,1.03736,19.57696
30.0,65.0,1,0.95702,27.65469
30.0,65.0,2,0.94334,14.98701
30.0,65.0,3,0.90737,26.4451
30.0,65.0,4,0.96256,4.66487
30.0,65.0,5,0.92365,17.22544
30.0,65.0,6,0.94036,6.14385
30.0,70.0,0,1.05989,18.75283
30.0,70.0,1,0.95269,25.82673
30.0,70.0,2,0.95679,13.557
30.0,70.0,3,0.93174,25.51354
30.0,70.0,4,0.99912,2.71679
30.0,70.0,5,0.92305,13.01314
30.0,70.0,6,0.91904,9.13044
30.0,75.0,0,1.06227,17.5257
30.0,75.0,1,0.9612,26.16194
30.0,75.0,2,0.96892,11.91148
30.0,75.0,3,0.9506,27.24835
30.0,75.0,4,1.01406,3.52383
30.0,75.0,5,0.90832,16.84286
30.0,75.0,6,0.90199,7.50049
30.0,80.0,0,1.05544,17.17826
30.0,80.0,1,0.96016,25.39908
30.0,80.0,2,0.98556,10.8439
30.0,80.0,3,0.98242,25.60385
30.0,80.0,4,1.02141,3.30535
30.0,80.0,5,0.90553,17.02139
30.0,80.0,6,0.90667,8.51293
30.0,85.0,0,1.05962,17.23471
30.0,85.0,1,0.96496,25.35049
30.0,85.0,2,1.01121,9.60899
30.0,85.0,3,1.00246,25.97777
30.0,85.0,4,1.00295,3.85364
30.0,85.0,5,0.88913,15.72028
30.0,85.0,6,0.9283,8.26592
30.0,90.0,0,1.05774,15.87664
30.0,90.0,1,0.96584,21.96278
30.0,90.0,2,1.01677,10.2337
30.0,90.0,3,1.00441,26.67071
30.0,90.0,4,0.98923,4.556
30.0,90.0,5,0.87461,18.17936
30.0,90.0,6,0.95936,10.39532
30.0,95.0,0,1.04526,15.80183
30.0,95.0,1,0.96004,22.64216
30.0,95.0,2,1.03413,9.63702
30.0,95.0,3,0.99976,24.8695
30.0,95.0,4,0.96005,3.77601
30.0,95.0,5,0.8825,17.39978
30.0,95.0,6,0.98617,11.71004
30.0,100.0,0,1.03517,14.68209
30.0,100.0,1,0.95421,21.91137
30.0,100.0,2,1.04238,7.92585
30.0,100.0,3,0.98282,24.57136
30.0,100.0,4,0.94416,5.55826
30.0,100.0,5,0.90243,17.27344
30.0,100.0,6,0.99138,11.71151
30.0,105.0,0,1.0176,12.135
30.0,105.0,1,0.95968,19.36545
30.0,105.0,2,1.04517,8.60711
30.0,105.0,3,0.96239,24.16423
30.0,105.0,4,0.93276,5.37161
30.0,105.0,5,0.91175,19.20816
30.0,105.0,6,0.98169,12.41143
30.0,110.0,0,1.00891,11.67622
30.0,110.0,1,0.95723,19.05377
30.0,110.0,2,1.02731,7.391
30.0,110.0,3,0.925,25.35189
30.0,110.0,4,0.92706,4.17573
30.0,110.0,5,0.93517,19.68732
30.0,110.0,6,0.95248,13.6472
30.0,115.0,0,0.98671,13.42378
30.0,115.0,1,0.95879,18.93718
30.0,115.0,2,1.02844,4.90245
30.0,115.0,3,0.89879,23.51014
30.0,115.0,4,0.93019,6.44639
30.0,115.0,5,0.92344,21.22133
30.0,115.0,6,0.89773,13.34382
30.0,120.0,0,0.96656,11.70669
30.0,120.0,1,0.94131,18.28931
30.0,120.0,2,0.99907,6.86095
30.0,120.0,3,0.87146,22.52361
30.0,120.0,4,0.9308,5.19024
30.0,120.0,5,0.90095,21.46994
30.0,120.0,6,0.87705,15.76633
30.0,125.0,0,0.9433,8.68706
30.0,125.0,1,0.93922,16.33637
30.0,125.0,2,0.96822,5.7623
30.0,125.0,3,0.84837,23.85153
30.0,125.0,4,0.92908,4.96816
30.0,125.0,5,0.86597,20.99303
30.0,125.0,6,0.8384,16.07566
30.0,130.0,0,0.91337,10.27477
30.0,130.0,1,0.93123,19.01263
30.0,130.0,2,0.94131,4.91285
30.0,130.0,3,0.83875,22.26355
30.0,130.0,4,0.92816,6.52947
30.0,130.0,5,0.81998,22.67277
30.0,130.0,6,0.84404,15.26806
30.0,135.0,0,0.88168,9.54156
30.0,135.0,1,0.9162,16.94483
30.0,135.0,2,0.90806,5.40818
30.0,135.0,3,0.8125,22.35769
30.0,135.0,4,0.9129,7.03478
30.0,135.0,5,0.777,21.80549
30.0,135.0,6,0.83513,15.08641
30.0,140.0,0,0.86784,7.34936
30.0,140.0,1,0.89284,14.7274
30.0,140.0,2,0.86381,4.94075
30.0,140.0,3,0.80119,23.18736
30.0,140.0,4,0.87655,8.62622
30.0,140.0,5,0.74306,22.72601
30.0,140.0,6,0.84061,18.95494
30.0,145.0,0,0.84146,8.59358
30.0,145.0,1,0.86578,15.48494
30.0,145.0,2,0.82676,5.7535
30.0,145.0,3,0.79693,25.59898
30.0,145.0,4,0.84091,9.21019
30.0,145.0,5,0.70665,24.06456
30.0,145.0,6,0.82862,18.21912
30.0,150.0,0,0.82002,6.59722
30.0,150.0,1,0.84025,14.67196
30.0,150.0,2,0.78548,5.78681
30.0,150.0,3,0.7783,25.27441
30.0,150.0,4,0.78173,9.70101
30.0,150.0,5,0.70191,23.42881
30.0,150.0,6,0.79109,19.65255
30.0,155.0,0,0.78675,6.34372
30.0,155.0,1,0.81576,15.90414
30.0,155.0,2,0.75068,6.24334
30.0,155.0,3,0.77068,25.15415
30.0,155.0,4,0.73812,11.01026
30.0,155.0,5,0.69726,25.3807
30.0,155.0,6,0.74343,18.60167
30.0,160.0,0,0.76528,4.64664
30.0,160.0,1,0.77074,16.64929
30.0,160.0,2,0.71666,3.90063
30.0,160.0,3,0.73748,26.39826
30.0,160.0,4,0.68858,11.03913
30.0,160.0,5,0.68455,26.99658
30.0,160.0,6,0.67495,20.44474
30.0,165.0,0,0.73701,4.78147
30.0,165.0,1,0.73191,15.16188
30.0,165.0,2,0.69265,5.19794
30.0,165.0,3,0.705,27.15699
30.0,165.0,4,0.64525,11.49003
30.0,165.0,5,0.66197,25.84019
30.0,165.0,6,0.63263,23.13119
30.0,170.0,0,0.6951,2.8816
30.0,170.0,1,0.69519,15.52923
30.0,170.0,2,0.6659,7.50254
30.0,170.0,3,0.66244,26.96474
30.0,170.0,4,0.63058,12.05055
30.0,170.0,5,0.62425,28.25659
30.0,170.0,6,0.58654,21.39917
30.0,175.0,0,0.67465,5.01974
30.0,175.0,1,0.645,12.92934
30.0,175.0,2,0.63418,5.06576
30.0,175.0,3,0.61015,26.00513
30.0,175.0,4,0.60762,12.93846
30.0,175.0,5,0.57997,28.42765
30.0,175.0,6,0.56625,21.48156
30.0,180.0,0,0.64711,2.05443
30.0,180.0,1,0.60255,12.33329
30.0,180.0,2,0.62521,5.33426
30.0,180.0,3,0.55913,28.14973
30.0,180.0,4,0.5861,13.37164
30.0,180.0,5,0.51487,30.06797
30.0,180.0,6,0.55309,25.37125
35.0,0.0,0,0.65141,25.83856
35.0,0.0,1,0.58323,38.05222
35.0,0.0,2,0.61332,23.86157
35.0,0.0,3,0.53518,37.35118
35.0,0.0,4,0.5884,11.69549
35.0,0.0,5,0.52231,15.18826
35.0,0.0,6,0.58728,0.71102
35.0,5.0,0,0.6917,26.74033
35.0,5.0,1,0.64025,35.75097
35.0,5.0,2,0.6529,24.68864
35.0,5.0,3,0.59452,36.56543
35.0,5.0,4,0.63311,9.47187
35.0,5.0,5,0.57847,14.84201
35.0,5.0,6,0.64386,2.49584
35.0,10.0,0,0.73262,25.05429
35.0,10.0,1,0.68155,37.98199
35.0,10.0,2,0.69516,23.51753
35.0,10.0,3,0.63432,37.18012
35.0,10.0,4,0.68771,10.94251
35.0,10.0,5,0.63516,15.13256
35.0,10.0,6,0.69215,0.95762
35.0,15.0,0,0.78097,27.05463
35.0,15.0,1,0.71916,35.41403
35.0,15.0,2,0.74283,22.92732
35.0,15.0,3,0.69401,32.61666
35.0,15.0,4,0.71981,7.1447
35.0,15.0,5,0.66659,14.48512
35.0,15.0,6,0.73062,2.57708
35.0,20.0,0,0.81567,25.43989
35.0,20.0,1,0.77138,36.44168
35.0,20.0,2,0.77907,21.30602
35.0,20.0,3,0.72362,32.3866
35.0,20.0,4,0.74775,9.03988
35.0,20.0,5,0.69082,13.79516
35.0,20.0,6,0.73498,1.63813
35.0,25.0,0,0.84775,25.8651
35.0,25.0,1,0.7901,35.46193
35.0,25.0,2,0.81175,20.86192
35.0,25.0,3,0.74604,33.19281
35.0,25.0,4,0.78098,7.15472
35.0,25.0,5,0.69659,13.7719
35.0,25.0,6,0.73772,0.36726
35.0,30.0,0,0.8819,24.79156
35.0,30.0,1,0.83771,34.86586
35.0,30.0,2,0.82989,18.17206
35.0,30.0,3,0.77253,31.59386
35.0,30.0,4,0.77103,6.73523
35.0,30.0,5,0.71449,14.1449
35.0,30.0,6,0.7599,3.70803
35.0,35.0,0,0.91484,25.92065
35.0,35.0,1,0.85219,33.93303
35.0,35.0,2,0.86199,19.69885
35.0,35.0,3,0.77959,33.18548
35.0,35.0,4,0.78578,6.24295
35.0,35.0,5,0.72205,13.39919
35.0,35.0,6,0.77916,2.58849
35.0,40.0,0,0.93952,24.9809
35.0,40.0,1,0.88065,31.44756
35.0,40.0,2,0.87984,17.84051
35.0,40.0,3,0.78583,31.06882
35.0,40.0,4,0.79964,5.5396
35.0,40.0,5,0.74354,13.74279
35.0,40.0,6,0.816,3.8395
35.0,45.0,0,0.96835,25.27945
35.0,45.0,1,0.9048,32.64489
35.0,45.0,2,0.88761,16.45834
35.0,45.0,3,0.79755,30.31816
35.0,45.0,4,0.82879,5.39726
35.0,45.0,5,0.78271,13.93007
35.0,45.0,6,0.8719,3.38095
35.0,50.0,0,0.98974,22.62023
35.0,50.0,1,0.91807,30.70774
35.0,50.0,2,0.9093,15.79954
35.0,50.0,3,0.81396,28.33197
35.0,50.0,4,0.85466,7.31142
35.0,50.0,5,0.81815,13.28085
35.0,50.0,6,0.91483,4.04288
35.0,55.0,0,1.01187,23.19709
35.0,55.0,1,0.92399,31.41185
35.0,55.0,2,0.91172,15.63114
35.0,55.0,3,0.82146,27.98625
35.0,55.0,4,0.88762,4.16011
35.0,55.0,5,0.87971,12.05017
35.0,55.0,6,0.96163,4.2777
35.0,60.0,0,1.03414,21.46923
35.0,60.0,1,0.93121,29.99537
35.0,60.0,2,0.92607,15.09187
35.0,60.0,3,0.863,28.094
35.0,60.0,4,0.92324,5.40914
35.0,60.0,5,0.91388,13.68071
35.0,60.0,6,0.96955,4.98402
35.0,65.0,0,1.04972,21.50336
35.0,65.0,1,0.94158,29.56039
35.0,65.0,2,0.92036,14.49443
35.0,65.0,3,0.88196,26.72967
35.0,65.0,4,0.96797,4.96766
35.0,65.0,5,0.93076,14.86134
35.0,65.0,6,0.9553,5.8711
35.0,70.0,0,1.04824,21.5726
35.0,70.0,1,0.95489,28.0724
35.0,70.0,2,0.93746,12.33134
35.0,70.0,3,0.91028,25.89108
35.0,70.0,4,0.98611,3.45225
35.0,70.0,5,0.93173,13.46183
35.0,70.0,6,0.94612,5.33362
35.0,75.0,0,1.06258,20.04671
35.0,75.0,1,0.94729,27.2989
35.0,75.0,2,0.95752,12.28163
35.0,75.0,3,0.93672,25.60872
35.0,75.0,4,1.00372,5.40609
35.0,75.0,5,0.92,14.01353
35.0,75.0,6,0.93683,6.76859
35.0,80.0,0,1.06394,19.31357
35.0,80.0,1,0.94888,27.59729
35.0,80.0,2,0.97917,12.09423
35.0,80.0,3,0.95874,26.08952
35.0,80.0,4,1.00244,5.64287
35.0,80.0,5,0.91223,13.64222
35.0,80.0,6,0.94384,6.11482
35.0,85.0,0,1.05281,20.04614
35.0,85.0,1,0.94468,23.51012
35.0,85.0,2,0.98368,11.80176
35.0,85.0,3,0.97962,24.41949
35.0,85.0,4,0.98921,3.90524
35.0,85.0,5,0.8888,15.86656
35.0,85.0,6,0.94824,8.34947
35.0,90.0,0,1.04792,18.24617
35.0,90.0,1,0.95259,24.98097
35.0,90.0,2,0.99912,11.51659
35.0,90.0,3,0.97803,25.54981
35.0,90.0,4,0.98039,3.89459
35.0,90.0,5,0.88807,15.90363
35.0,90.0,6,0.98544,9.29986
35.0,95.0,0,1.04199,17.10226
35.0,95.0,1,0.96203,23.0747
35.0,95.0,2,1.01176,10.7478
35.0,95.0,3,0.98472,25.70002
35.0,95.0,4,0.96462,5.90098
35.0,95.0,5,0.89103,17.13802
35.0,95.0,6,1.00413,9.6081
35.0,100.0,0,1.02581,16.82741
35.0,100.0,1,0.95277,23.49868
35.0,100.0,2,1.02352,9.10524
35.0,100.0,3,0.96966,25.83646
35.0,100.0,4,0.93858,3.00003
35.0,100.0,5,0.90906,17.75917
35.0,100.0,6,1.01736,9.68903
35.0,105.0,0,1.02005,16.95933
35.0,105.0,1,0.94505,21.22454
35.0,105.0,2,1.02435,7.8096
35.0,105.0,3,0.94361,22.95199
35.0,105.0,4,0.93364,4.62487
35.0,105.0,5,0.92383,18.22465
35.0,105.0,6,1.00921,11.20967
35.0,110.0,0,1.00285,14.25581
35.0,110.0,1,0.95641,20.16687
35.0,110.0,2,1.0177,7.6996
35.0,110.0,3,0.90876,25.19242
35.0,110.0,4,0.92843,6.5607
35.0,110.0,5,0.9369,16.41187
35.0,110.0,6,0.96718,10.64808
35.0,115.0,0,0.9775,14.36096
35.0,115.0,1,0.94501,20.60285
35.0,115.0,2,0.99904,8.77995
35.0,115.0,3,0.88398,22.35818
35.0,115.0,4,0.92493,4.8306
35.0,115.0,5,0.94012,17.35232
35.0,115.0,6,0.93689,12.12067
35.0,120.0,0,0.95096,11.73977
35.0,120.0,1,0.93035,19.64452
35.0,120.0,2,0.99137,8.11955
35.0,120.0,3,0.86354,24.71875
35.0,120.0,4,0.93306,6.15003
35.0,120.0,5,0.9123,20.01311
35.0,120.0,6,0.895,13.46584
35.0,125.0,0,0.93606,12.0722
35.0,125.0,1,0.92444,19.01381
35.0,125.0,2,0.95617,8.32804
35.0,125.0,3,0.82873,23.27303
35.0,125.0,4,0.92925,5.96488
35.0,125.0,5,0.87031,20.1934
35.0,125.0,6,0.87463,14.20237
35.0,130.0,0,0.9216,13.13931
35.0,130.0,1,0.92244,18.40596
35.0,130.0,2,0.91871,5.96188
35.0,130.0,3,0.81339,22.73935
35.0,130.0,4,0.92285,6.40426
35.0,130.0,5,0.82713,21.32278
35.0,130.0,6,0.86619,12.96552
35.0,135.0,0,0.88396,11.97548
35.0,135.0,1,0.90064,19.34353
35.0,135.0,2,0.88633,7.04973
35.0,135.0,3,0.79552,24.75596
35.0,135.0,4,0.90698,7.63752
35.0,135.0,5,0.7868,21.79125
35.0,135.0,6,0.85759,16.31744
35.0,140.0,0,0.87096,9.06539
35.0,140.0,1,0.88675,16.3152
35.0,140.0,2,0.84685,6.99278
35.0,140.0,3,0.77566,25.03058
35.0,140.0,4,0.87194,8.84935
35.0,140.0,5,0.74326,22.28692
35.0,140.0,6,0.86724,16.55209
35.0,145.0,0,0.83625,10.30471
35.0,145.0,1,0.85203,16.57273
35.0,145.0,2,0.80965,5.69661
35.0,145.0,3,0.78139,24.32206
35.0,145.0,4,0.82636,9.09156
35.0,145.0,5,0.73011,23.04903
35.0,145.0,6,0.85874,16.78375
35.0,150.0,0,0.81418,8.37999
35.0,150.0,1,0.83396,16.95924
35.0,150.0,2,0.76603,5.83138
35.0,150.0,3,0.76316,25.65153
35.0,150.0,4,0.7924,9.32544
35.0,150.0,5,0.71663,26.03773
35.0,150.0,6,0.8173,17.30263
35.0,155.0,0,0.79286,6.24146
35.0,155.0,1,0.80509,16.02406
35.0,155.0,2,0.73788,6.78713
35.0,155.0,3,0.73762,26.5448
35.0,155.0,4,0.73115,7.75777
35.0,155.0,5,0.69181,25.05525
35.0,155.0,6,0.76786,18.84759
35.0,160.0,0,0.76065,5.97109
35.0,160.0,1,0.75945,16.94668
35.0,160.0,2,0.69049,3.84312
35.0,160.0,3,0.72644,26.4984
35.0,160.0,4,0.69033,11.53534
35.0,160.0,5,0.69582,26.00849
35.0,160.0,6,0.70119,18.73485
35.0,165.0,0,0.73724,6.52098
35.0,165.0,1,0.72628,16.97182
35.0,165.0,2,0.67322,8.62533
35.0,165.0,3,0.68382,26.48328
35.0,165.0,4,0.64733,12.33556
35.0,165.0,5,0.66905,27.44354
35.0,165.0,6,0.64575,20.77857
35.0,170.0,0,0.70989,5.89206
35.0,170.0,1,0.68021,15.39524
35.0,170.0,2,0.64412,8.6757
35.0,170.0,3,0.64555,26.91517
35.0,170.0,4,0.61547,12.77575
35.0,170.0,5,0.63285,26.20812
35.0,170.0,6,0.61996,20.53859
35.0,175.0,0,0.67532,3.40693
35.0,175.0,1,0.63834,15.89461
35.0,175.0,2,0.62902,7.41656
35.0,175.0,3,0.58723,29.33591
35.0,175.0,4,0.59844,12.75132
35.0,175.0,5,0.59008,28.53092
35.0,175.0,6,0.59606,21.25146
35.0,180.0,0,0.65002,4.37941
35.0,180.0,1,0.59358,14.70623
35.0,180.0,2,0.60661,7.28219
35.0,180.0,3,0.54752,29.15262
35.0,180.0,4,0.58173,15.08011
35.0,180.0,5,0.52889,31.98376
35.0,180.0,6,0.59113,23.64348
40.0,0.0,0,0.63975,27.79894
40.0,0.0,1,0.58141,39.1877
40.0,0.0,2,0.59262,26.19509
40.0,0.0,3,0.52913,38.95109
40.0,0.0,4,0.58589,11.44032
40.0,0.0,5,0.55116,14.85628
40.0,0.0,6,0.62108,1.89006
40.0,5.0,0,0.68649,28.69216
40.0,5.0,1,0.63241,36.95606
40.0,5.0,2,0.63486,23.90728
40.0,5.0,3,0.58819,34.49377
40.0,5.0,4,0.63724,9.95535
40.0,5.0,5,0.60627,12.48739
40.0,5.0,6,0.68957,-0.70176
40.0,10.0,0,0.72599,29.04296
40.0,10.0,1,0.66737,37.12462
40.0,10.0,2,0.68068,23.6986
40.0,10.0,3,0.63476,36.32385
40.0,10.0,4,0.68721,9.38898
40.0,10.0,5,0.64758,13.91578
40.0,10.0,6,0.73324,0.99497
40.0,15.0,0,0.76094,26.85165
40.0,15.0,1,0.70379,36.9337
40.0,15.0,2,0.73411,21.72858
40.0,15.0,3,0.67755,33.63533
40.0,15.0,4,0.73207,7.85347
40.0,15.0,5,0.68282,12.68987
40.0,15.0,6,0.75686,-0.58373
40.0,20.0,0,0.80386,28.01892
40.0,20.0,1,0.75348,36.10647
40.0,20.0,2,0.76864,22.69755
40.0,20.0,3,0.71596,35.19789
40.0,20.0,4,0.76406,7.4005
40.0,20.0,5,0.71549,12.80787
40.0,20.0,6,0.77308,0.68154
40.0,25.0,0,0.84518,27.19381
40.0,25.0,1,0.79213,35.50407
40.0,25.0,2,0.79517,20.63356
40.0,25.0,3,0.72915,33.40615
40.0,25.0,4,0.7778,7.00882
40.0,25.0,5,0.71906,14.1256
40.0,25.0,6,0.77426,-0.41306
40.0,30.0,0,0.87846,27.69467
40.0,30.0,1,0.82069,36.74823
40.0,30.0,2,0.82886,21.08584
40.0,30.0,3,0.74493,30.97329
40.0,30.0,4,0.79097,7.89512
40.0,30.0,5,0.73338,13.26177
40.0,30.0,6,0.78655,0.47007
40.0,35.0,0,0.90821,27.37868
40.0,35.0,1,0.85086,33.50917
40.0,35.0,2,0.83901,20.40506
40.0,35.0,3,0.76313,32.66785
40.0,35.0,4,0.79349,5.05838
40.0,35.0,5,0.74069,11.63615
40.0,35.0,6,0.80671,1.35091
40.0,40.0,0,0.93862,25.14751
40.0,40.0,1,0.86067,34.424
40.0,40.0,2,0.8619,17.09829
40.0,40.0,3,0.78259,29.93351
40.0,40.0,4,0.81469,5.77771
40.0,40.0,5,0.76459,12.9012
40.0,40.0,6,0.85707,-0.19821
40.0,45.0,0,0.97003,26.33182
40.0,45.0,1,0.88995,32.0767
40.0,45.0,2,0.86977,19.35627
40.0,45.0,3,0.79277,29.91896
40.0,45.0,4,0.83548,5.9039
40.0,45.0,5,0.80963,13.01378
40.0,45.0,6,0.90485,1.39367
40.0,50.0,0,0.99543,24.89958
40.0,50.0,1,0.90697,29.86784
40.0,50.0,2,0.87703,16.22354
40.0,50.0,3,0.81147,26.98691
40.0,50.0,4,0.85645,5.75642
40.0,50.0,5,0.8477,12.04994
40.0,50.0,6,0.95357,-0.16199
40.0,55.0,0,1.01058,25.94454
40.0,55.0,1,0.92226,31.58759
40.0,55.0,2,0.89176,17.71728
40.0,55.0,3,0.81726,28.55642
40.0,55.0,4,0.89681,3.32569
40.0,55.0,5,0.89358,13.10411
40.0,55.0,6,0.99766,1.23346
40.0,60.0,0,1.03177,25.89723
40.0,60.0,1,0.93011,30.84338
40.0,60.0,2,0.90173,14.70165
40.0,60.0,3,0.85222,26.25285
40.0,60.0,4,0.92942,3.7717
40.0,60.0,5,0.93289,12.00432
40.0,60.0,6,1.00778,0.98417
40.0,65.0,0,1.02891,23.35537
40.0,65.0,1,0.92539,30.56273
40.0,65.0,2,0.91608,15.8375
40.0,65.0,3,0.86759,26.28688
40.0,65.0,4,0.96345,4.10407
40.0,65.0,5,0.95211,13.3241
40.0,65.0,6,0.99377,5.23233
40.0,70.0,0,1.04875,23.19419
40.0,70.0,1,0.92447,28.17899
40.0,70.0,2,0.93097,13.73151
40.0,70.0,3,0.89944,25.3514
40.0,70.0,4,0.99284,4.53438
40.0,70.0,5,0.95645,14.02763
40.0,70.0,6,0.9779,4.50074
40.0,75.0,0,1.05296,22.20515
40.0,75.0,1,0.93123,28.24407
40.0,75.0,2,0.94275,12.00367
40.0,75.0,3,0.93885,25.98371
40.0,75.0,4,1.00339,4.83851
40.0,75.0,5,0.94105,13.51716
40.0,75.0,6,0.96385,5.66876
40.0,80.0,0,1.05516,21.20703
40.0,80.0,1,0.93538,26.28288
40.0,80.0,2,0.96508,12.54972
40.0,80.0,3,0.95887,24.5627
40.0,80.0,4,1.01204,2.52731
40.0,80.0,5,0.93213,11.58123
40.0,80.0,6,0.97856,3.94376
40.0,85.0,0,1.05314,20.62719
40.0,85.0,1,0.93955,26.5138
40.0,85.0,2,0.9829,11.02858
40.0,85.0,3,0.96445,26.24426
40.0,85.0,4,1.005,4.95161
40.0,85.0,5,0.91717,13.48074
40.0,85.0,6,0.99259,6.38932
40.0,90.0,0,1.04945,19.97921
40.0,90.0,1,0.9363,25.54223
40.0,90.0,2,0.99782,10.66566
40.0,90.0,3,0.98028,23.4311
40.0,90.0,4,0.97884,2.19841
40.0,90.0,5,0.91458,13.96271
40.0,90.0,6,1.01934,7.97561
40.0,95.0,0,1.03947,17.56687
40.0,95.0,1,0.93483,23.24432
40.0,95.0,2,1.00583,10.67313
40.0,95.0,3,0.96344,24.47668
40.0,95.0,4,0.96478,4.74694
40.0,95.0,5,0.92662,14.21238
40.0,95.0,6,1.0488,8.4286
40.0,100.0,0,1.02783,15.51117
40.0,100.0,1,0.93274,26.02864
40.0,100.0,2,1.00539,10.45106
40.0,100.0,3,0.94894,26.29865
40.0,100.0,4,0.94736,3.22523
40.0,100.0,5,0.92447,16.20338
40.0,100.0,6,1.05943,7.9611
40.0,105.0,0,1.01644,17.49729
40.0,105.0,1,0.93938,23.64976
40.0,105.0,2,1.00413,9.00088
40.0,105.0,3,0.9321,24.1936
40.0,105.0,4,0.93747,2.96821
40.0,105.0,5,0.94894,18.53079
40.0,105.0,6,1.04436,9.93201
40.0,110.0,0,0.99429,16.17472
40.0,110.0,1,0.93879,21.83064
40.0,110.0,2,0.99944,7.86116
40.0,110.0,3,0.89621,25.1267
40.0,110.0,4,0.92889,5.64871
40.0,110.0,5,0.95769,17.05556
40.0,110.0,6,1.00414,9.75125
40.0,115.0,0,0.98141,14.98352
40.0,115.0,1,0.92404,22.43402
40.0,115.0,2,0.98615,9.46203
40.0,115.0,3,0.87144,23.31498
40.0,115.0,4,0.92291,4.43889
40.0,115.0,5,0.95512,17.96898
40.0,115.0,6,0.97356,10.97562
40.0,120.0,0,0.95768,15.32902
40.0,120.0,1,0.92462,20.39427
40.0,120.0,2,0.9697,7.83265
40.0,120.0,3,0.83661,22.73964
40.0,120.0,4,0.9321,5.23527
40.0,120.0,5,0.9288,18.29076
40.0,120.0,6,0.93368,12.64875
40.0,125.0,0,0.93919,13.99532
40.0,125.0,1,0.91995,20.72641
40.0,125.0,2,0.934,9.66859
40.0,125.0,3,0.81603,24.69502
40.0,125.0,4,0.92878,4.96858
40.0,125.0,5,0.90029,17.94469
40.0,125.0,6,0.90613,9.90548
40.0,130.0,0,0.91548,12.60021
40.0,130.0,1,0.90214,20.7014
40.0,130.0,2,0.90886,5.05567
40.0,130.0,3,0.80489,23.01046
40.0,130.0,4,0.92011,5.32855
40.0,130.0,5,0.8406,18.85005
40.0,130.0,6,0.8999,13.97756
40.0,135.0,0,0.89458,11.64827
40.0,135.0,1,0.89984,19.01694
40.0,135.0,2,0.87918,7.68799
40.0,135.0,3,0.78831,21.97136
40.0,135.0,4,0.91203,5.26015
40.0,135.0,5,0.80733,18.60466
40.0,135.0,6,0.89314,12.40319
40.0,140.0,0,0.85642,10.38151
40.0,140.0,1,0.87311,19.1424
40.0,140.0,2,0.83554,8.30424
40.0,140.0,3,0.78005,24.9824
40.0,140.0,4,0.87553,8.67769
40.0,140.0,5,0.76733,19.22772
40.0,140.0,6,0.89874,16.08855
40.0,145.0,0,0.83628,10.23247
40.0,145.0,1,0.85393,18.31011
40.0,145.0,2,0.79406,7.1419
40.0,145.0,3,0.77367,25.1456
40.0,145.0,4,0.83374,8.27361
40.0,145.0,5,0.74041,21.80096
40.0,145.0,6,0.8983,15.74804
40.0,150.0,0,0.81758,9.48633
40.0,150.0,1,0.81867,17.01875
40.0,150.0,2,0.7556,8.13853
40.0,150.0,3,0.75164,24.88898
40.0,150.0,4,0.7766,9.56582
40.0,150.0,5,0.73384,22.99132
40.0,150.0,6,0.86072,17.11791
40.0,155.0,0,0.78347,7.7115
40.0,155.0,1,0.78725,16.40694
40.0,155.0,2,0.72128,7.95715
40.0,155.0,3,0.73346,23.87992
40.0,155.0,4,0.73809,10.18366
40.0,155.0,5,0.72687,22.37987
40.0,155.0,6,0.80108,18.04739
40.0,160.0,0,0.76202,9.51617
40.0,160.0,1,0.74166,18.60471
40.0,160.0,2,0.684,6.45627
40.0,160.0,3,0.71359,25.56503
40.0,160.0,4,0.68313,10.23471
40.0,160.0,5,0.71181,24.45807
40.0,160.0,6,0.74135,16.93947
40.0,165.0,0,0.72687,7.70866
40.0,165.0,1,0.71043,17.17067
40.0,165.0,2,0.66759,5.99038
40.0,165.0,3,0.67632,26.84814
40.0,165.0,4,0.64178,10.41548
40.0,165.0,5,0.6901,25.13065
40.0,165.0,6,0.68749,18.26086
40.0,170.0,0,0.70546,6.03596
40.0,170.0,1,0.67238,17.18375
40.0,170.0,2,0.63625,6.01068
40.0,170.0,3,0.6263,26.64423
40.0,170.0,4,0.61468,10.78734
40.0,170.0,5,0.66282,25.20956
40.0,170.0,6,0.65428,20.63667
40.0,175.0,0,0.68078,8.81187
40.0,175.0,1,0.63082,16.43831
40.0,175.0,2,0.60425,7.41208
40.0,175.0,3,0.58333,29.31764
40.0,175.0,4,0.60225,12.52279
40.0,175.0,5,0.60139,25.8382
40.0,175.0,6,0.62788,20.26018
40.0,180.0,0,0.65072,6.7961
40.0,180.0,1,0.58088,16.96257
40.0,180.0,2,0.58463,7.2751
40.0,180.0,3,0.53036,28.41202
40.0,180.0,4,0.58611,12.93189
40.0,180.0,5,0.54158,27.85931
40.0,180.0,6,0.61463,21.06862
45.0,0.0,0,0.63136,31.51261
45.0,0.0,1,0.5649,41.28868
45.0,0.0,2,0.58068,27.37897
45.0,0.0,3,0.53505,35.95466
45.0,0.0,4,0.59448,9.08345
45.0,0.0,5,0.57475,14.36982
45.0,0.0,6,0.64744,-2.17079
45.0,5.0,0,0.67461,29.84858
45.0,5.0,1,0.60735,41.45273
45.0,5.0,2,0.62516,25.05318
45.0,5.0,3,0.58327,34.97252
45.0,5.0,4,0.6497,9.04312
45.0,5.0,5,0.63826,13.30603
45.0,5.0,6,0.71234,-3.91235
45.0,10.0,0,0.72321,28.63925
45.0,10.0,1,0.6572,38.80044
45.0,10.0,2,0.67169,26.49721
45.0,10.0,3,0.62777,34.03836
45.0,10.0,4,0.70103,8.42298
45.0,10.0,5,0.69343,11.56999
45.0,10.0,6,0.76363,-1.52846
45.0,15.0,0,0.7663,29.43721
45.0,15.0,1,0.70228,36.87206
45.0,15.0,2,0.71227,23.92561
45.0,15.0,3,0.67907,34.96439
45.0,15.0,4,0.74198,7.90399
45.0,15.0,5,0.72321,12.41737
45.0,15.0,6,0.79455,-3.35557
45.0,20.0,0,0.80292,31.29704
45.0,20.0,1,0.74515,37.36161
45.0,20.0,2,0.75058,23.01037
45.0,20.0,3,0.69934,32.59324
45.0,20.0,4,0.77263,7.86234
45.0,20.0,5,0.7437,11.77287
45.0,20.0,6,0.8013,-2.94413
45.0,25.0,0,0.83738,28.35884
45.0,25.0,1,0.77686,35.96274
45.0,25.0,2,0.78094,23.43092
45.0,25.0,3,0.73036,33.38222
45.0,25.0,4,0.78623,5.61895
45.0,25.0,5,0.75066,10.06395
45.0,25.0,6,0.8118,-0.79622
45.0,30.0,0,0.88059,28.83404
45.0,30.0,1,0.80776,35.58457
45.0,30.0,2,0.81569,21.18052
45.0,30.0,3,0.74763,31.30602
45.0,30.0,4,0.7975,5.2624
45.0,30.0,5,0.75982,11.91329
45.0,30.0,6,0.82221,-1.99136
45.0,35.0,0,0.91098,28.0307
45.0,35.0,1,0.83272,34.16235
45.0,35.0,2,0.83525,22.37731
45.0,35.0,3,0.76574,32.30908
45.0,35.0,4,0.8166,6.84325
45.0,35.0,5,0.76899,11.31267
45.0,35.0,6,0.84051,-2.79122
45.0,40.0,0,0.94344,27.28697
45.0,40.0,1,0.86794,34.66443
45.0,40.0,2,0.84819,19.24378
45.0,40.0,3,0.77302,31.06993
45.0,40.0,4,0.82113,5.10886
45.0,40.0,5,0.79674,11.48944
45.0,40.0,6,0.87878,-0.58741
45.0,45.0,0,0.96757,26.8201
45.0,45.0,1,0.88731,34.35562
45.0,45.0,2,0.85358,18.59507
45.0,45.0,3,0.78728,29.54809
45.0,45.0,4,0.83186,4.88247
45.0,45.0,5,0.83116,10.88488
45.0,45.0,6,0.92431,1.20336
45.0,50.0,0,0.99626,26.81409
45.0,50.0,1,0.88836,33.78371
45.0,50.0,2,0.88018,19.18807
45.0,50.0,3,0.81018,27.34809
45.0,50.0,4,0.87573,3.64973
45.0,50.0,5,0.87741,11.59066
45.0,50.0,6,0.98513,-1.11059
45.0,55.0,0,0.99719,25.89916
45.0,55.0,1,0.90399,35.02403
45.0,55.0,2,0.87507,18.57957
45.0,55.0,3,0.81487,29.51893
45.0,55.0,4,0.90916,5.18335
45.0,55.0,5,0.9267,11.87268
45.0,55.0,6,1.01831,-0.56792
45.0,60.0,0,1.03153,27.61342
45.0,60.0,1,0.91934,34.05024
45.0,60.0,2,0.88458,16.37451
45.0,60.0,3,0.83882,28.12621
45.0,60.0,4,0.93839,3.70737
45.0,60.0,5,0.96467,12.6488
45.0,60.0,6,1.03463,3.20543
45.0,65.0,0,1.0308,25.62228
45.0,65.0,1,0.93133,29.7476
45.0,65.0,2,0.90002,15.81549
45.0,65.0,3,0.87617,27.78601
45.0,65.0,4,0.97494,2.68983
45.0,65.0,5,0.98103,12.32073
45.0,65.0,6,1.03653,1.59152
45.0,70.0,0,1.03915,23.10571
45.0,70.0,1,0.92916,31.46563
45.0,70.0,2,0.91187,13.68603
45.0,70.0,3,0.89375,26.53926
45.0,70.0,4,0.99906,2.32258
45.0,70.0,5,0.98606,9.72982
45.0,70.0,6,1.01605,1.19759
45.0,75.0,0,1.05307,21.60679
45.0,75.0,1,0.93298,27.85072
45.0,75.0,2,0.92955,14.72639
45.0,75.0,3,0.92459,26.07636
45.0,75.0,4,1.0237,2.7022
45.0,75.0,5,0.98266,10.71429
45.0,75.0,6,1.00777,4.44656
45.0,80.0,0,1.05387,22.03849
45.0,80.0,1,0.93116,29.22669
45.0,80.0,2,0.94965,11.44827
45.0,80.0,3,0.93929,26.8946
45.0,80.0,4,1.0294,3.15959
45.0,80.0,5,0.9591,13.02574
45.0,80.0,6,1.0142,4.22943
45.0,85.0,0,1.04437,22.4367
45.0,85.0,1,0.93982,27.69211
45.0,85.0,2,0.95811,13.72316
45.0,85.0,3,0.96237,25.18292
45.0,85.0,4,1.02493,4.10536
45.0,85.0,5,0.94116,13.5705
45.0,85.0,6,1.03122,5.69661
45.0,90.0,0,1.04294,21.61505
45.0,90.0,1,0.93959,25.32055
45.0,90.0,2,0.9732,11.15897
45.0,90.0,3,0.97439,25.58131
45.0,90.0,4,0.99862,4.06441
45.0,90.0,5,0.93754,12.39446
45.0,90.0,6,1.05153,3.11764
45.0,95.0,0,1.02765,20.85986
45.0,95.0,1,0.92907,25.39777
45.0,95.0,2,0.99531,11.9384
45.0,95.0,3,0.96529,24.51328
45.0,95.0,4,0.98178,5.46098
45.0,95.0,5,0.94177,13.48851
45.0,95.0,6,1.07425,6.11798
45.0,100.0,0,1.01709,19.65169
45.0,100.0,1,0.93743,25.08138
45.0,100.0,2,0.99224,11.29432
45.0,100.0,3,0.95352,23.64356
45.0,100.0,4,0.96361,3.43334
45.0,100.0,5,0.96691,14.93615
45.0,100.0,6,1.086,6.16321
45.0,105.0,0,1.0129,18.11883
45.0,105.0,1,0.9215,26.24098
45.0,105.0,2,0.99264,9.78702
45.0,105.0,3,0.92474,24.00085
45.0,105.0,4,0.93763,2.57139
45.0,105.0,5,0.98011,15.04608
45.0,105.0,6,1.06432,8.12729
45.0,110.0,0,0.99589,17.94773
45.0,110.0,1,0.91954,25.29773
45.0,110.0,2,1.00565,9.19441
45.0,110.0,3,0.88959,26.12831
45.0,110.0,4,0.94001,4.37231
45.0,110.0,5,0.98905,14.59475
45.0,110.0,6,1.0405,7.65675
45.0,115.0,0,0.97586,16.87684
45.0,115.0,1,0.92921,22.89492
45.0,115.0,2,0.98616,8.05195
45.0,115.0,3,0.87016,24.08502
45.0,115.0,4,0.9362,4.63388
45.0,115.0,5,0.98186,17.71959
45.0,115.0,6,1.00777,9.12457
45.0,120.0,0,0.95199,16.50268
45.0,120.0,1,0.9233,22.67625
45.0,120.0,2,0.9579,8.44205
45.0,120.0,3,0.8325,24.88424
45.0,120.0,4,0.94101,4.69769
45.0,120.0,5,0.96303,16.04103
45.0,120.0,6,0.96275,10.09447
45.0,125.0,0,0.93997,15.49864
45.0,125.0,1,0.90716,21.59692
45.0,125.0,2,0.92904,9.40669
45.0,125.0,3,0.81226,23.79984
45.0,125.0,4,0.9453,5.84695
45.0,125.0,5,0.92721,16.82232
45.0,125.0,6,0.9388,9.40158
45.0,130.0,0,0.90878,14.62468
45.0,130.0,1,0.88909,21.17915
45.0,130.0,2,0.90917,8.50896
45.0,130.0,3,0.79641,23.42543
45.0,130.0,4,0.94497,5.45549
45.0,130.0,5,0.87616,16.70286
45.0,130.0,6,0.93783,9.14144
45.0,135.0,0,0.88674,13.16249
45.0,135.0,1,0.88654,20.25181
45.0,135.0,2,0.85763,9.13917
45.0,135.0,3,0.77774,24.9882
45.0,135.0,4,0.92402,3.68854
45.0,135.0,5,0.82938,18.03489
45.0,135.0,6,0.93268,12.31461
45.0,140.0,0,0.85884,13.75767
45.0,140.0,1,0.85907,18.26712
45.0,140.0,2,0.80888,6.57564
45.0,140.0,3,0.76942,23.49932
45.0,140.0,4,0.89165,6.46896
45.0,140.0,5,0.78896,18.91182
45.0,140.0,6,0.93247,15.42215
45.0,145.0,0,0.83719,12.02237
45.0,145.0,1,0.83989,20.28742
45.0,145.0,2,0.77542,9.34831
45.0,145.0,3,0.75823,25.4615
45.0,145.0,4,0.85532,7.35225
45.0,145.0,5,0.77646,19.62214
45.0,145.0,6,0.92797,14.81193
45.0,150.0,0,0.81801,12.67555
45.0,150.0,1,0.80697,18.01028
45.0,150.0,2,0.73848,6.81964
45.0,150.0,3,0.75632,23.39272
45.0,150.0,4,0.79055,6.93866
45.0,150.0,5,0.75173,20.33909
45.0,150.0,6,0.89136,14.10782
45.0,155.0,0,0.78105,10.56367
45.0,155.0,1,0.7795,19.43748
45.0,155.0,2,0.70934,7.65412
45.0,155.0,3,0.72759,24.06372
45.0,155.0,4,0.74742,9.03704
45.0,155.0,5,0.7565,22.40949
45.0,155.0,6,0.83076,14.55299
45.0,160.0,0,0.75591,9.69274
45.0,160.0,1,0.73595,16.51459
45.0,160.0,2,0.66992,8.21925
45.0,160.0,3,0.70828,27.29855
45.0,160.0,4,0.70178,9.57193
45.0,160.0,5,0.7477,24.2882
45.0,160.0,6,0.77417,13.30413
45.0,165.0,0,0.72445,8.73019
45.0,165.0,1,0.70761,17.88669
45.0,165.0,2,0.64214,6.18602
45.0,165.0,3,0.67388,27.32889
45.0,165.0,4,0.65262,10.26981
45.0,165.0,5,0.71774,24.0549
45.0,165.0,6,0.73114,15.34164
45.0,170.0,0,0.69993,10.67301
45.0,170.0,1,0.65812,16.12424
45.0,170.0,2,0.60704,6.78545
45.0,170.0,3,0.63076,25.68493
45.0,170.0,4,0.63841,8.29745
45.0,170.0,5,0.6789,25.07351
45.0,170.0,6,0.68147,17.99039
45.0,175.0,0,0.67109,7.45253
45.0,175.0,1,0.61157,18.53606
45.0,175.0,2,0.59872,9.0352
45.0,175.0,3,0.58239,28.5077
45.0,175.0,4,0.61401,11.10767
45.0,175.0,5,0.63071,26.49173
45.0,175.0,6,0.65812,16.30738
45.0,180.0,0,0.64808,8.06959
45.0,180.0,1,0.56991,15.74594
45.0,180.0,2,0.5802,8.07077
45.0,180.0,3,0.5224,27.26487
45.0,180.0,4,0.59068,13.87624
45.0,180.0,5,0.57664,26.65555
45.0,180.0,6,0.65763,20.65538
50.0,0.0,0,0.63483,29.88149
50.0,0.0,1,0.56349,41.21247
50.0,0.0,2,0.57986,25.87085
50.0,0.0,3,0.54129,37.34338
50.0,0.0,4,0.61982,5.71451
50.0,0.0,5,0.61002,11.36259
50.0,0.0,6,0.65793,-2.8883
50.0,5.0,0,0.67595,29.94388
50.0,5.0,1,0.60287,41.18564
50.0,5.0,2,0.62584,26.58384
50.0,5.0,3,0.58737,35.67595
50.0,5.0,4,0.6656,6.99736
50.0,5.0,5,0.66654,11.13328
50.0,5.0,6,0.72558,-2.08919
50.0,10.0,0,0.72787,30.17057
50.0,10.0,1,0.65393,39.76552
50.0,10.0,2,0.67553,26.0069
50.0,10.0,3,0.63796,35.22035
50.0,10.0,4,0.72865,7.4958
50.0,10.0,5,0.72641,10.7689
50.0,10.0,6,0.76969,-3.78275
50.0,15.0,0,0.76577,29.35322
50.0,15.0,1,0.68283,38.84463
50.0,15.0,2,0.71245,24.81744
50.0,15.0,3,0.6616,34.44204
50.0,15.0,4,0.76065,5.8786
50.0,15.0,5,0.75209,12.84265
50.0,15.0,6,0.80023,-3.98106
50.0,20.0,0,0.78952,31.17429
50.0,20.0,1,0.73249,38.8087
50.0,20.0,2,0.74615,21.9842
50.0,20.0,3,0.70889,32.6877
50.0,20.0,4,0.7858,6.81538
50.0,20.0,5,0.77527,9.05837
50.0,20.0,6,0.81959,-3.21922
50.0,25.0,0,0.83904,30.93007
50.0,25.0,1,0.76698,37.60205
50.0,25.0,2,0.76917,21.56347
50.0,25.0,3,0.73533,32.17273
50.0,25.0,4,0.80153,5.19295
50.0,25.0,5,0.78462,11.12937
50.0,25.0,6,0.82686,-3.59735
50.0,30.0,0,0.87683,28.39177
50.0,30.0,1,0.80034,36.38809
50.0,30.0,2,0.81125,20.42209
50.0,30.0,3,0.75649,33.28192
50.0,30.0,4,0.81656,4.13185
50.0,30.0,5,0.78925,9.24914
50.0,30.0,6,0.82881,-4.06038
50.0,35.0,0,0.90886,30.24734
50.0,35.0,1,0.82215,35.43199
50.0,35.0,2,0.8233,21.14365
50.0,35.0,3,0.76633,30.65186
50.0,35.0,4,0.83837,5.45702
50.0,35.0,5,0.8063,8.84176
50.0,35.0,6,0.86738,-3.20917
50.0,40.0,0,0.93598,26.75096
50.0,40.0,1,0.85552,34.17498
50.0,40.0,2,0.83535,21.0519
50.0,40.0,3,0.77547,29.00721
50.0,40.0,4,0.84551,4.91025
50.0,40.0,5,0.82867,10.09451
50.0,40.0,6,0.8949,-2.57953
50.0,45.0,0,0.95875,26.77729
50.0,45.0,1,0.87181,34.61365
50.0,45.0,2,0.84859,19.16812
50.0,45.0,3,0.78662,29.87099
50.0,45.0,4,0.85914,3.97805
50.0,45.0,5,0.86131,9.79354
50.0,45.0,6,0.95141,-1.59187
50.0,50.0,0,0.99612,28.328
50.0,50.0,1,0.88917,33.39448
50.0,50.0,2,0.85811,18.62666
50.0,50.0,3,0.80821,27.2571
50.0,50.0,4,0.89,4.31843
50.0,50.0,5,0.90039,9.8422
50.0,50.0,6,0.99971,-0.05458
50.0,55.0,0,1.00238,26.73983
50.0,55.0,1,0.90467,35.11362
50.0,55.0,2,0.8723,19.40843
50.0,55.0,3,0.81947,27.90374
50.0,55.0,4,0.92345,1.82229
50.0,55.0,5,0.95601,9.13442
50.0,55.0,6,1.04496,-2.16968
50.0,60.0,0,1.02036,24.90755
50.0,60.0,1,0.90663,32.23598
50.0,60.0,2,0.8767,16.84434
50.0,60.0,3,0.84379,25.97494
50.0,60.0,4,0.96891,2.49678
50.0,60.0,5,0.98762,11.06853
50.0,60.0,6,1.04951,-0.11643
50.0,65.0,0,1.03581,26.10968
50.0,65.0,1,0.91307,31.75328
50.0,65.0,2,0.88648,15.45753
50.0,65.0,3,0.88163,26.6168
50.0,65.0,4,1.01003,2.96573
50.0,65.0,5,1.00473,9.59557
50.0,65.0,6,1.04877,-0.32138
50.0,70.0,0,1.04194,26.12235
50.0,70.0,1,0.91152,32.05343
50.0,70.0,2,0.91392,14.64339
50.0,70.0,3,0.90088,26.21349
50.0,70.0,4,1.03416,1.76992
50.0,70.0,5,1.02158,9.73692
50.0,70.0,6,1.02793,-1.69467
50.0,75.0,0,1.04706,26.04959
50.0,75.0,1,0.91359,30.40391
50.0,75.0,2,0.91586,13.52171
50.0,75.0,3,0.93826,26.55767
50.0,75.0,4,1.03576,2.79108
50.0,75.0,5,1.00808,12.14686
50.0,75.0,6,1.02238,1.09224
50.0,80.0,0,1.04181,24.16447
50.0,80.0,1,0.917,27.91113
50.0,80.0,2,0.93986,13.05677
50.0,80.0,3,0.95374,25.67638
50.0,80.0,4,1.03816,1.38435
50.0,80.0,5,0.98558,9.93208
50.0,80.0,6,1.01649,1.48839
50.0,85.0,0,1.03608,22.83233
50.0,85.0,1,0.91533,27.84869
50.0,85.0,2,0.95054,12.66315
50.0,85.0,3,0.96858,26.54166
50.0,85.0,4,1.03347,1.49149
50.0,85.0,5,0.97117,12.6761
50.0,85.0,6,1.03185,0.94062
50.0,90.0,0,1.04174,22.99079
50.0,90.0,1,0.91122,28.73892
50.0,90.0,2,0.96181,11.08576
50.0,90.0,3,0.97938,25.52933
50.0,90.0,4,1.02324,2.04813
50.0,90.0,5,0.97312,10.62442
50.0,90.0,6,1.07815,1.10736
50.0,95.0,0,1.03242,23.27809
50.0,95.0,1,0.91379,26.55349
50.0,95.0,2,0.98137,13.30467
50.0,95.0,3,0.97289,25.1552
50.0,95.0,4,0.99719,2.55013
50.0,95.0,5,0.97823,13.52826
50.0,95.0,6,1.086,3.85968
50.0,100.0,0,1.01803,20.73212
50.0,100.0,1,0.92789,25.37848
50.0,100.0,2,0.99018,11.17207
50.0,100.0,3,0.95608,23.01173
50.0,100.0,4,0.97225,4.35103
50.0,100.0,5,0.99539,12.4335
50.0,100.0,6,1.09829,4.61421
50.0,105.0,0,1.00437,19.92373
50.0,105.0,1,0.92121,25.63879
50.0,105.0,2,0.98792,10.71523
50.0,105.0,3,0.92687,24.20437
50.0,105.0,4,0.96715,0.47294
50.0,105.0,5,1.00976,12.7084
50.0,105.0,6,1.08891,5.97288
50.0,110.0,0,0.98832,19.91835
50.0,110.0,1,0.90836,25.77273
50.0,110.0,2,0.98175,11.13592
50.0,110.0,3,0.90319,23.76555
50.0,110.0,4,0.96639,3.59131
50.0,110.0,5,1.01665,14.3809
50.0,110.0,6,1.06891,6.26971
50.0,115.0,0,0.96887,19.43212
50.0,115.0,1,0.90539,24.31526
50.0,115.0,2,0.96896,9.92103
50.0,115.0,3,0.8617,24.49385
50.0,115.0,4,0.96324,2.42461
50.0,115.0,5,1.01715,14.04491
50.0,115.0,6,1.01097,5.78831
50.0,120.0,0,0.94897,17.39354
50.0,120.0,1,0.90527,22.64041
50.0,120.0,2,0.9511,9.84069
50.0,120.0,3,0.84035,24.65324
50.0,120.0,4,0.96117,4.28995
50.0,120.0,5,0.99526,15.15672
50.0,120.0,6,0.97816,6.75803
50.0,125.0,0,0.93844,15.48484
50.0,125.0,1,0.89675,22.44285
50.0,125.0,2,0.92691,9.53975
50.0,125.0,3,0.82028,22.83002
50.0,125.0,4,0.97759,3.79938
50.0,125.0,5,0.95041,17.59841
50.0,125.0,6,0.95582,7.52071
50.0,130.0,0,0.90818,15.81224
50.0,130.0,1,0.87461,21.50861
50.0,130.0,2,0.88957,6.87924
50.0,130.0,3,0.80133,24.80899
50.0,130.0,4,0.95824,3.33432
50.0,130.0,5,0.90481,17.46141
50.0,130.0,6,0.94671,9.90835
50.0,135.0,0,0.88037,14.51535
50.0,135.0,1,0.87497,23.03615
50.0,135.0,2,0.84504,8.5278
50.0,135.0,3,0.78979,24.08532
50.0,135.0,4,0.94287,6.71218
50.0,135.0,5,0.87745,17.81291
50.0,135.0,6,0.95173,11.3044
50.0,140.0,0,0.85307,14.01621
50.0,140.0,1,0.85455,21.86742
50.0,140.0,2,0.81311,8.69853
50.0,140.0,3,0.76616,23.14747
50.0,140.0,4,0.91074,6.42516
50.0,140.0,5,0.82235,18.82131
50.0,140.0,6,0.95175,11.68647
50.0,145.0,0,0.82914,14.97561
50.0,145.0,1,0.8244,21.791
50.0,145.0,2,0.76968,8.51718
50.0,145.0,3,0.76091,23.66898
50.0,145.0,4,0.87082,4.06473
50.0,145.0,5,0.80364,19.2065
50.0,145.0,6,0.95451,12.00292
50.0,150.0,0,0.81304,13.15173
50.0,150.0,1,0.79703,21.12308
50.0,150.0,2,0.73637,9.66008
50.0,150.0,3,0.74805,23.31024
50.0,150.0,4,0.82556,8.36524
50.0,150.0,5,0.79646,20.00726
50.0,150.0,6,0.91018,12.93944
50.0,155.0,0,0.77481,12.5121
50.0,155.0,1,0.75911,20.40494
50.0,155.0,2,0.70261,7.20573
50.0,155.0,3,0.72839,25.6319
50.0,155.0,4,0.77525,5.50222
50.0,155.0,5,0.78183,20.34911
50.0,155.0,6,0.86,15.28799
50.0,160.0,0,0.74351,11.21382
50.0,160.0,1,0.72218,19.14061
50.0,160.0,2,0.66747,9.25009
50.0,160.0,3,0.7004,23.80753
50.0,160.0,4,0.72341,8.6994
50.0,160.0,5,0.76912,21.66378
50.0,160.0,6,0.79484,14.12999
50.0,165.0,0,0.73085,12.98376
50.0,165.0,1,0.69409,18.5759
50.0,165.0,2,0.6309,7.70953
50.0,165.0,3,0.67374,22.89329
50.0,165.0,4,0.68238,9.48163
50.0,165.0,5,0.7519,20.84193
50.0,165.0,6,0.73023,15.46176
50.0,170.0,0,0.69861,9.58316
50.0,170.0,1,0.64117,17.76621
50.0,170.0,2,0.61191,10.1684
50.0,170.0,3,0.63793,26.97229
50.0,170.0,4,0.65136,9.87586
50.0,170.0,5,0.71169,24.21788
50.0,170.0,6,0.69992,14.71985
50.0,175.0,0,0.66707,11.72182
50.0,175.0,1,0.6014,17.19137
50.0,175.0,2,0.58779,8.39778
50.0,175.0,3,0.5873,27.10479
50.0,175.0,4,0.63861,10.79268
50.0,175.0,5,0.66997,25.9581
50.0,175.0,6,0.67221,15.30215
50.0,180.0,0,0.63956,8.47402
50.0,180.0,1,0.55652,20.68143
50.0,180.0,2,0.5632,7.85177
50.0,180.0,3,0.53649,27.87631
50.0,180.0,4,0.61083,11.89935
50.0,180.0,5,0.61738,24.80367
50.0,180.0,6,0.67172,16.83756
55.0,0.0,0,0.62961,31.59205
55.0,0.0,1,0.55292,41.79921
55.0,0.0,2,0.5535,27.45127
55.0,0.0,3,0.54583,36.42295
55.0,0.0,4,0.65038,6.06452
55.0,0.0,5,0.62994,9.42483
55.0,0.0,6,0.66024,-5.70123
55.0,5.0,0,0.67858,32.22005
55.0,5.0,1,0.60519,39.78969
55.0,5.0,2,0.62505,25.99681
55.0,5.0,3,0.60552,35.47487
55.0,5.0,4,0.69604,6.89069
55.0,5.0,5,0.68712,10.43028
55.0,5.0,6,0.72649,-6.86076
55.0,10.0,0,0.72966,33.44176
55.0,10.0,1,0.63059,39.56665
55.0,10.0,2,0.6552,25.14996
55.0,10.0,3,0.64504,33.71781
55.0,10.0,4,0.75813,4.79107
55.0,10.0,5,0.74166,9.39605
55.0,10.0,6,0.77986,-6.09331
55.0,15.0,0,0.75744,34.24865
55.0,15.0,1,0.6827,39.87729
55.0,15.0,2,0.69925,23.83978
55.0,15.0,3,0.67925,31.91534
55.0,15.0,4,0.78611,5.62173
55.0,15.0,5,0.77835,8.43924
55.0,15.0,6,0.80028,-5.66816
55.0,20.0,0,0.7938,31.94837
55.0,20.0,1,0.7266,38.45639
55.0,20.0,2,0.73159,22.84758
55.0,20.0,3,0.72009,31.38342
55.0,20.0,4,0.82009,7.05787
55.0,20.0,5,0.79964,9.96425
55.0,20.0,6,0.82298,-4.68469
55.0,25.0,0,0.83506,31.99393
55.0,25.0,1,0.74946,37.43029
55.0,25.0,2,0.76719,21.52708
55.0,25.0,3,0.74208,32.14097
55.0,25.0,4,0.8338,4.06453
55.0,25.0,5,0.81466,7.76834
55.0,25.0,6,0.81912,-4.40369
55.0,30.0,0,0.86783,32.61588
55.0,30.0,1,0.78561,39.57163
55.0,30.0,2,0.79875,20.07725
55.0,30.0,3,0.76328,31.44381
55.0,30.0,4,0.84323,4.22993
55.0,30.0,5,0.80977,8.63832
55.0,30.0,6,0.82873,-4.06922
55.0,35.0,0,0.90437,32.17648
55.0,35.0,1,0.82253,37.02796
55.0,35.0,2,0.81627,21.44308
55.0,35.0,3,0.78339,30.71901
55.0,35.0,4,0.84864,4.5903
55.0,35.0,5,0.82758,9.3002
55.0,35.0,6,0.8502,-5.38996
55.0,40.0,0,0.9281,29.51935
55.0,40.0,1,0.84892,36.54406
55.0,40.0,2,0.82911,18.84581
55.0,40.0,3,0.7844,30.17801
55.0,40.0,4,0.87447,3.49917
55.0,40.0,5,0.84824,8.02497
55.0,40.0,6,0.88702,-6.04301
55.0,45.0,0,0.95662,30.5267
55.0,45.0,1,0.86005,36.18846
55.0,45.0,2,0.84216,19.01163
55.0,45.0,3,0.79925,28.23997
55.0,45.0,4,0.88561,2.075
55.0,45.0,5,0.89494,6.77371
55.0,45.0,6,0.95828,-5.15597
55.0,50.0,0,0.9849,30.93483
55.0,50.0,1,0.88321,34.86191
55.0,50.0,2,0.84112,17.5695
55.0,50.0,3,0.8144,30.35033
55.0,50.0,4,0.91564,2.43231
55.0,50.0,5,0.93417,9.66218
55.0,50.0,6,1.00052,-2.0758
55.0,55.0,0,0.99689,27.60859
55.0,55.0,1,0.88756,33.5517
55.0,55.0,2,0.86823,17.68193
55.0,55.0,3,0.83722,26.28585
55.0,55.0,4,0.95033,1.23218
55.0,55.0,5,0.98264,7.65596
55.0,55.0,6,1.03127,-1.80245
55.0,60.0,0,1.01272,28.10175
55.0,60.0,1,0.90436,31.25904
55.0,60.0,2,0.88011,16.56152
55.0,60.0,3,0.85521,26.74346
55.0,60.0,4,0.9931,1.318
55.0,60.0,5,1.02067,5.86393
55.0,60.0,6,1.03411,-2.67809
55.0,65.0,0,1.02027,27.56434
55.0,65.0,1,0.89938,32.55653
55.0,65.0,2,0.88764,13.56889
55.0,65.0,3,0.87858,27.60432
55.0,65.0,4,1.02485,0.46042
55.0,65.0,5,1.04758,8.4629
55.0,65.0,6,1.03549,-1.83823
55.0,70.0,0,1.03878,25.9482
55.0,70.0,1,0.90909,31.57024
55.0,70.0,2,0.88835,15.99206
55.0,70.0,3,0.91653,25.99507
55.0,70.0,4,1.05786,0.26197
55.0,70.0,5,1.03595,7.37433
55.0,70.0,6,1.03144,-1.21657
55.0,75.0,0,1.04981,26.87686
55.0,75.0,1,0.9049,30.35835
55.0,75.0,2,0.9086,13.50358
55.0,75.0,3,0.95543,22.97141
55.0,75.0,4,1.06556,-0.86472
55.0,75.0,5,1.03334,8.89751
55.0,75.0,6,1.0149,-0.19453
55.0,80.0,0,1.03968,26.14223
55.0,80.0,1,0.9174,30.13955
55.0,80.0,2,0.92938,14.28794
55.0,80.0,3,0.96769,25.4199
55.0,80.0,4,1.07235,1.17427
55.0,80.0,5,1.01267,10.12801
55.0,80.0,6,1.0174,-0.68534
55.0,85.0,0,1.03461,24.49623
55.0,85.0,1,0.90584,29.76781
55.0,85.0,2,0.95322,12.60216
55.0,85.0,3,0.98901,23.97647
55.0,85.0,4,1.07017,1.45154
55.0,85.0,5,0.99483,9.43169
55.0,85.0,6,1.02921,0.80948
55.0,90.0,0,1.04411,24.52449
55.0,90.0,1,0.91892,28.62804
55.0,90.0,2,0.96112,12.5554
55.0,90.0,3,0.98223,24.24016
55.0,90.0,4,1.05501,1.02913
55.0,90.0,5,0.98966,10.02079
55.0,90.0,6,1.06942,0.92288
55.0,95.0,0,1.01707,22.48982
55.0,95.0,1,0.91762,27.71641
55.0,95.0,2,0.98085,11.78795
55.0,95.0,3,0.97533,23.82012
55.0,95.0,4,1.02913,0.7581
55.0,95.0,5,0.99108,10.14662
55.0,95.0,6,1.08522,2.99644
55.0,100.0,0,1.00999,21.49956
55.0,100.0,1,0.90143,26.96101
55.0,100.0,2,0.97926,10.82921
55.0,100.0,3,0.9658,23.15035
55.0,100.0,4,1.01712,2.95212
55.0,100.0,5,1.00899,12.96466
55.0,100.0,6,1.09837,3.05788
55.0,105.0,0,0.99598,22.33642
55.0,105.0,1,0.91341,26.90981
55.0,105.0,2,0.98541,11.76506
55.0,105.0,3,0.94466,21.69003
55.0,105.0,4,0.9913,1.96077
55.0,105.0,5,1.02581,13.86193
55.0,105.0,6,1.0887,3.47163
55.0,110.0,0,0.98631,21.51414
55.0,110.0,1,0.90398,24.84288
55.0,110.0,2,0.96914,11.24083
55.0,110.0,3,0.91469,21.82178
55.0,110.0,4,0.99218,1.89273
55.0,110.0,5,1.03655,11.43962
55.0,110.0,6,1.06432,5.40943
55.0,115.0,0,0.96965,20.73491
55.0,115.0,1,0.90204,24.77586
55.0,115.0,2,0.9729,9.30764
55.0,115.0,3,0.88106,24.1393
55.0,115.0,4,0.97913,1.66801
55.0,115.0,5,1.03135,12.97323
55.0,115.0,6,1.00676,4.73364
55.0,120.0,0,0.94447,19.49939
55.0,120.0,1,0.90031,25.48699
55.0,120.0,2,0.94504,8.93663
55.0,120.0,3,0.85315,22.69513
55.0,120.0,4,1.00319,4.14966
55.0,120.0,5,1.01974,14.49548
55.0,120.0,6,0.97178,7.2338
55.0,125.0,0,0.92466,17.56811
55.0,125.0,1,0.8833,23.76772
55.0,125.0,2,0.91295,10.79199
55.0,125.0,3,0.83956,24.02985
55.0,125.0,4,0.99651,3.96586
55.0,125.0,5,0.96724,13.14979
55.0,125.0,6,0.95406,6.50542
55.0,130.0,0,0.89148,18.07692
55.0,130.0,1,0.8742,21.81786
55.0,130.0,2,0.88732,9.979
55.0,130.0,3,0.80994,23.22321
55.0,130.0,4,0.98857,3.24681
55.0,130.0,5,0.93317,14.00776
55.0,130.0,6,0.94145,8.08074
55.0,135.0,0,0.87789,18.87859
55.0,135.0,1,0.85864,21.93873
55.0,135.0,2,0.847,9.1124
55.0,135.0,3,0.80087,24.81087
55.0,135.0,4,0.97056,5.08162
55.0,135.0,5,0.8847,17.0986
55.0,135.0,6,0.95021,7.03268
55.0,140.0,0,0.85858,17.03988
55.0,140.0,1,0.83759,21.96507
55.0,140.0,2,0.81311,8.15886
55.0,140.0,3,0.79534,23.45779
55.0,140.0,4,0.94419,4.97154
55.0,140.0,5,0.83653,16.82292
55.0,140.0,6,0.94619,9.6457
55.0,145.0,0,0.82384,16.44262
55.0,145.0,1,0.81961,21.13441
55.0,145.0,2,0.76566,8.07221
55.0,145.0,3,0.77346,24.2287
55.0,145.0,4,0.8904,4.62391
55.0,145.0,5,0.81965,18.77453
55.0,145.0,6,0.94021,9.32709
55.0,150.0,0,0.79804,13.02192
55.0,150.0,1,0.78192,21.12023
55.0,150.0,2,0.73895,7.40749
55.0,150.0,3,0.76829,22.77198
55.0,150.0,4,0.85446,8.26793
55.0,150.0,5,0.81288,18.89785
55.0,150.0,6,0.90951,11.38003
55.0,155.0,0,0.76734,14.2851
55.0,155.0,1,0.75051,21.18674
55.0,155.0,2,0.69474,9.38251
55.0,155.0,3,0.7488,25.36109
55.0,155.0,4,0.79375,7.29682
55.0,155.0,5,0.80465,18.90917
55.0,155.0,6,0.86155,9.76629
55.0,160.0,0,0.74722,12.59279
55.0,160.0,1,0.71923,20.02939
55.0,160.0,2,0.66097,9.30169
55.0,160.0,3,0.71203,25.65792
55.0,160.0,4,0.74733,8.51547
55.0,160.0,5,0.78987,17.73217
55.0,160.0,6,0.78763,11.97584
55.0,165.0,0,0.71454,12.01211
55.0,165.0,1,0.68664,19.18081
55.0,165.0,2,0.63746,8.90293
55.0,165.0,3,0.68216,23.1715
55.0,165.0,4,0.71251,6.84974
55.0,165.0,5,0.76816,21.49967
55.0,165.0,6,0.73957,14.29696
55.0,170.0,0,0.68852,11.68671
55.0,170.0,1,0.63349,19.25664
55.0,170.0,2,0.60734,10.24611
55.0,170.0,3,0.64365,25.06916
55.0,170.0,4,0.68519,8.00693
55.0,170.0,5,0.73311,21.77387
55.0,170.0,6,0.69517,13.66924
55.0,175.0,0,0.65652,11.06809
55.0,175.0,1,0.58833,17.36913
55.0,175.0,2,0.58576,9.84367
55.0,175.0,3,0.59766,27.99128
55.0,175.0,4,0.66316,11.86314
55.0,175.0,5,0.68667,22.35187
55.0,175.0,6,0.67282,14.95773
55.0,180.0,0,0.63911,10.17393
55.0,180.0,1,0.54345,17.10151
55.0,180.0,2,0.552,9.58959
55.0,180.0,3,0.53838,28.29089
55.0,180.0,4,0.64384,11.22013
55.0,180.0,5,0.63638,24.12726
55.0,180.0,6,0.66993,14.61149
60.0,0.0,0,0.63354,33.35081
60.0,0.0,1,0.53567,41.80156
60.0,0.0,2,0.5623,25.80015
60.0,0.0,3,0.56665,34.0496
60.0,0.0,4,0.66351,5.66113
60.0,0.0,5,0.64505,8.13558
60.0,0.0,6,0.64196,-7.13878
60.0,5.0,0,0.66465,33.44894
60.0,5.0,1,0.58964,42.27608
60.0,5.0,2,0.60832,26.20499
60.0,5.0,3,0.6128,35.00666
60.0,5.0,4,0.71648,4.59986
60.0,5.0,5,0.70391,7.85168
60.0,5.0,6,0.69457,-7.39455
60.0,10.0,0,0.71397,32.4916
60.0,10.0,1,0.62973,40.73958
60.0,10.0,2,0.65876,24.85215
60.0,10.0,3,0.66097,34.20309
60.0,10.0,4,0.77542,4.40822
60.0,10.0,5,0.74116,6.61726
60.0,10.0,6,0.74487,-7.94458
60.0,15.0,0,0.75186,32.96873
60.0,15.0,1,0.6678,41.73954
60.0,15.0,2,0.69733,22.77764
60.0,15.0,3,0.70237,33.51046
60.0,15.0,4,0.81328,4.72491
60.0,15.0,5,0.77742,7.90862
60.0,15.0,6,0.7814,-6.58508
60.0,20.0,0,0.79452,35.34397
60.0,20.0,1,0.71704,41.14805
60.0,20.0,2,0.74293,22.36953
60.0,20.0,3,0.74002,32.76508
60.0,20.0,4,0.84639,3.37146
60.0,20.0,5,0.7978,6.17593
60.0,20.0,6,0.784,-7.30188
60.0,25.0,0,0.82595,32.99246
60.0,25.0,1,0.7478,39.07795
60.0,25.0,2,0.76446,21.81566
60.0,25.0,3,0.76793,29.4183
60.0,25.0,4,0.86017,2.1118
60.0,25.0,5,0.80891,6.2471
60.0,25.0,6,0.80553,-7.09348
60.0,30.0,0,0.86806,33.37571
60.0,30.0,1,0.78513,39.0577
60.0,30.0,2,0.80209,22.04193
60.0,30.0,3,0.7776,30.14956
60.0,30.0,4,0.86999,4.10195
60.0,30.0,5,0.81226,5.57019
60.0,30.0,6,0.80509,-7.24448
60.0,35.0,0,0.89585,31.29009
60.0,35.0,1,0.80757,38.18848
60.0,35.0,2,0.80847,20.66704
60.0,35.0,3,0.79271,29.32525
60.0,35.0,4,0.88748,0.66279
60.0,35.0,5,0.83519,6.50065
60.0,35.0,6,0.82304,-6.17332
60.0,40.0,0,0.92096,32.00429
60.0,40.0,1,0.82768,36.82671
60.0,40.0,2,0.83379,21.12844
60.0,40.0,3,0.80399,28.83922
60.0,40.0,4,0.89167,2.45925
60.0,40.0,5,0.86034,3.85071
60.0,40.0,6,0.88022,-7.52943
60.0,45.0,0,0.94427,30.41461
60.0,45.0,1,0.8498,36.05752
60.0,45.0,2,0.83555,19.7278
60.0,45.0,3,0.81151,27.92963
60.0,45.0,4,0.9213,1.25555
60.0,45.0,5,0.88359,4.79308
60.0,45.0,6,0.91974,-6.03289
60.0,50.0,0,0.98085,30.06025
60.0,50.0,1,0.86439,35.93138
60.0,50.0,2,0.85543,19.35692
60.0,50.0,3,0.83379,26.15836
60.0,50.0,4,0.94461,-0.32663
60.0,50.0,5,0.93951,6.67553
60.0,50.0,6,0.975,-6.03202
60.0,55.0,0,0.99103,31.09403
60.0,55.0,1,0.88053,32.85178
60.0,55.0,2,0.86805,18.51122
60.0,55.0,3,0.83869,27.86628
60.0,55.0,4,0.98112,0.78164
60.0,55.0,5,0.97909,5.30802
60.0,55.0,6,1.00794,-4.71991
60.0,60.0,0,1.01318,31.29932
60.0,60.0,1,0.88423,32.6975
60.0,60.0,2,0.867,17.43258
60.0,60.0,3,0.8754,27.02619
60.0,60.0,4,1.01971,0.99761
60.0,60.0,5,1.02255,6.92226
60.0,60.0,6,1.0263,-4.17391
60.0,65.0,0,1.02051,28.0141
60.0,65.0,1,0.89188,35.8411
60.0,65.0,2,0.88468,15.0725
60.0,65.0,3,0.89572,24.64122
60.0,65.0,4,1.05701,0.93294
60.0,65.0,5,1.03593,5.72628
60.0,65.0,6,1.01301,-6.77952
60.0,70.0,0,1.03068,28.13134
60.0,70.0,1,0.89699,31.58614
60.0,70.0,2,0.89406,15.44594
60.0,70.0,3,0.92748,25.86372
60.0,70.0,4,1.08581,-0.3815
60.0,70.0,5,1.04745,6.54604
60.0,70.0,6,1.01348,-4.43512
60.0,75.0,0,1.02979,25.8191
60.0,75.0,1,0.89032,31.74215
60.0,75.0,2,0.91053,14.1152
60.0,75.0,3,0.94175,25.65213
60.0,75.0,4,1.09873,-2.48593
60.0,75.0,5,1.03777,5.93044
60.0,75.0,6,1.00375,-2.93928
60.0,80.0,0,1.03358,25.45306
60.0,80.0,1,0.9052,29.97424
60.0,80.0,2,0.92473,13.68061
60.0,80.0,3,0.97823,22.38514
60.0,80.0,4,1.10209,-0.94718
60.0,80.0,5,1.02645,7.27022
60.0,80.0,6,0.99781,-1.01534
60.0,85.0,0,1.03826,25.82504
60.0,85.0,1,0.89282,29.77194
60.0,85.0,2,0.93746,12.44942
60.0,85.0,3,0.9921,23.37907
60.0,85.0,4,1.09317,0.2039
60.0,85.0,5,1.00904,7.68663
60.0,85.0,6,1.01294,-2.87771
60.0,90.0,0,1.0366,24.97937
60.0,90.0,1,0.90224,29.4451
60.0,90.0,2,0.95262,13.03481
60.0,90.0,3,0.99789,23.82984
60.0,90.0,4,1.07782,-0.80207
60.0,90.0,5,1.00189,7.64507
60.0,90.0,6,1.04131,-0.90079
60.0,95.0,0,1.01959,24.61721
60.0,95.0,1,0.9029,28.72201
60.0,95.0,2,0.97574,12.03556
60.0,95.0,3,0.99286,21.53945
60.0,95.0,4,1.05059,-0.1552
60.0,95.0,5,1.01079,8.52827
60.0,95.0,6,1.06615,-0.39072
60.0,100.0,0,1.00628,23.14168
60.0,100.0,1,0.88269,27.65327
60.0,100.0,2,0.97466,11.58902
60.0,100.0,3,0.98401,21.90947
60.0,100.0,4,1.02635,-0.01662
60.0,100.0,5,1.02104,10.10263
60.0,100.0,6,1.06812,0.35066
60.0,105.0,0,1.00502,22.9475
60.0,105.0,1,0.90655,27.13892
60.0,105.0,2,0.97741,11.24132
60.0,105.0,3,0.96065,21.58859
60.0,105.0,4,1.0271,1.36344
60.0,105.0,5,1.04243,8.30223
60.0,105.0,6,1.05633,0.34025
60.0,110.0,0,0.97865,22.7013
60.0,110.0,1,0.9013,26.93228
60.0,110.0,2,0.97208,11.89907
60.0,110.0,3,0.92608,21.63272
60.0,110.0,4,1.01026,1.94319
60.0,110.0,5,1.03351,11.70675
60.0,110.0,6,1.02705,1.38601
60.0,115.0,0,0.94889,20.97298
60.0,115.0,1,0.88882,24.90197
60.0,115.0,2,0.95639,9.35634
60.0,115.0,3,0.89322,22.27056
60.0,115.0,4,1.01777,2.87615
60.0,115.0,5,1.03966,12.66068
60.0,115.0,6,0.99184,4.46899
60.0,120.0,0,0.9353,18.75663
60.0,120.0,1,0.8834,24.95071
60.0,120.0,2,0.94461,6.76514
60.0,120.0,3,0.87306,23.8678
60.0,120.0,4,1.01453,2.15645
60.0,120.0,5,1.0164,12.229
60.0,120.0,6,0.94755,3.40833
60.0,125.0,0,0.91166,20.59038
60.0,125.0,1,0.88834,23.27183
60.0,125.0,2,0.91436,8.28909
60.0,125.0,3,0.84644,22.49114
60.0,125.0,4,1.01828,1.59363
60.0,125.0,5,0.98564,13.31889
60.0,125.0,6,0.93948,5.37472
60.0,130.0,0,0.89994,18.06263
60.0,130.0,1,0.86295,23.31108
60.0,130.0,2,0.87997,8.7534
60.0,130.0,3,0.82563,22.35964
60.0,130.0,4,1.00943,2.23905
60.0,130.0,5,0.93912,13.93997
60.0,130.0,6,0.92389,5.10068
60.0,135.0,0,0.8779,18.39353
60.0,135.0,1,0.85877,20.50922
60.0,135.0,2,0.8401,7.75211
60.0,135.0,3,0.82262,23.08759
60.0,135.0,4,0.99613,2.87688
60.0,135.0,5,0.89299,13.90358
60.0,135.0,6,0.92343,4.40144
60.0,140.0,0,0.84541,16.39054
60.0,140.0,1,0.8314,21.69049
60.0,140.0,2,0.79744,7.41288
60.0,140.0,3,0.7963,22.21771
60.0,140.0,4,0.96639,2.59146
60.0,140.0,5,0.86529,13.42369
60.0,140.0,6,0.92738,6.60887
60.0,145.0,0,0.82645,15.45105
60.0,145.0,1,0.81094,23.21087
60.0,145.0,2,0.76006,8.79387
60.0,145.0,3,0.7985,21.76699
60.0,145.0,4,0.92034,3.72705
60.0,145.0,5,0.8277,16.34198
60.0,145.0,6,0.91147,8.25193
60.0,150.0,0,0.79181,15.57986
60.0,150.0,1,0.77926,21.38636
60.0,150.0,2,0.72976,7.45655
60.0,150.0,3,0.7767,24.85143
60.0,150.0,4,0.87294,3.28693
60.0,150.0,5,0.82547,18.00912
60.0,150.0,6,0.88181,9.55408
60.0,155.0,0,0.76513,14.51832
60.0,155.0,1,0.75003,21.33117
60.0,155.0,2,0.6871,8.399
60.0,155.0,3,0.76378,22.54959
60.0,155.0,4,0.81707,7.41362
60.0,155.0,5,0.80791,17.58165
60.0,155.0,6,0.81792,9.22166
60.0,160.0,0,0.74131,13.42493
60.0,160.0,1,0.71483,21.71678
60.0,160.0,2,0.66064,6.11389
60.0,160.0,3,0.73571,23.93528
60.0,160.0,4,0.77221,7.05753
60.0,160.0,5,0.79674,18.94787
60.0,160.0,6,0.76032,10.77008
60.0,165.0,0,0.71404,13.73417
60.0,165.0,1,0.67618,21.45104
60.0,165.0,2,0.62224,8.20827
60.0,165.0,3,0.69056,24.31037
60.0,165.0,4,0.7398,5.61238
60.0,165.0,5,0.77949,18.34257
60.0,165.0,6,0.70639,11.45566
60.0,170.0,0,0.68835,12.23015
60.0,170.0,1,0.62375,19.66757
60.0,170.0,2,0.60727,8.6063
60.0,170.0,3,0.66574,25.91578
60.0,170.0,4,0.70385,7.94675
60.0,170.0,5,0.74199,21.19292
60.0,170.0,6,0.66788,11.04766
60.0,175.0,0,0.65597,13.01971
60.0,175.0,1,0.58318,17.87205
60.0,175.0,2,0.58981,8.04174
60.0,175.0,3,0.60298,23.96342
60.0,175.0,4,0.68382,6.59821
60.0,175.0,5,0.69421,19.11654
60.0,175.0,6,0.64675,12.3426
60.0,180.0,0,0.62145,13.41007
60.0,180.0,1,0.53513,19.60942
60.0,180.0,2,0.56787,9.35235
60.0,180.0,3,0.56351,24.96647
60.0,180.0,4,0.66167,9.07671
60.0,180.0,5,0.64088,22.324
60.0,180.0,6,0.64194,12.83013
65.0,0.0,0,0.62372,34.26261
65.0,0.0,1,0.53077,40.93695
65.0,0.0,2,0.55901,26.2043
65.0,0.0,3,0.58172,33.94034
65.0,0.0,4,0.69257,5.78676
65.0,0.0,5,0.63542,6.7463
65.0,0.0,6,0.60248,-8.77456
65.0,5.0,0,0.6702,34.22461
65.0,5.0,1,0.5801,42.80233
65.0,5.0,2,0.61067,25.45757
65.0,5.0,3,0.62476,32.84082
65.0,5.0,4,0.74544,4.67593
65.0,5.0,5,0.68458,7.57088
65.0,5.0,6,0.66504,-9.99492
65.0,10.0,0,0.70314,34.9249
65.0,10.0,1,0.61522,41.92284
65.0,10.0,2,0.65409,25.12596
65.0,10.0,3,0.67144,32.58895
65.0,10.0,4,0.79716,3.53248
65.0,10.0,5,0.74204,5.2973
65.0,10.0,6,0.7215,-10.02881
65.0,15.0,0,0.74331,32.39679
65.0,15.0,1,0.67051,40.06084
65.0,15.0,2,0.70466,22.74815
65.0,15.0,3,0.71712,33.05087
65.0,15.0,4,0.82752,3.35074
65.0,15.0,5,0.76807,3.9053
65.0,15.0,6,0.74163,-10.52428
65.0,20.0,0,0.78258,34.47276
65.0,20.0,1,0.69536,40.94712
65.0,20.0,2,0.73856,21.48896
65.0,20.0,3,0.75767,31.00648
65.0,20.0,4,0.87064,2.91415
65.0,20.0,5,0.7973,6.36337
65.0,20.0,6,0.74553,-11.12321
65.0,25.0,0,0.81953,32.58001
65.0,25.0,1,0.74165,39.9389
65.0,25.0,2,0.7819,21.19213
65.0,25.0,3,0.77661,30.60156
65.0,25.0,4,0.8791,1.8628
65.0,25.0,5,0.8011,5.25381
65.0,25.0,6,0.76127,-10.07371
65.0,30.0,0,0.86371,31.86459
65.0,30.0,1,0.77488,40.67645
65.0,30.0,2,0.79326,23.53454
65.0,30.0,3,0.80361,28.77531
65.0,30.0,4,0.89457,-0.2099
65.0,30.0,5,0.80606,3.90077
65.0,30.0,6,0.772,-10.28649
65.0,35.0,0,0.88772,32.26031
65.0,35.0,1,0.80762,38.96535
65.0,35.0,2,0.80963,19.31729
65.0,35.0,3,0.81336,29.7233
65.0,35.0,4,0.897,1.96301
65.0,35.0,5,0.82852,3.27972
65.0,35.0,6,0.79059,-8.57859
65.0,40.0,0,0.92493,32.30036
65.0,40.0,1,0.82246,36.45175
65.0,40.0,2,0.83589,20.75899
65.0,40.0,3,0.8228,28.45366
65.0,40.0,4,0.91728,-0.61034
65.0,40.0,5,0.85625,3.61729
65.0,40.0,6,0.84017,-8.62178
65.0,45.0,0,0.94842,32.7253
65.0,45.0,1,0.85153,36.68034
65.0,45.0,2,0.84793,20.30944
65.0,45.0,3,0.84013,27.36702
65.0,45.0,4,0.93032,0.31269
65.0,45.0,5,0.88678,3.78873
65.0,45.0,6,0.89218,-7.01246
65.0,50.0,0,0.97414,31.70629
65.0,50.0,1,0.85528,37.15161
65.0,50.0,2,0.85776,18.60933
65.0,50.0,3,0.84745,25.92825
65.0,50.0,4,0.95388,-0.12507
65.0,50.0,5,0.92878,2.66186
65.0,50.0,6,0.93262,-9.44947
65.0,55.0,0,0.98361,32.19599
65.0,55.0,1,0.86849,34.56714
65.0,55.0,2,0.86092,16.05807
65.0,55.0,3,0.86165,25.96405
65.0,55.0,4,0.99454,-1.44866
65.0,55.0,5,0.96689,3.19046
65.0,55.0,6,0.97665,-7.93746
65.0,60.0,0,1.00877,30.02402
65.0,60.0,1,0.88249,35.23953
65.0,60.0,2,0.87821,16.75896
65.0,60.0,3,0.88753,24.66686
65.0,60.0,4,1.0349,-1.55665
65.0,60.0,5,1.00989,3.56778
65.0,60.0,6,0.98424,-7.48513
65.0,65.0,0,1.02269,30.18726
65.0,65.0,1,0.89373,34.35297
65.0,65.0,2,0.88083,15.47596
65.0,65.0,3,0.92286,26.3291
65.0,65.0,4,1.06855,-1.7716
65.0,65.0,5,1.03536,4.72004
65.0,65.0,6,0.97472,-5.97359
65.0,70.0,0,1.02815,30.84427
65.0,70.0,1,0.88615,34.523
65.0,70.0,2,0.90154,15.48482
65.0,70.0,3,0.94852,22.8393
65.0,70.0,4,1.08941,-2.26768
65.0,70.0,5,1.02823,4.87207
65.0,70.0,6,0.96089,-7.53228
65.0,75.0,0,1.03851,29.94414
65.0,75.0,1,0.89728,31.54441
65.0,75.0,2,0.91054,14.1734
65.0,75.0,3,0.97746,24.49879
65.0,75.0,4,1.11505,-2.3701
65.0,75.0,5,1.02793,3.68809
65.0,75.0,6,0.95898,-5.66474
65.0,80.0,0,1.04207,27.38253
65.0,80.0,1,0.89164,30.51576
65.0,80.0,2,0.93466,15.3077
65.0,80.0,3,1.01095,22.51216
65.0,80.0,4,1.12469,-1.01338
65.0,80.0,5,1.01849,5.7068
65.0,80.0,6,0.96133,-4.32807
65.0,85.0,0,1.02647,27.30834
65.0,85.0,1,0.89951,29.18357
65.0,85.0,2,0.95147,11.8735
65.0,85.0,3,1.01495,24.14231
65.0,85.0,4,1.10222,-0.53345
65.0,85.0,5,0.98915,7.50069
65.0,85.0,6,0.97484,-0.44202
65.0,90.0,0,1.024,25.3202
65.0,90.0,1,0.88635,29.50686
65.0,90.0,2,0.95859,12.18349
65.0,90.0,3,1.01576,23.37844
65.0,90.0,4,1.09908,-2.59681
65.0,90.0,5,0.9964,6.39994
65.0,90.0,6,1.00865,-2.13
65.0,95.0,0,1.01765,25.30436
65.0,95.0,1,0.88014,31.0227
65.0,95.0,2,0.96749,12.62731
65.0,95.0,3,1.01275,22.48418
65.0,95.0,4,1.06165,-1.04803
65.0,95.0,5,0.99457,6.18125
65.0,95.0,6,1.02638,-2.30337
65.0,100.0,0,1.00097,24.61534
65.0,100.0,1,0.8851,28.97423
65.0,100.0,2,0.97701,11.49678
65.0,100.0,3,0.99624,20.7715
65.0,100.0,4,1.04512,-1.44135
65.0,100.0,5,1.01443,8.43376
65.0,100.0,6,1.03808,-0.85497
65.0,105.0,0,0.98755,21.7772
65.0,105.0,1,0.89503,27.16893
65.0,105.0,2,0.98524,8.5686
65.0,105.0,3,0.97686,21.68018
65.0,105.0,4,1.04121,-2.25838
65.0,105.0,5,1.03054,7.86495
65.0,105.0,6,1.02679,0.40111
65.0,110.0,0,0.97621,23.69958
65.0,110.0,1,0.8889,26.44985
65.0,110.0,2,0.97694,9.57038
65.0,110.0,3,0.94884,21.4752
65.0,110.0,4,1.03066,-1.80171
65.0,110.0,5,1.03134,7.99752
65.0,110.0,6,0.98607,1.50096
65.0,115.0,0,0.95137,21.59584
65.0,115.0,1,0.88626,25.05873
65.0,115.0,2,0.96358,10.28174
65.0,115.0,3,0.91478,22.92581
65.0,115.0,4,1.02683,-0.0626
65.0,115.0,5,1.0296,8.54993
65.0,115.0,6,0.94481,1.77295
65.0,120.0,0,0.93874,19.73139
65.0,120.0,1,0.8849,23.94549
65.0,120.0,2,0.9407,8.0383
65.0,120.0,3,0.88181,23.60213
65.0,120.0,4,1.03031,-1.32608
65.0,120.0,5,1.01806,9.62348
65.0,120.0,6,0.91027,2.55017
65.0,125.0,0,0.92759,21.00816
65.0,125.0,1,0.86426,23.29879
65.0,125.0,2,0.9109,7.24337
65.0,125.0,3,0.86219,20.85293
65.0,125.0,4,1.03498,0.13259
65.0,125.0,5,0.98495,9.06479
65.0,125.0,6,0.89346,2.49891
65.0,130.0,0,0.88446,21.38842
65.0,130.0,1,0.8621,21.57207
65.0,130.0,2,0.89056,6.9108
65.0,130.0,3,0.85034,22.9524
65.0,130.0,4,1.02803,1.46958
65.0,130.0,5,0.92432,10.54566
65.0,130.0,6,0.88092,3.09433
65.0,135.0,0,0.8761,20.46734
65.0,135.0,1,0.83581,21.31853
65.0,135.0,2,0.84451,6.85814
65.0,135.0,3,0.82674,21.30025
65.0,135.0,4,1.01324,0.68826
65.0,135.0,5,0.88383,11.60105
65.0,135.0,6,0.88993,5.10585
65.0,140.0,0,0.84351,17.28213
65.0,140.0,1,0.82342,21.95505
65.0,140.0,2,0.79804,7.66803
65.0,140.0,3,0.82319,22.54058
65.0,140.0,4,0.9837,1.30493
65.0,140.0,5,0.84527,13.30443
65.0,140.0,6,0.89333,5.06754
65.0,145.0,0,0.81814,16.20297
65.0,145.0,1,0.79162,21.74859
65.0,145.0,2,0.76115,5.11299
65.0,145.0,3,0.81266,22.99618
65.0,145.0,4,0.94694,1.55335
65.0,145.0,5,0.82009,13.37562
65.0,145.0,6,0.86866,6.8601
65.0,150.0,0,0.79218,15.40005
65.0,150.0,1,0.77381,21.30009
65.0,150.0,2,0.72747,5.97278
65.0,150.0,3,0.78655,22.82595
65.0,150.0,4,0.88527,2.89427
65.0,150.0,5,0.81189,14.27966
65.0,150.0,6,0.84653,7.01917
65.0,155.0,0,0.75142,15.63457
65.0,155.0,1,0.74082,21.25611
65.0,155.0,2,0.69169,6.75075
65.0,155.0,3,0.78,22.74585
65.0,155.0,4,0.84118,3.69421
65.0,155.0,5,0.80293,15.63257
65.0,155.0,6,0.78432,8.19919
65.0,160.0,0,0.73394,16.88202
65.0,160.0,1,0.69994,21.00644
65.0,160.0,2,0.65815,8.62393
65.0,160.0,3,0.75889,22.43087
65.0,160.0,4,0.80013,5.88559
65.0,160.0,5,0.79744,16.21689
65.0,160.0,6,0.72107,8.91281
65.0,165.0,0,0.70651,14.9455
65.0,165.0,1,0.65265,19.95044
65.0,165.0,2,0.63675,8.90945
65.0,165.0,3,0.72305,24.80704
65.0,165.0,4,0.74879,7.10334
65.0,165.0,5,0.77219,16.34092
65.0,165.0,6,0.67094,9.33123
65.0,170.0,0,0.68516,12.79104
65.0,170.0,1,0.62352,21.13434
65.0,170.0,2,0.61154,8.01922
65.0,170.0,3,0.68186,23.03115
65.0,170.0,4,0.71703,7.99621
65.0,170.0,5,0.74004,17.87302
65.0,170.0,6,0.64192,9.43506
65.0,175.0,0,0.65194,14.21492
65.0,175.0,1,0.582,17.94801
65.0,175.0,2,0.57342,9.01544
65.0,175.0,3,0.63584,23.60564
65.0,175.0,4,0.70425,8.06234
65.0,175.0,5,0.69396,19.15913
65.0,175.0,6,0.622,9.48287
65.0,180.0,0,0.62609,13.15052
65.0,180.0,1,0.52835,19.32549
65.0,180.0,2,0.56559,8.96779
65.0,180.0,3,0.58136,23.93064
65.0,180.0,4,0.69619,8.04341
65.0,180.0,5,0.63308,19.7558
65.0,180.0,6,0.6103,10.23742
70.0,0.0,0,0.61992,34.92765
70.0,0.0,1,0.53039,43.87767
70.0,0.0,2,0.5663,27.91332
70.0,0.0,3,0.59676,32.97832
70.0,0.0,4,0.7003,2.63617
70.0,0.0,5,0.60915,3.53487
70.0,0.0,6,0.56795,-11.73065
70.0,5.0,0,0.6676,34.5302
70.0,5.0,1,0.55964,40.94144
70.0,5.0,2,0.60884,24.67137
70.0,5.0,3,0.6548,33.09718
70.0,5.0,4,0.74666,4.60012
70.0,5.0,5,0.66145,3.96596
70.0,5.0,6,0.63226,-12.98907
70.0,10.0,0,0.70681,34.42232
70.0,10.0,1,0.61229,40.52975
70.0,10.0,2,0.65876,24.10441
70.0,10.0,3,0.69763,31.04032
70.0,10.0,4,0.80446,0.75099
70.0,10.0,5,0.71506,1.89678
70.0,10.0,6,0.68312,-12.32223
70.0,15.0,0,0.74745,34.72711
70.0,15.0,1,0.65479,40.70928
70.0,15.0,2,0.70299,22.53605
70.0,15.0,3,0.74836,30.8115
70.0,15.0,4,0.84136,1.47388
70.0,15.0,5,0.7511,5.14448
70.0,15.0,6,0.71563,-12.11114
70.0,20.0,0,0.77824,36.59252
70.0,20.0,1,0.68737,40.38623
70.0,20.0,2,0.74676,23.38666
70.0,20.0,3,0.76952,29.63608
70.0,20.0,4,0.86631,0.51929
70.0,20.0,5,0.76707,3.03348
70.0,20.0,6,0.71829,-11.86973
70.0,25.0,0,0.81447,33.98115
70.0,25.0,1,0.7259,40.81491
70.0,25.0,2,0.77461,22.1097
70.0,25.0,3,0.79646,29.24853
70.0,25.0,4,0.88505,0.3777
70.0,25.0,5,0.77943,0.39686
70.0,25.0,6,0.72958,-13.87971
70.0,30.0,0,0.85699,34.4269
70.0,30.0,1,0.77225,38.37563
70.0,30.0,2,0.81128,22.18374
70.0,30.0,3,0.82239,29.73602
70.0,30.0,4,0.89569,-1.24427
70.0,30.0,5,0.78481,2.59214
70.0,30.0,6,0.73191,-9.53414
70.0,35.0,0,0.89313,35.34621
70.0,35.0,1,0.78916,37.43762
70.0,35.0,2,0.81551,19.0026
70.0,35.0,3,0.83759,26.99105
70.0,35.0,4,0.90965,-1.46964
70.0,35.0,5,0.79521,3.49789
70.0,35.0,6,0.75781,-11.35147
70.0,40.0,0,0.91649,33.07748
70.0,40.0,1,0.81749,36.65452
70.0,40.0,2,0.84384,19.57154
70.0,40.0,3,0.84255,26.42722
70.0,40.0,4,0.91847,-1.18644
70.0,40.0,5,0.83457,3.26464
70.0,40.0,6,0.80187,-11.34363
70.0,45.0,0,0.94996,33.82264
70.0,45.0,1,0.8393,38.20152
70.0,45.0,2,0.85165,19.11922
70.0,45.0,3,0.85092,25.28301
70.0,45.0,4,0.94252,-3.12692
70.0,45.0,5,0.85998,2.45007
70.0,45.0,6,0.85083,-11.13991
70.0,50.0,0,0.97466,31.48956
70.0,50.0,1,0.85288,36.97146
70.0,50.0,2,0.86498,19.05061
70.0,50.0,3,0.87434,25.96285
70.0,50.0,4,0.96421,-3.21751
70.0,50.0,5,0.9122,-0.0776
70.0,50.0,6,0.9077,-9.37331
70.0,55.0,0,0.99323,31.69257
70.0,55.0,1,0.86695,33.90823
70.0,55.0,2,0.86536,16.69664
70.0,55.0,3,0.89547,24.08592
70.0,55.0,4,1.00825,-1.9947
70.0,55.0,5,0.94886,1.68392
70.0,55.0,6,0.92893,-7.39788
70.0,60.0,0,1.00691,31.26277
70.0,60.0,1,0.86719,34.88669
70.0,60.0,2,0.88882,14.82145
70.0,60.0,3,0.90815,22.24903
70.0,60.0,4,1.04897,-2.21345
70.0,60.0,5,0.98775,1.38602
70.0,60.0,6,0.95488,-7.87356
70.0,65.0,0,1.01795,31.15678
70.0,65.0,1,0.87627,35.22856
70.0,65.0,2,0.88681,15.43739
70.0,65.0,3,0.94268,23.93189
70.0,65.0,4,1.08041,-3.7027
70.0,65.0,5,1.01483,3.0797
70.0,65.0,6,0.94544,-8.93109
70.0,70.0,0,1.02259,30.67014
70.0,70.0,1,0.88027,33.3911
70.0,70.0,2,0.89977,14.49604
70.0,70.0,3,0.96605,23.663
70.0,70.0,4,1.11848,-3.71569
70.0,70.0,5,1.0273,2.33243
70.0,70.0,6,0.93374,-8.40399
70.0,75.0,0,1.02598,29.83372
70.0,75.0,1,0.88627,32.65975
70.0,75.0,2,0.91961,14.95571
70.0,75.0,3,0.99921,22.72361
70.0,75.0,4,1.12737,-1.87833
70.0,75.0,5,1.00735,2.9822
70.0,75.0,6,0.92299,-6.7296
70.0,80.0,0,1.03529,30.26007
70.0,80.0,1,0.87409,32.12893
70.0,80.0,2,0.93637,13.43697
70.0,80.0,3,1.02373,20.25982
70.0,80.0,4,1.12892,-4.24113
70.0,80.0,5,1.00068,3.27281
70.0,80.0,6,0.9239,-7.46077
70.0,85.0,0,1.02538,29.3576
70.0,85.0,1,0.88526,31.50636
70.0,85.0,2,0.95296,13.43968
70.0,85.0,3,1.03003,22.38937
70.0,85.0,4,1.11723,-1.3091
70.0,85.0,5,0.97354,4.83644
70.0,85.0,6,0.93784,-6.07571
70.0,90.0,0,1.01939,26.28814
70.0,90.0,1,0.87824,29.26753
70.0,90.0,2,0.96378,10.44201
70.0,90.0,3,1.04638,20.33017
70.0,90.0,4,1.09134,-4.09864
70.0,90.0,5,0.97467,2.88642
70.0,90.0,6,0.97416,-7.77435
70.0,95.0,0,1.01091,25.86531
70.0,95.0,1,0.8845,29.70765
70.0,95.0,2,0.98169,8.99272
70.0,95.0,3,1.03613,20.25105
70.0,95.0,4,1.07617,-4.12238
70.0,95.0,5,0.9727,5.81751
70.0,95.0,6,0.99919,-4.80315
70.0,100.0,0,0.99362,24.72949
70.0,100.0,1,0.88278,27.59554
70.0,100.0,2,0.99243,9.87187
70.0,100.0,3,1.01523,21.09315
70.0,100.0,4,1.05753,-5.04194
70.0,100.0,5,0.98811,5.6757
70.0,100.0,6,1.00989,-5.86306
70.0,105.0,0,0.9867,24.23345
70.0,105.0,1,0.88039,26.16934
70.0,105.0,2,0.99079,9.89553
70.0,105.0,3,0.99058,19.79539
70.0,105.0,4,1.0558,-4.27815
70.0,105.0,5,0.9983,5.52901
70.0,105.0,6,0.99684,-2.76176
70.0,110.0,0,0.96738,24.33254
70.0,110.0,1,0.87816,26.84726
70.0,110.0,2,0.98971,8.18448
70.0,110.0,3,0.96932,19.01092
70.0,110.0,4,1.03164,-3.72833
70.0,110.0,5,1.02014,8.77152
70.0,110.0,6,0.96992,-2.5825
70.0,115.0,0,0.95689,23.31794
70.0,115.0,1,0.88406,26.10777
70.0,115.0,2,0.96931,9.38311
70.0,115.0,3,0.946,19.63485
70.0,115.0,4,1.04415,-3.1971
70.0,115.0,5,1.0209,6.49765
70.0,115.0,6,0.91962,-0.44475
70.0,120.0,0,0.93676,21.87584
70.0,120.0,1,0.87048,24.00522
70.0,120.0,2,0.93323,6.41213
70.0,120.0,3,0.91157,20.69535
70.0,120.0,4,1.03393,-2.61814
70.0,120.0,5,0.98819,5.97433
70.0,120.0,6,0.88154,-0.35886
70.0,125.0,0,0.91306,21.38194
70.0,125.0,1,0.85911,25.63801
70.0,125.0,2,0.91845,6.96527
70.0,125.0,3,0.88669,19.69595
70.0,125.0,4,1.0486,-1.67174
70.0,125.0,5,0.96324,9.67689
70.0,125.0,6,0.85775,0.0307
70.0,130.0,0,0.8841,21.00221
70.0,130.0,1,0.85028,24.41356
70.0,130.0,2,0.88595,7.97922
70.0,130.0,3,0.86986,19.40681
70.0,130.0,4,1.04992,-1.17079
70.0,130.0,5,0.90904,9.67472
70.0,130.0,6,0.84587,2.38285
70.0,135.0,0,0.86103,20.50951
70.0,135.0,1,0.84076,23.11337
70.0,135.0,2,0.85577,8.22214
70.0,135.0,3,0.85117,21.47562
70.0,135.0,4,1.01943,0.39086
70.0,135.0,5,0.86047,10.393
70.0,135.0,6,0.84956,2.64596
70.0,140.0,0,0.84072,18.84071
70.0,140.0,1,0.80972,20.46361
70.0,140.0,2,0.81735,7.08219
70.0,140.0,3,0.83674,20.75743
70.0,140.0,4,0.98988,0.52195
70.0,140.0,5,0.81693,10.79932
70.0,140.0,6,0.85701,3.92553
70.0,145.0,0,0.81399,18.1162
70.0,145.0,1,0.79527,22.19785
70.0,145.0,2,0.76235,7.40258
70.0,145.0,3,0.82698,23.05592
70.0,145.0,4,0.94983,1.971
70.0,145.0,5,0.80968,11.26159
70.0,145.0,6,0.83709,4.56529
70.0,150.0,0,0.78714,16.70147
70.0,150.0,1,0.75992,22.45827
70.0,150.0,2,0.74182,7.42367
70.0,150.0,3,0.81871,21.30685
70.0,150.0,4,0.89059,1.83482
70.0,150.0,5,0.79373,11.44464
70.0,150.0,6,0.8073,4.92305
70.0,155.0,0,0.76215,16.84836
70.0,155.0,1,0.72944,22.21888
70.0,155.0,2,0.69331,8.20719
70.0,155.0,3,0.80152,22.24559
70.0,155.0,4,0.85095,1.90201
70.0,155.0,5,0.78809,12.53422
70.0,155.0,6,0.75627,4.16643
70.0,160.0,0,0.73767,15.66909
70.0,160.0,1,0.69971,19.47015
70.0,160.0,2,0.67234,5.61547
70.0,160.0,3,0.76678,20.4452
70.0,160.0,4,0.80334,2.98803
70.0,160.0,5,0.76986,13.42305
70.0,160.0,6,0.69464,6.97289
70.0,165.0,0,0.70334,14.00872
70.0,165.0,1,0.66266,21.11132
70.0,165.0,2,0.63976,6.53173
70.0,165.0,3,0.73747,23.0483
70.0,165.0,4,0.75719,4.74573
70.0,165.0,5,0.75031,16.95238
70.0,165.0,6,0.64439,6.41858
70.0,170.0,0,0.68081,16.12249
70.0,170.0,1,0.60486,21.29927
70.0,170.0,2,0.61409,5.25066
70.0,170.0,3,0.69741,23.22602
70.0,170.0,4,0.73979,4.42002
70.0,170.0,5,0.71403,14.37212
70.0,170.0,6,0.59825,7.34066
70.0,175.0,0,0.64381,13.54611
70.0,175.0,1,0.57167,20.46014
70.0,175.0,2,0.59097,7.70061
70.0,175.0,3,0.65656,22.61705
70.0,175.0,4,0.70524,7.69776
70.0,175.0,5,0.67166,15.65257
70.0,175.0,6,0.57036,9.92693
70.0,180.0,0,0.618,13.98622
70.0,180.0,1,0.5393,19.32561
70.0,180.0,2,0.55792,8.82983
70.0,180.0,3,0.59641,27.27637
70.0,180.0,4,0.69535,5.68562
70.0,180.0,5,0.60788,17.6455
70.0,180.0,6,0.56922,7.81416
75.0,0.0,0,0.61596,34.79953
75.0,0.0,1,0.51056,42.21052
75.0,0.0,2,0.57477,26.05408
75.0,0.0,3,0.62608,33.64944
75.0,0.0,4,0.70983,0.78551
75.0,0.0,5,0.57789,3.36617
75.0,0.0,6,0.55655,-12.27372
75.0,5.0,0,0.65559,35.30795
75.0,5.0,1,0.56884,42.87409
75.0,5.0,2,0.6213,24.35953
75.0,5.0,3,0.66763,31.83062
75.0,5.0,4,0.75409,0.88507
75.0,5.0,5,0.63245,0.98419
75.0,5.0,6,0.6145,-15.80336
75.0,10.0,0,0.69224,36.73552
75.0,10.0,1,0.61216,41.98784
75.0,10.0,2,0.66877,22.26045
75.0,10.0,3,0.7209,29.9033
75.0,10.0,4,0.79841,0.91064
75.0,10.0,5,0.68976,-0.74812
75.0,10.0,6,0.67588,-13.91966
75.0,15.0,0,0.73794,35.74107
75.0,15.0,1,0.65633,41.69286
75.0,15.0,2,0.71503,22.49002
75.0,15.0,3,0.76538,31.54186
75.0,15.0,4,0.84517,0.77833
75.0,15.0,5,0.72435,2.22248
75.0,15.0,6,0.69374,-12.70304
75.0,20.0,0,0.78474,34.74094
75.0,20.0,1,0.68407,40.75979
75.0,20.0,2,0.74681,22.46103
75.0,20.0,3,0.79391,27.66433
75.0,20.0,4,0.86132,-2.16636
75.0,20.0,5,0.73642,3.10974
75.0,20.0,6,0.70597,-12.69782
75.0,25.0,0,0.816,35.68141
75.0,25.0,1,0.72495,40.76487
75.0,25.0,2,0.78703,20.95811
75.0,25.0,3,0.81771,26.20937
75.0,25.0,4,0.87982,-0.78946
75.0,25.0,5,0.7489,1.83569
75.0,25.0,6,0.6978,-13.619
75.0,30.0,0,0.85641,33.31432
75.0,30.0,1,0.75053,39.40914
75.0,30.0,2,0.81387,20.80929
75.0,30.0,3,0.83677,27.53741
75.0,30.0,4,0.9017,-4.69987
75.0,30.0,5,0.75413,0.05769
75.0,30.0,6,0.71339,-14.35435
75.0,35.0,0,0.88359,33.00877
75.0,35.0,1,0.78491,40.23376
75.0,35.0,2,0.83525,19.42838
75.0,35.0,3,0.85184,27.33754
75.0,35.0,4,0.91106,-1.94387
75.0,35.0,5,0.76829,-0.12886
75.0,35.0,6,0.74005,-13.97395
75.0,40.0,0,0.91261,34.63483
75.0,40.0,1,0.81433,37.30182
75.0,40.0,2,0.8422,19.21004
75.0,40.0,3,0.86113,24.84672
75.0,40.0,4,0.91542,-4.75345
75.0,40.0,5,0.79596,-1.09657
75.0,40.0,6,0.78057,-13.09696
75.0,45.0,0,0.9456,33.59833
75.0,45.0,1,0.82637,37.48897
75.0,45.0,2,0.8669,17.33528
75.0,45.0,3,0.87571,25.5472
75.0,45.0,4,0.93537,-5.04598
75.0,45.0,5,0.83644,-1.07946
75.0,45.0,6,0.82451,-13.67067
75.0,50.0,0,0.96374,33.66258
75.0,50.0,1,0.83846,37.33115
75.0,50.0,2,0.86755,17.45007
75.0,50.0,3,0.8829,24.7017
75.0,50.0,4,0.98009,-4.78331
75.0,50.0,5,0.87299,-0.1802
75.0,50.0,6,0.88522,-11.42761
75.0,55.0,0,0.97999,32.98115
75.0,55.0,1,0.85537,34.39428
75.0,55.0,2,0.88554,16.10812
75.0,55.0,3,0.91679,22.48493
75.0,55.0,4,1.00251,-3.87298
75.0,55.0,5,0.92855,1.54587
75.0,55.0,6,0.926,-10.93983
75.0,60.0,0,0.98908,34.66295
75.0,60.0,1,0.86653,33.96904
75.0,60.0,2,0.89071,14.33401
75.0,60.0,3,0.93838,23.14915
75.0,60.0,4,1.047,-4.91713
75.0,60.0,5,0.96602,0.98084
75.0,60.0,6,0.92965,-11.43587
75.0,65.0,0,1.01096,30.29002
75.0,65.0,1,0.87646,33.43048
75.0,65.0,2,0.90267,15.0395
75.0,65.0,3,0.9529,22.40868
75.0,65.0,4,1.07301,-4.58442
75.0,65.0,5,0.97887,0.99405
75.0,65.0,6,0.92401,-12.18287
75.0,70.0,0,1.01923,28.76531
75.0,70.0,1,0.87028,32.80775
75.0,70.0,2,0.91747,14.51356
75.0,70.0,3,0.98886,20.83521
75.0,70.0,4,1.10321,-6.47559
75.0,70.0,5,0.98701,-1.55527
75.0,70.0,6,0.90988,-9.49875
75.0,75.0,0,1.02509,31.51523
75.0,75.0,1,0.88056,31.60349
75.0,75.0,2,0.93052,10.12277
75.0,75.0,3,1.01458,21.42145
75.0,75.0,4,1.11967,-5.16999
75.0,75.0,5,0.98127,0.52766
75.0,75.0,6,0.90796,-10.46149
75.0,80.0,0,1.02871,29.81522
75.0,80.0,1,0.86992,30.98383
75.0,80.0,2,0.94759,10.83769
75.0,80.0,3,1.03762,23.12841
75.0,80.0,4,1.12678,-3.4207
75.0,80.0,5,0.95273,-0.19311
75.0,80.0,6,0.90612,-9.52693
75.0,85.0,0,1.02604,26.14856
75.0,85.0,1,0.8758,30.81312
75.0,85.0,2,0.96547,11.98377
75.0,85.0,3,1.05082,20.38774
75.0,85.0,4,1.11431,-5.76892
75.0,85.0,5,0.9469,1.47734
75.0,85.0,6,0.9199,-8.76918
75.0,90.0,0,1.0166,28.95266
75.0,90.0,1,0.88008,28.27113
75.0,90.0,2,0.9732,12.95621
75.0,90.0,3,1.0595,20.59235
75.0,90.0,4,1.09849,-6.61497
75.0,90.0,5,0.93812,1.44208
75.0,90.0,6,0.95417,-7.27079
75.0,95.0,0,0.99873,26.95752
75.0,95.0,1,0.87769,28.90709
75.0,95.0,2,0.99371,10.91776
75.0,95.0,3,1.06235,17.83967
75.0,95.0,4,1.08025,-3.26552
75.0,95.0,5,0.94301,3.31425
75.0,95.0,6,0.97478,-8.40941
75.0,100.0,0,1.00148,25.36971
75.0,100.0,1,0.87731,27.82164
75.0,100.0,2,0.9954,8.82777
75.0,100.0,3,1.03089,19.89888
75.0,100.0,4,1.05684,-3.56393
75.0,100.0,5,0.95751,4.50983
75.0,100.0,6,0.9832,-8.46398
75.0,105.0,0,0.9812,25.84488
75.0,105.0,1,0.87637,28.77878
75.0,105.0,2,1.0001,8.54811
75.0,105.0,3,1.00764,17.8485
75.0,105.0,4,1.04612,-6.02335
75.0,105.0,5,0.97492,4.66841
75.0,105.0,6,0.97835,-3.98226
75.0,110.0,0,0.96244,24.97582
75.0,110.0,1,0.87881,26.16549
75.0,110.0,2,0.9895,8.05118
75.0,110.0,3,0.98745,18.35027
75.0,110.0,4,1.05146,-4.58341
75.0,110.0,5,0.98899,4.18953
75.0,110.0,6,0.94501,-1.45676
75.0,115.0,0,0.94959,25.90427
75.0,115.0,1,0.87181,26.40076
75.0,115.0,2,0.98316,9.77356
75.0,115.0,3,0.9567,18.38526
75.0,115.0,4,1.04227,-3.01096
75.0,115.0,5,0.98044,5.50667
75.0,115.0,6,0.90324,-2.63778
75.0,120.0,0,0.92875,20.78855
75.0,120.0,1,0.86644,26.12495
75.0,120.0,2,0.95394,8.91668
75.0,120.0,3,0.93088,19.14752
75.0,120.0,4,1.03818,-1.4451
75.0,120.0,5,0.975,6.24438
75.0,120.0,6,0.8561,-3.80174
75.0,125.0,0,0.9032,21.90811
75.0,125.0,1,0.85415,25.36343
75.0,125.0,2,0.92813,7.59755
75.0,125.0,3,0.90989,19.74884
75.0,125.0,4,1.0411,-2.07054
75.0,125.0,5,0.91744,7.13976
75.0,125.0,6,0.83438,-2.17881
75.0,130.0,0,0.88498,20.9813
75.0,130.0,1,0.85248,22.77052
75.0,130.0,2,0.88941,5.86483
75.0,130.0,3,0.89446,18.25838
75.0,130.0,4,1.04702,-3.03778
75.0,130.0,5,0.87122,6.41299
75.0,130.0,6,0.83364,-1.63944
75.0,135.0,0,0.85148,20.76656
75.0,135.0,1,0.83334,22.44357
75.0,135.0,2,0.85758,7.89338
75.0,135.0,3,0.8759,19.10207
75.0,135.0,4,1.02131,-0.5121
75.0,135.0,5,0.83955,8.7297
75.0,135.0,6,0.82562,-0.27963
75.0,140.0,0,0.82878,19.19332
75.0,140.0,1,0.81683,22.86038
75.0,140.0,2,0.8166,7.68784
75.0,140.0,3,0.85283,21.38278
75.0,140.0,4,0.98956,-0.80074
75.0,140.0,5,0.7984,10.53036
75.0,140.0,6,0.83147,0.20446
75.0,145.0,0,0.79817,17.00295
75.0,145.0,1,0.78816,21.16247
75.0,145.0,2,0.78575,5.28134
75.0,145.0,3,0.85074,17.52283
75.0,145.0,4,0.949,-1.96195
75.0,145.0,5,0.7724,10.98011
75.0,145.0,6,0.82401,2.80417
75.0,150.0,0,0.78431,18.35992
75.0,150.0,1,0.75192,21.27604
75.0,150.0,2,0.74633,5.96027
75.0,150.0,3,0.84009,19.54764
75.0,150.0,4,0.90534,-0.06291
75.0,150.0,5,0.75633,12.26583
75.0,150.0,6,0.78458,2.91657
75.0,155.0,0,0.7662,18.82117
75.0,155.0,1,0.72229,20.12955
75.0,155.0,2,0.70735,6.6251
75.0,155.0,3,0.81996,21.35068
75.0,155.0,4,0.84841,0.6337
75.0,155.0,5,0.74507,10.23073
75.0,155.0,6,0.73933,2.06485
75.0,160.0,0,0.7402,16.12224
75.0,160.0,1,0.69051,21.83013
75.0,160.0,2,0.68333,7.44052
75.0,160.0,3,0.79977,19.35206
75.0,160.0,4,0.795,1.45982
75.0,160.0,5,0.73874,13.44919
75.0,160.0,6,0.67297,3.64774
75.0,165.0,0,0.70171,17.21977
75.0,165.0,1,0.64585,20.15613
75.0,165.0,2,0.6354,5.86356
75.0,165.0,3,0.76406,21.93999
75.0,165.0,4,0.76702,1.35374
75.0,165.0,5,0.72361,10.90804
75.0,165.0,6,0.61738,5.84717
75.0,170.0,0,0.66004,14.29722
75.0,170.0,1,0.60554,19.27538
75.0,170.0,2,0.61333,7.17057
75.0,170.0,3,0.71764,23.34921
75.0,170.0,4,0.73335,2.81175
75.0,170.0,5,0.68454,14.6677
75.0,170.0,6,0.57894,4.90349
75.0,175.0,0,0.64621,14.55365
75.0,175.0,1,0.57189,18.69598
75.0,175.0,2,0.59758,8.88233
75.0,175.0,3,0.67908,23.17064
75.0,175.0,4,0.71939,2.70413
75.0,175.0,5,0.63641,12.81199
75.0,175.0,6,0.55934,6.02282
75.0,180.0,0,0.61944,13.20939
75.0,180.0,1,0.52431,20.50095
75.0,180.0,2,0.5783,6.2409
75.0,180.0,3,0.62013,22.43716
75.0,180.0,4,0.69939,5.60332
75.0,180.0,5,0.57937,14.50347
75.0,180.0,6,0.55202,6.21767
80.0,0.0,0,0.61456,36.93371
80.0,0.0,1,0.52123,40.042
80.0,0.0,2,0.58852,23.67573
80.0,0.0,3,0.63505,28.46484
80.0,0.0,4,0.69,-0.33206
80.0,0.0,5,0.5439,0.52234
80.0,0.0,6,0.55773,-16.15921
80.0,5.0,0,0.65319,36.06552
80.0,5.0,1,0.56896,40.82623
80.0,5.0,2,0.63978,22.79295
80.0,5.0,3,0.68535,30.75759
80.0,5.0,4,0.74024,-0.0875
80.0,5.0,5,0.60493,0.00984
80.0,5.0,6,0.61968,-17.37646
80.0,10.0,0,0.68361,36.58933
80.0,10.0,1,0.60197,42.56902
80.0,10.0,2,0.68562,21.03258
80.0,10.0,3,0.73457,26.99638
80.0,10.0,4,0.78823,-2.40909
80.0,10.0,5,0.65661,-1.60007
80.0,10.0,6,0.66641,-15.97042
80.0,15.0,0,0.73093,36.32082
80.0,15.0,1,0.64905,39.70872
80.0,15.0,2,0.72091,23.72328
80.0,15.0,3,0.77175,26.88128
80.0,15.0,4,0.82292,-3.10257
80.0,15.0,5,0.69702,0.65669
80.0,15.0,6,0.69715,-15.57522
80.0,20.0,0,0.77086,37.04452
80.0,20.0,1,0.68389,40.75917
80.0,20.0,2,0.76301,20.70369
80.0,20.0,3,0.81715,27.17362
80.0,20.0,4,0.8596,-2.88561
80.0,20.0,5,0.70869,0.33305
80.0,20.0,6,0.70487,-16.68071
80.0,25.0,0,0.81463,37.29552
80.0,25.0,1,0.72397,38.2661
80.0,25.0,2,0.80021,20.26497
80.0,25.0,3,0.8344,25.96345
80.0,25.0,4,0.87605,-3.14572
80.0,25.0,5,0.71969,-1.27419
80.0,25.0,6,0.70011,-17.56176
80.0,30.0,0,0.84886,36.85398
80.0,30.0,1,0.75034,38.6519
80.0,30.0,2,0.82473,19.37082
80.0,30.0,3,0.85413,24.97805
80.0,30.0,4,0.8853,-3.40232
80.0,30.0,5,0.7271,-1.73507
80.0,30.0,6,0.7199,-15.82834
80.0,35.0,0,0.87386,36.13122
80.0,35.0,1,0.7758,37.80614
80.0,35.0,2,0.847,18.86494
80.0,35.0,3,0.86825,24.25864
80.0,35.0,4,0.89784,-3.73345
80.0,35.0,5,0.75667,-3.03317
80.0,35.0,6,0.74074,-14.47723
80.0,40.0,0,0.90886,35.09137
80.0,40.0,1,0.81033,38.88862
80.0,40.0,2,0.86097,17.93372
80.0,40.0,3,0.87265,24.76365
80.0,40.0,4,0.91286,-4.40174
80.0,40.0,5,0.76303,-3.54457
80.0,40.0,6,0.78855,-16.07202
80.0,45.0,0,0.92978,35.96263
80.0,45.0,1,0.82474,36.51212
80.0,45.0,2,0.87787,16.99379
80.0,45.0,3,0.89603,25.35775
80.0,45.0,4,0.92811,-6.66595
80.0,45.0,5,0.80566,-0.37404
80.0,45.0,6,0.84611,-13.47149
80.0,50.0,0,0.96071,34.79964
80.0,50.0,1,0.8363,34.08157
80.0,50.0,2,0.88394,15.71569
80.0,50.0,3,0.90344,21.72649
80.0,50.0,4,0.96218,-7.40917
80.0,50.0,5,0.84568,-0.72136
80.0,50.0,6,0.88379,-14.84956
80.0,55.0,0,0.97797,33.01256
80.0,55.0,1,0.85554,36.5033
80.0,55.0,2,0.89405,16.08293
80.0,55.0,3,0.92394,21.72719
80.0,55.0,4,0.98834,-4.67621
80.0,55.0,5,0.89848,-3.41985
80.0,55.0,6,0.92339,-13.87844
80.0,60.0,0,0.99762,33.32924
80.0,60.0,1,0.86155,34.43448
80.0,60.0,2,0.89887,15.76878
80.0,60.0,3,0.95036,22.13615
80.0,60.0,4,1.0344,-5.9105
80.0,60.0,5,0.92901,-2.29408
80.0,60.0,6,0.93398,-13.36355
80.0,65.0,0,1.00484,31.71528
80.0,65.0,1,0.86579,35.35249
80.0,65.0,2,0.90235,12.58811
80.0,65.0,3,0.98024,19.33497
80.0,65.0,4,1.07583,-5.26993
80.0,65.0,5,0.94871,-1.76622
80.0,65.0,6,0.93114,-13.6622
80.0,70.0,0,1.01689,31.78964
80.0,70.0,1,0.8605,31.55124
80.0,70.0,2,0.9319,12.03127
80.0,70.0,3,1.00536,20.07977
80.0,70.0,4,1.09697,-7.42205
80.0,70.0,5,0.95876,0.33188
80.0,70.0,6,0.91607,-12.13944
80.0,75.0,0,1.01727,30.83078
80.0,75.0,1,0.87226,32.97108
80.0,75.0,2,0.93861,10.80939
80.0,75.0,3,1.04063,19.7961
80.0,75.0,4,1.11493,-6.33411
80.0,75.0,5,0.95226,-2.39727
80.0,75.0,6,0.90166,-11.59399
80.0,80.0,0,1.01955,29.42966
80.0,80.0,1,0.87685,29.97785
80.0,80.0,2,0.95133,10.66305
80.0,80.0,3,1.05701,21.91072
80.0,80.0,4,1.11318,-7.29211
80.0,80.0,5,0.92401,0.95276
80.0,80.0,6,0.90536,-10.80294
80.0,85.0,0,1.02327,28.02455
80.0,85.0,1,0.86821,30.95204
80.0,85.0,2,0.97613,10.40508
80.0,85.0,3,1.07468,18.38666
80.0,85.0,4,1.10101,-8.225
80.0,85.0,5,0.90957,-0.97412
80.0,85.0,6,0.93063,-10.26735
80.0,90.0,0,1.00851,27.82304
80.0,90.0,1,0.86673,29.59809
80.0,90.0,2,0.9911,11.2145
80.0,90.0,3,1.07004,20.00646
80.0,90.0,4,1.08647,-6.84128
80.0,90.0,5,0.91001,-1.41061
80.0,90.0,6,0.95674,-9.24567
80.0,95.0,0,0.9974,26.27064
80.0,95.0,1,0.8749,28.39925
80.0,95.0,2,0.99436,9.06462
80.0,95.0,3,1.06977,16.82257
80.0,95.0,4,1.06534,-5.8113
80.0,95.0,5,0.91315,0.76112
80.0,95.0,6,0.97392,-9.84012
80.0,100.0,0,0.99592,25.67512
80.0,100.0,1,0.88092,27.41312
80.0,100.0,2,1.00714,7.26418
80.0,100.0,3,1.05198,18.63118
80.0,100.0,4,1.04506,-6.33013
80.0,100.0,5,0.93539,0.84781
80.0,100.0,6,0.98801,-5.73434
80.0,105.0,0,0.97317,26.95789
80.0,105.0,1,0.86458,27.28808
80.0,105.0,2,1.01608,6.98527
80.0,105.0,3,1.03053,16.13311
80.0,105.0,4,1.03292,-7.34486
80.0,105.0,5,0.94846,3.03964
80.0,105.0,6,0.9723,-8.21398
80.0,110.0,0,0.96331,22.92787
80.0,110.0,1,0.86733,25.45911
80.0,110.0,2,0.99543,8.64878
80.0,110.0,3,1.00267,16.98127
80.0,110.0,4,1.02562,-7.04124
80.0,110.0,5,0.94975,2.29609
80.0,110.0,6,0.94234,-6.40826
80.0,115.0,0,0.94214,23.46248
80.0,115.0,1,0.87334,26.07973
80.0,115.0,2,0.99566,5.79064
80.0,115.0,3,0.97255,17.09078
80.0,115.0,4,1.0327,-6.34573
80.0,115.0,5,0.94777,2.69727
80.0,115.0,6,0.89541,-6.47068
80.0,120.0,0,0.92199,24.23067
80.0,120.0,1,0.85155,27.5174
80.0,120.0,2,0.97056,7.58036
80.0,120.0,3,0.94291,17.62131
80.0,120.0,4,1.03277,-4.92744
80.0,120.0,5,0.9284,3.04198
80.0,120.0,6,0.86345,-4.42772
80.0,125.0,0,0.91226,21.49962
80.0,125.0,1,0.84689,23.03221
80.0,125.0,2,0.93763,7.7233
80.0,125.0,3,0.92211,17.84153
80.0,125.0,4,1.04193,-4.15166
80.0,125.0,5,0.89825,4.75559
80.0,125.0,6,0.8437,-3.81425
80.0,130.0,0,0.88182,23.08505
80.0,130.0,1,0.84043,23.77253
80.0,130.0,2,0.91263,6.90872
80.0,130.0,3,0.91136,19.26822
80.0,130.0,4,1.02744,-4.44338
80.0,130.0,5,0.84614,5.04746
80.0,130.0,6,0.83896,-2.27562
80.0,135.0,0,0.84107,21.00917
80.0,135.0,1,0.82232,23.35603
80.0,135.0,2,0.87804,5.39153
80.0,135.0,3,0.8839,18.20877
80.0,135.0,4,1.00845,-2.76835
80.0,135.0,5,0.80218,5.318
80.0,135.0,6,0.8343,-3.44241
80.0,140.0,0,0.82675,20.66857
80.0,140.0,1,0.80296,20.62822
80.0,140.0,2,0.82877,6.82223
80.0,140.0,3,0.88544,19.47946
80.0,140.0,4,0.97748,-4.27368
80.0,140.0,5,0.76811,7.85234
80.0,140.0,6,0.83823,-2.27673
80.0,145.0,0,0.80509,20.10844
80.0,145.0,1,0.77039,20.93196
80.0,145.0,2,0.79817,6.40863
80.0,145.0,3,0.87033,19.31783
80.0,145.0,4,0.93465,-2.96032
80.0,145.0,5,0.74694,6.46225
80.0,145.0,6,0.81849,1.4746
80.0,150.0,0,0.77495,19.8006
80.0,150.0,1,0.75893,22.50375
80.0,150.0,2,0.75761,3.30764
80.0,150.0,3,0.86158,19.40174
80.0,150.0,4,0.89083,-0.86191
80.0,150.0,5,0.74354,7.73628
80.0,150.0,6,0.79034,2.82699
80.0,155.0,0,0.74616,19.03816
80.0,155.0,1,0.72523,21.40897
80.0,155.0,2,0.71159,5.76453
80.0,155.0,3,0.83457,18.53565
80.0,155.0,4,0.83139,-1.82935
80.0,155.0,5,0.72436,8.01898
80.0,155.0,6,0.73554,0.63877
80.0,160.0,0,0.71553,16.73686
80.0,160.0,1,0.68415,20.11062
80.0,160.0,2,0.67858,5.90282
80.0,160.0,3,0.8104,19.8006
80.0,160.0,4,0.77918,0.45708
80.0,160.0,5,0.70652,10.62194
80.0,160.0,6,0.67464,0.14101
80.0,165.0,0,0.6911,18.20102
80.0,165.0,1,0.65033,21.60449
80.0,165.0,2,0.66009,6.34451
80.0,165.0,3,0.77017,21.57045
80.0,165.0,4,0.75541,-0.04189
80.0,165.0,5,0.69227,10.65121
80.0,165.0,6,0.6254,3.15415
80.0,170.0,0,0.67523,16.40407
80.0,170.0,1,0.60432,20.97166
80.0,170.0,2,0.63287,6.06529
80.0,170.0,3,0.73759,22.32429
80.0,170.0,4,0.72806,1.39491
80.0,170.0,5,0.66315,12.42912
80.0,170.0,6,0.58179,1.95344
80.0,175.0,0,0.64117,15.61561
80.0,175.0,1,0.55935,19.67813
80.0,175.0,2,0.61305,5.35549
80.0,175.0,3,0.69074,21.18958
80.0,175.0,4,0.70081,1.92644
80.0,175.0,5,0.59639,12.96055
80.0,175.0,6,0.57453,2.39592
80.0,180.0,0,0.61563,14.21971
80.0,180.0,1,0.51903,19.29838
80.0,180.0,2,0.58733,5.45947
80.0,180.0,3,0.64136,22.37729
80.0,180.0,4,0.67407,2.40462
80.0,180.0,5,0.54772,12.91599
80.0,180.0,6,0.55711,3.89839
85.0,0.0,0,0.60596,37.09262
85.0,0.0,1,0.51292,41.92486
85.0,0.0,2,0.6142,21.42236
85.0,0.0,3,0.63833,27.82052
85.0,0.0,4,0.66423,-0.5018
85.0,0.0,5,0.53044,-1.26356
85.0,0.0,6,0.58013,-17.43915
85.0,5.0,0,0.6438,36.93029
85.0,5.0,1,0.55525,41.79583
85.0,5.0,2,0.65446,22.58309
85.0,5.0,3,0.7015,26.18683
85.0,5.0,4,0.73364,-1.58409
85.0,5.0,5,0.5809,-3.62798
85.0,5.0,6,0.64367,-17.79568
85.0,10.0,0,0.68862,36.53983
85.0,10.0,1,0.60013,39.95624
85.0,10.0,2,0.69242,20.25629
85.0,10.0,3,0.7421,26.0553
85.0,10.0,4,0.77286,-3.88411
85.0,10.0,5,0.63826,-3.36346
85.0,10.0,6,0.6742,-19.12454
85.0,15.0,0,0.72975,35.29109
85.0,15.0,1,0.63603,40.76431
85.0,15.0,2,0.74486,20.25026
85.0,15.0,3,0.78834,26.56328
85.0,15.0,4,0.8125,-5.47602
85.0,15.0,5,0.67318,-2.39477
85.0,15.0,6,0.71841,-17.3869
85.0,20.0,0,0.76378,36.96005
85.0,20.0,1,0.68178,41.43253
85.0,20.0,2,0.7789,19.184
85.0,20.0,3,0.82079,24.58572
85.0,20.0,4,0.8386,-5.74992
85.0,20.0,5,0.6892,-2.67497
85.0,20.0,6,0.72316,-19.00323
85.0,25.0,0,0.80133,36.37679
85.0,25.0,1,0.71025,40.69784
85.0,25.0,2,0.81057,18.51029
85.0,25.0,3,0.85667,24.61028
85.0,25.0,4,0.85887,-4.53157
85.0,25.0,5,0.69979,-4.44044
85.0,25.0,6,0.72991,-18.93227
85.0,30.0,0,0.84341,35.06334
85.0,30.0,1,0.74809,38.48221
85.0,30.0,2,0.83393,20.41006
85.0,30.0,3,0.86123,23.41349
85.0,30.0,4,0.86864,-4.2907
85.0,30.0,5,0.70192,-3.28327
85.0,30.0,6,0.7387,-17.6206
85.0,35.0,0,0.87726,35.56165
85.0,35.0,1,0.78204,37.01708
85.0,35.0,2,0.85769,18.81031
85.0,35.0,3,0.88333,24.65406
85.0,35.0,4,0.87881,-6.22663
85.0,35.0,5,0.72372,-5.23178
85.0,35.0,6,0.76512,-18.32199
85.0,40.0,0,0.91006,33.64709
85.0,40.0,1,0.79934,36.66555
85.0,40.0,2,0.87027,15.97953
85.0,40.0,3,0.88587,22.50246
85.0,40.0,4,0.89089,-6.85317
85.0,40.0,5,0.74291,-4.71927
85.0,40.0,6,0.80386,-16.37994
85.0,45.0,0,0.93588,33.41258
85.0,45.0,1,0.81777,35.51621
85.0,45.0,2,0.88537,15.46452
85.0,45.0,3,0.91028,24.34017
85.0,45.0,4,0.91171,-8.30073
85.0,45.0,5,0.79311,-5.5297
85.0,45.0,6,0.863,-17.5612
85.0,50.0,0,0.95245,33.77099
85.0,50.0,1,0.83966,37.3847
85.0,50.0,2,0.89185,14.26687
85.0,50.0,3,0.9117,20.40631
85.0,50.0,4,0.94923,-7.0563
85.0,50.0,5,0.82842,-3.03133
85.0,50.0,6,0.89961,-16.23264
85.0,55.0,0,0.95895,33.65924
85.0,55.0,1,0.8458,34.61203
85.0,55.0,2,0.89925,15.91308
85.0,55.0,3,0.93298,22.63748
85.0,55.0,4,0.9672,-8.93544
85.0,55.0,5,0.88208,-4.20857
85.0,55.0,6,0.94449,-17.28567
85.0,60.0,0,0.98307,33.01722
85.0,60.0,1,0.85326,34.42953
85.0,60.0,2,0.92181,13.14167
85.0,60.0,3,0.95771,20.60581
85.0,60.0,4,1.01501,-8.81692
85.0,60.0,5,0.91414,-2.93975
85.0,60.0,6,0.94896,-16.1792
85.0,65.0,0,1.00128,31.08914
85.0,65.0,1,0.8595,33.16206
85.0,65.0,2,0.92486,12.84365
85.0,65.0,3,0.99619,19.38706
85.0,65.0,4,1.04657,-9.55974
85.0,65.0,5,0.93697,-2.66117
85.0,65.0,6,0.94695,-15.10658
85.0,70.0,0,0.99981,34.2394
85.0,70.0,1,0.86544,33.0427
85.0,70.0,2,0.93681,12.10595
85.0,70.0,3,1.01401,20.08462
85.0,70.0,4,1.08134,-8.46671
85.0,70.0,5,0.93736,-2.14274
85.0,70.0,6,0.9307,-14.00716
85.0,75.0,0,1.01204,30.53306
85.0,75.0,1,0.86846,31.11228
85.0,75.0,2,0.95521,11.96598
85.0,75.0,3,1.04189,16.94533
85.0,75.0,4,1.09125,-8.38339
85.0,75.0,5,0.92432,-5.20557
85.0,75.0,6,0.91972,-12.93432
85.0,80.0,0,1.0127,29.94538
85.0,80.0,1,0.86539,31.33841
85.0,80.0,2,0.97827,10.40495
85.0,80.0,3,1.06644,18.43427
85.0,80.0,4,1.09609,-8.69284
85.0,80.0,5,0.91425,-4.42274
85.0,80.0,6,0.92637,-14.08366
85.0,85.0,0,1.00238,29.30224
85.0,85.0,1,0.87618,28.89063
85.0,85.0,2,0.99026,10.51238
85.0,85.0,3,1.07354,17.02134
85.0,85.0,4,1.0794,-7.79758
85.0,85.0,5,0.8927,-1.97301
85.0,85.0,6,0.9531,-10.81131
85.0,90.0,0,1.00417,28.42013
85.0,90.0,1,0.8685,28.53183
85.0,90.0,2,1.00165,7.33191
85.0,90.0,3,1.07872,16.35785
85.0,90.0,4,1.06987,-9.57739
85.0,90.0,5,0.8798,-2.00979
85.0,90.0,6,0.97812,-12.05661
85.0,95.0,0,0.98846,26.85484
85.0,95.0,1,0.87174,29.12614
85.0,95.0,2,1.01288,7.66004
85.0,95.0,3,1.08137,16.77402
85.0,95.0,4,1.04231,-8.1908
85.0,95.0,5,0.89457,-2.57697
85.0,95.0,6,0.99556,-11.15071
85.0,100.0,0,0.97661,27.29083
85.0,100.0,1,0.86626,30.0313
85.0,100.0,2,1.02244,7.28966
85.0,100.0,3,1.06632,17.54081
85.0,100.0,4,1.02586,-9.75189
85.0,100.0,5,0.90772,-1.60607
85.0,100.0,6,1.00798,-10.45535
85.0,105.0,0,0.96918,27.12901
85.0,105.0,1,0.86453,26.24243
85.0,105.0,2,1.02825,8.71481
85.0,105.0,3,1.04107,16.42852
85.0,105.0,4,1.02183,-8.69519
85.0,105.0,5,0.93244,-0.48536
85.0,105.0,6,0.99799,-10.14636
85.0,110.0,0,0.95277,26.35318
85.0,110.0,1,0.8629,26.09366
85.0,110.0,2,1.02327,6.88847
85.0,110.0,3,1.00799,17.22583
85.0,110.0,4,1.00739,-7.13232
85.0,110.0,5,0.92624,-1.2677
85.0,110.0,6,0.96374,-9.35994
85.0,115.0,0,0.94221,26.11545
85.0,115.0,1,0.86116,25.86407
85.0,115.0,2,1.00817,6.70012
85.0,115.0,3,0.99163,15.2381
85.0,115.0,4,1.01132,-8.34651
85.0,115.0,5,0.92573,1.51788
85.0,115.0,6,0.92424,-7.97151
85.0,120.0,0,0.91975,24.56954
85.0,120.0,1,0.86108,22.7478
85.0,120.0,2,0.98286,5.38938
85.0,120.0,3,0.95669,16.80265
85.0,120.0,4,1.01005,-6.40664
85.0,120.0,5,0.90693,4.07064
85.0,120.0,6,0.88245,-6.72355
85.0,125.0,0,0.89745,22.71885
85.0,125.0,1,0.85355,24.54556
85.0,125.0,2,0.95492,6.45937
85.0,125.0,3,0.92685,16.05479
85.0,125.0,4,1.01495,-4.3736
85.0,125.0,5,0.87793,3.29451
85.0,125.0,6,0.86894,-5.65238
85.0,130.0,0,0.87104,21.92627
85.0,130.0,1,0.83622,25.20947
85.0,130.0,2,0.9271,5.67968
85.0,130.0,3,0.91685,16.33667
85.0,130.0,4,1.00463,-4.72492
85.0,130.0,5,0.82731,3.3535
85.0,130.0,6,0.85746,-6.93626
85.0,135.0,0,0.8417,20.77422
85.0,135.0,1,0.8167,21.32849
85.0,135.0,2,0.89332,3.71471
85.0,135.0,3,0.90417,15.2255
85.0,135.0,4,0.98699,-6.84778
85.0,135.0,5,0.77832,4.12187
85.0,135.0,6,0.85081,-4.05973
85.0,140.0,0,0.82964,21.31579
85.0,140.0,1,0.80808,22.41837
85.0,140.0,2,0.85521,5.82391
85.0,140.0,3,0.90266,15.30633
85.0,140.0,4,0.96091,-5.20084
85.0,140.0,5,0.74633,3.50628
85.0,140.0,6,0.85964,-2.90672
85.0,145.0,0,0.80187,20.62733
85.0,145.0,1,0.7695,21.89361
85.0,145.0,2,0.81181,6.22496
85.0,145.0,3,0.88223,18.63871
85.0,145.0,4,0.91632,-3.82847
85.0,145.0,5,0.71376,5.45703
85.0,145.0,6,0.84236,-2.69452
85.0,150.0,0,0.77692,18.53839
85.0,150.0,1,0.75357,20.2081
85.0,150.0,2,0.77207,4.4969
85.0,150.0,3,0.86288,17.29981
85.0,150.0,4,0.86428,-4.35728
85.0,150.0,5,0.70456,7.43799
85.0,150.0,6,0.81272,-0.29373
85.0,155.0,0,0.74049,18.10644
85.0,155.0,1,0.72339,20.49878
85.0,155.0,2,0.72721,5.306
85.0,155.0,3,0.85923,17.11965
85.0,155.0,4,0.80973,-2.60226
85.0,155.0,5,0.69891,6.56365
85.0,155.0,6,0.75775,-1.12274
85.0,160.0,0,0.72056,18.60659
85.0,160.0,1,0.6786,20.95858
85.0,160.0,2,0.70871,7.65097
85.0,160.0,3,0.82459,18.48656
85.0,160.0,4,0.77197,-1.69872
85.0,160.0,5,0.69092,7.82534
85.0,160.0,6,0.69673,2.30479
85.0,165.0,0,0.68226,16.65611
85.0,165.0,1,0.64206,19.98848
85.0,165.0,2,0.67248,5.68429
85.0,165.0,3,0.79,16.1532
85.0,165.0,4,0.72993,-0.40925
85.0,165.0,5,0.67538,7.02279
85.0,165.0,6,0.65149,0.73593
85.0,170.0,0,0.65579,17.14246
85.0,170.0,1,0.59994,19.84872
85.0,170.0,2,0.65023,3.4943
85.0,170.0,3,0.74646,18.12497
85.0,170.0,4,0.70674,-4.03751
85.0,170.0,5,0.63336,9.23624
85.0,170.0,6,0.60665,1.39273
85.0,175.0,0,0.63869,15.3612
85.0,175.0,1,0.55777,18.87409
85.0,175.0,2,0.62936,6.86021
85.0,175.0,3,0.69302,18.79106
85.0,175.0,4,0.67981,0.86731
85.0,175.0,5,0.58757,9.18369
85.0,175.0,6,0.57834,1.76186
85.0,180.0,0,0.6151,14.3438
85.0,180.0,1,0.50831,18.53815
85.0,180.0,2,0.60311,6.90586
85.0,180.0,3,0.6445,18.21574
85.0,180.0,4,0.66188,-0.57809
85.0,180.0,5,0.53028,12.22171
85.0,180.0,6,0.57232,1.74382
90.0,0.0,0,0.60745,38.02078
90.0,0.0,1,0.5104,39.80469
90.0,0.0,2,0.62114,22.38889
90.0,0.0,3,0.65161,25.85365
90.0,0.0,4,0.62782,-2.81202
90.0,0.0,5,0.53395,-5.44849
90.0,0.0,6,0.61099,-20.07299
90.0,5.0,0,0.64324,37.80007
90.0,5.0,1,0.55606,42.29913
90.0,5.0,2,0.6614,21.0854
90.0,5.0,3,0.70926,25.22902
90.0,5.0,4,0.69675,-5.83224
90.0,5.0,5,0.58193,-4.53598
90.0,5.0,6,0.6641,-19.54112
90.0,10.0,0,0.67399,37.04275
90.0,10.0,1,0.60117,40.34225
90.0,10.0,2,0.71369,20.25276
90.0,10.0,3,0.74946,24.69148
90.0,10.0,4,0.74006,-4.70573
90.0,10.0,5,0.62489,-3.25726
90.0,10.0,6,0.72026,-21.21055
90.0,15.0,0,0.72429,35.39558
90.0,15.0,1,0.64184,38.83942
90.0,15.0,2,0.76282,21.74212
90.0,15.0,3,0.79274,24.49585
90.0,15.0,4,0.78337,-6.33219
90.0,15.0,5,0.66411,-4.48883
90.0,15.0,6,0.75319,-20.04667
90.0,20.0,0,0.76641,36.67392
90.0,20.0,1,0.67352,39.14991
90.0,20.0,2,0.79598,18.68391
90.0,20.0,3,0.81626,22.90867
90.0,20.0,4,0.81632,-7.38557
90.0,20.0,5,0.68678,-5.15348
90.0,20.0,6,0.76285,-19.93674
90.0,25.0,0,0.80489,35.72686
90.0,25.0,1,0.71746,38.9388
90.0,25.0,2,0.83381,17.07581
90.0,25.0,3,0.85775,24.18339
90.0,25.0,4,0.83447,-8.04496
90.0,25.0,5,0.70052,-4.16555
90.0,25.0,6,0.76086,-19.17225
90.0,30.0,0,0.83664,35.40037
90.0,30.0,1,0.75302,38.17742
90.0,30.0,2,0.8553,16.01008
90.0,30.0,3,0.86174,21.12197
90.0,30.0,4,0.83782,-7.90354
90.0,30.0,5,0.69417,-6.60569
90.0,30.0,6,0.78231,-19.49128
90.0,35.0,0,0.86928,34.25372
90.0,35.0,1,0.77687,37.00281
90.0,35.0,2,0.87586,16.66046
90.0,35.0,3,0.88702,22.43892
90.0,35.0,4,0.84686,-8.81994
90.0,35.0,5,0.71702,-6.99165
90.0,35.0,6,0.80521,-17.83641
90.0,40.0,0,0.89458,36.39007
90.0,40.0,1,0.79072,37.92458
90.0,40.0,2,0.88703,14.49502
90.0,40.0,3,0.88563,19.87195
90.0,40.0,4,0.85771,-8.07387
90.0,40.0,5,0.74158,-7.10333
90.0,40.0,6,0.83619,-21.31233
90.0,45.0,0,0.92366,35.36521
90.0,45.0,1,0.82573,35.67442
90.0,45.0,2,0.89234,14.50982
90.0,45.0,3,0.90892,19.30085
90.0,45.0,4,0.88406,-7.6496
90.0,45.0,5,0.77669,-5.58676
90.0,45.0,6,0.89612,-18.73408
90.0,50.0,0,0.94283,36.31768
90.0,50.0,1,0.83315,36.30417
90.0,50.0,2,0.9141,14.49656
90.0,50.0,3,0.91835,20.2571
90.0,50.0,4,0.91089,-10.11923
90.0,50.0,5,0.81684,-6.03568
90.0,50.0,6,0.93841,-19.29351
90.0,55.0,0,0.96213,34.25475
90.0,55.0,1,0.85794,32.93352
90.0,55.0,2,0.92146,13.52773
90.0,55.0,3,0.93911,16.89448
90.0,55.0,4,0.95138,-9.13939
90.0,55.0,5,0.85978,-6.67271
90.0,55.0,6,0.98763,-16.41842
90.0,60.0,0,0.98626,32.43084
90.0,60.0,1,0.85359,34.1761
90.0,60.0,2,0.93314,11.1495
90.0,60.0,3,0.96401,19.19471
90.0,60.0,4,0.98352,-9.68556
90.0,60.0,5,0.90577,-5.79773
90.0,60.0,6,0.99722,-17.63396
90.0,65.0,0,0.99425,33.77875
90.0,65.0,1,0.86421,33.07268
90.0,65.0,2,0.94288,11.32264
90.0,65.0,3,0.98135,18.2722
90.0,65.0,4,1.02469,-11.88089
90.0,65.0,5,0.91549,-5.8421
90.0,65.0,6,0.99133,-18.09832
90.0,70.0,0,1.00946,31.56721
90.0,70.0,1,0.87388,32.51014
90.0,70.0,2,0.96153,10.4204
90.0,70.0,3,1.02152,16.77301
90.0,70.0,4,1.05148,-9.73424
90.0,70.0,5,0.934,-6.61305
90.0,70.0,6,0.9741,-16.44703
90.0,75.0,0,1.01184,32.16085
90.0,75.0,1,0.86722,30.32064
90.0,75.0,2,0.973,11.87263
90.0,75.0,3,1.04953,17.53327
90.0,75.0,4,1.06495,-8.89629
90.0,75.0,5,0.91351,-4.85886
90.0,75.0,6,0.96138,-16.89281
90.0,80.0,0,1.01121,31.04304
90.0,80.0,1,0.8685,31.04323
90.0,80.0,2,0.9879,10.75658
90.0,80.0,3,1.071,14.86316
90.0,80.0,4,1.07447,-11.61007
90.0,80.0,5,0.89693,-5.36386
90.0,80.0,6,0.96217,-14.99379
90.0,85.0,0,0.99938,30.22149
90.0,85.0,1,0.86402,30.72617
90.0,85.0,2,0.99333,8.08802
90.0,85.0,3,1.08469,15.52046
90.0,85.0,4,1.05181,-11.64371
90.0,85.0,5,0.88413,-4.20938
90.0,85.0,6,0.98428,-14.157
90.0,90.0,0,1.00381,29.26419
90.0,90.0,1,0.87009,30.25204
90.0,90.0,2,1.02613,7.53859
90.0,90.0,3,1.08492,15.84169
90.0,90.0,4,1.04461,-13.20366
90.0,90.0,5,0.88323,-4.09576
90.0,90.0,6,1.0106,-12.99841
90.0,95.0,0,0.98809,27.86383
90.0,95.0,1,0.86525,27.87012
90.0,95.0,2,1.02584,7.25325
90.0,95.0,3,1.08418,16.07454
90.0,95.0,4,1.01932,-9.62167
90.0,95.0,5,0.88304,-1.29704
90.0,95.0,6,1.03582,-14.16596
90.0,100.0,0,0.97606,28.54186
90.0,100.0,1,0.87723,27.26066
90.0,100.0,2,1.03622,6.09351
90.0,100.0,3,1.07014,16.61732
90.0,100.0,4,0.99547,-9.30323
90.0,100.0,5,0.90428,-3.89533
90.0,100.0,6,1.0446,-11.37445
90.0,105.0,0,0.96791,26.44029
90.0,105.0,1,0.86411,29.69776
90.0,105.0,2,1.04909,8.13727
90.0,105.0,3,1.04681,15.80292
90.0,105.0,4,0.98781,-11.1274
90.0,105.0,5,0.91614,-3.14158
90.0,105.0,6,1.02551,-11.81517
90.0,110.0,0,0.95354,26.21434
90.0,110.0,1,0.86718,25.53387
90.0,110.0,2,1.02971,7.05171
90.0,110.0,3,1.01909,14.91581
90.0,110.0,4,0.98043,-9.83383
90.0,110.0,5,0.92267,-1.05553
90.0,110.0,6,0.99497,-11.91416
90.0,115.0,0,0.92591,24.59376
90.0,115.0,1,0.86308,24.61349
90.0,115.0,2,1.02081,5.08223
90.0,115.0,3,0.99021,14.08966
90.0,115.0,4,0.98423,-9.87746
90.0,115.0,5,0.91458,0.06715
90.0,115.0,6,0.95515,-9.53574
90.0,120.0,0,0.90214,23.04769
90.0,120.0,1,0.85979,27.51414
90.0,120.0,2,1.00388,4.05928
90.0,120.0,3,0.96345,14.58642
90.0,120.0,4,0.98072,-7.96203
90.0,120.0,5,0.90104,-0.3112
90.0,120.0,6,0.91562,-10.20372
90.0,125.0,0,0.88758,21.66749
90.0,125.0,1,0.8442,22.15323
90.0,125.0,2,0.97465,4.22571
90.0,125.0,3,0.93271,16.74031
90.0,125.0,4,0.97584,-9.11172
90.0,125.0,5,0.86338,0.24444
90.0,125.0,6,0.89295,-8.36623
90.0,130.0,0,0.87167,21.55655
90.0,130.0,1,0.83761,23.01687
90.0,130.0,2,0.93393,3.74471
90.0,130.0,3,0.92049,15.90159
90.0,130.0,4,0.98114,-7.10996
90.0,130.0,5,0.81502,-0.36215
90.0,130.0,6,0.892,-7.35548
90.0,135.0,0,0.84175,22.97493
90.0,135.0,1,0.82459,22.11683
90.0,135.0,2,0.90167,4.07273
90.0,135.0,3,0.90612,16.32643
90.0,135.0,4,0.95502,-7.25343
90.0,135.0,5,0.77379,2.82516
90.0,135.0,6,0.89655,-6.15988
90.0,140.0,0,0.81524,19.01274
90.0,140.0,1,0.80686,21.49867
90.0,140.0,2,0.86502,4.67281
90.0,140.0,3,0.89431,14.60678
90.0,140.0,4,0.93088,-7.39595
90.0,140.0,5,0.73254,3.36765
90.0,140.0,6,0.89396,-6.62185
90.0,145.0,0,0.79218,20.18253
90.0,145.0,1,0.77511,20.61598
90.0,145.0,2,0.82262,4.8391
90.0,145.0,3,0.88851,15.62265
90.0,145.0,4,0.89245,-6.11555
90.0,145.0,5,0.71633,2.46807
90.0,145.0,6,0.8796,-4.29643
90.0,150.0,0,0.75325,17.70564
90.0,150.0,1,0.75747,20.67094
90.0,150.0,2,0.78872,2.92161
90.0,150.0,3,0.874,16.05106
90.0,150.0,4,0.83755,-5.69204
90.0,150.0,5,0.69546,3.00231
90.0,150.0,6,0.83775,-6.35257
90.0,155.0,0,0.73679,17.46638
90.0,155.0,1,0.721,20.75837
90.0,155.0,2,0.74746,3.532
90.0,155.0,3,0.85026,13.84248
90.0,155.0,4,0.78999,-5.45984
90.0,155.0,5,0.69596,6.49031
90.0,155.0,6,0.80014,-2.5697
90.0,160.0,0,0.70136,18.34649
90.0,160.0,1,0.68277,19.14245
90.0,160.0,2,0.72222,3.23334
90.0,160.0,3,0.83087,18.71217
90.0,160.0,4,0.73953,-3.69503
90.0,160.0,5,0.68737,6.98365
90.0,160.0,6,0.72997,-4.84596
90.0,165.0,0,0.69231,16.56699
90.0,165.0,1,0.64089,18.96251
90.0,165.0,2,0.68444,4.47866
90.0,165.0,3,0.79824,18.03959
90.0,165.0,4,0.70356,-3.16663
90.0,165.0,5,0.65545,8.0343
90.0,165.0,6,0.67594,-3.38735
90.0,170.0,0,0.65745,15.83424
90.0,170.0,1,0.61017,19.75769
90.0,170.0,2,0.66837,5.92733
90.0,170.0,3,0.74506,17.00914
90.0,170.0,4,0.68315,-2.79336
90.0,170.0,5,0.62896,8.57202
90.0,170.0,6,0.64176,-1.20658
90.0,175.0,0,0.6276,15.84472
90.0,175.0,1,0.55931,20.02888
90.0,175.0,2,0.63355,3.44818
90.0,175.0,3,0.69478,18.42655
90.0,175.0,4,0.65579,-0.6388
90.0,175.0,5,0.57163,7.96753
90.0,175.0,6,0.61618,-0.38758
90.0,180.0,0,0.60306,16.0257
90.0,180.0,1,0.51394,19.83251
90.0,180.0,2,0.62245,4.61751
90.0,180.0,3,0.65348,18.65664
90.0,180.0,4,0.64304,-0.74356
90.0,180.0,5,0.52446,9.13222
90.0,180.0,6,0.60109,-0.23042
95.0,0.0,0,0.59773,37.21509
95.0,0.0,1,0.51259,40.24262
95.0,0.0,2,0.63991,20.80982
95.0,0.0,3,0.64226,25.83316
95.0,0.0,4,0.6114,-4.51284
95.0,0.0,5,0.53778,-6.38543
95.0,0.0,6,0.65175,-21.61158
95.0,5.0,0,0.63931,37.47178
95.0,5.0,1,0.55317,38.27394
95.0,5.0,2,0.68524,21.67529
95.0,5.0,3,0.69589,24.60365
95.0,5.0,4,0.67139,-6.74505
95.0,5.0,5,0.59262,-7.28241
95.0,5.0,6,0.70959,-24.45098
95.0,10.0,0,0.67241,37.42697
95.0,10.0,1,0.60032,40.61306
95.0,10.0,2,0.72452,19.18669
95.0,10.0,3,0.75085,23.16913
95.0,10.0,4,0.72438,-7.19007
95.0,10.0,5,0.63906,-8.9642
95.0,10.0,6,0.75464,-23.83229
95.0,15.0,0,0.71569,36.93163
95.0,15.0,1,0.63754,37.20177
95.0,15.0,2,0.7723,20.73312
95.0,15.0,3,0.79645,24.18061
95.0,15.0,4,0.75701,-9.05133
95.0,15.0,5,0.67223,-7.26993
95.0,15.0,6,0.77661,-21.75557
95.0,20.0,0,0.75684,36.54882
95.0,20.0,1,0.68225,38.56675
95.0,20.0,2,0.81427,16.7794
95.0,20.0,3,0.83006,23.09024
95.0,20.0,4,0.78748,-9.86012
95.0,20.0,5,0.69483,-9.20922
95.0,20.0,6,0.79967,-23.50281
95.0,25.0,0,0.79871,36.15366
95.0,25.0,1,0.72598,37.11858
95.0,25.0,2,0.82872,17.78352
95.0,25.0,3,0.84296,21.16582
95.0,25.0,4,0.80452,-9.13026
95.0,25.0,5,0.70372,-8.97347
95.0,25.0,6,0.79393,-22.2868
95.0,30.0,0,0.83159,36.51037
95.0,30.0,1,0.74603,36.85379
95.0,30.0,2,0.86551,16.06328
95.0,30.0,3,0.87694,18.65995
95.0,30.0,4,0.80821,-8.57555
95.0,30.0,5,0.71212,-8.87436
95.0,30.0,6,0.81204,-20.11272
95.0,35.0,0,0.85845,35.77239
95.0,35.0,1,0.78285,37.28931
95.0,35.0,2,0.89002,14.16665
95.0,35.0,3,0.88407,20.91692
95.0,35.0,4,0.82437,-12.10717
95.0,35.0,5,0.72483,-9.35153
95.0,35.0,6,0.82567,-20.82862
95.0,40.0,0,0.89423,35.69459
95.0,40.0,1,0.80488,36.5296
95.0,40.0,2,0.91697,15.76074
95.0,40.0,3,0.88634,18.18541
95.0,40.0,4,0.84135,-10.61035
95.0,40.0,5,0.74802,-9.64122
95.0,40.0,6,0.86574,-23.46377
95.0,45.0,0,0.91384,32.91347
95.0,45.0,1,0.81446,33.79777
95.0,45.0,2,0.91684,13.7179
95.0,45.0,3,0.89907,17.11934
95.0,45.0,4,0.85225,-12.22719
95.0,45.0,5,0.78532,-6.64972
95.0,45.0,6,0.93384,-22.41713
95.0,50.0,0,0.9411,34.91165
95.0,50.0,1,0.83981,35.78912
95.0,50.0,2,0.9254,12.88866
95.0,50.0,3,0.91744,19.2306
95.0,50.0,4,0.8912,-10.96428
95.0,50.0,5,0.81952,-6.96615
95.0,50.0,6,0.978,-22.20376
95.0,55.0,0,0.96047,34.25565
95.0,55.0,1,0.84843,34.35727
95.0,55.0,2,0.93144,14.33944
95.0,55.0,3,0.93085,17.11207
95.0,55.0,4,0.91499,-13.59307
95.0,55.0,5,0.87562,-8.91367
95.0,55.0,6,1.0074,-19.99847
95.0,60.0,0,0.97747,32.77853
95.0,60.0,1,0.85869,33.14729
95.0,60.0,2,0.94271,11.13465
95.0,60.0,3,0.95543,16.33167
95.0,60.0,4,0.9529,-11.35123
95.0,60.0,5,0.90588,-7.20747
95.0,60.0,6,1.0328,-20.33126
95.0,65.0,0,0.99798,31.50287
95.0,65.0,1,0.86232,31.60478
95.0,65.0,2,0.95527,10.1517
95.0,65.0,3,0.98467,15.28407
95.0,65.0,4,0.99658,-12.4845
95.0,65.0,5,0.93271,-7.7632
95.0,65.0,6,1.02136,-19.33995
95.0,70.0,0,1.00585,31.05559
95.0,70.0,1,0.8601,31.54971
95.0,70.0,2,0.97523,9.81795
95.0,70.0,3,1.01985,14.14063
95.0,70.0,4,1.02901,-11.45932
95.0,70.0,5,0.93713,-6.8465
95.0,70.0,6,1.01387,-18.77193
95.0,75.0,0,0.99398,31.60984
95.0,75.0,1,0.87375,29.5446
95.0,75.0,2,0.99816,9.00334
95.0,75.0,3,1.04732,14.33686
95.0,75.0,4,1.03686,-12.84306
95.0,75.0,5,0.92161,-6.37349
95.0,75.0,6,1.00191,-20.69677
95.0,80.0,0,1.00733,29.0425
95.0,80.0,1,0.88182,29.37153
95.0,80.0,2,1.00563,7.69188
95.0,80.0,3,1.06912,14.07808
95.0,80.0,4,1.04333,-13.05478
95.0,80.0,5,0.91197,-7.6174
95.0,80.0,6,0.99549,-17.3048
95.0,85.0,0,1.00107,29.48201
95.0,85.0,1,0.86466,28.9609
95.0,85.0,2,1.01665,6.86337
95.0,85.0,3,1.08704,13.02519
95.0,85.0,4,1.02706,-13.39495
95.0,85.0,5,0.89634,-6.53153
95.0,85.0,6,1.01576,-15.39078
95.0,90.0,0,1.0023,26.54769
95.0,90.0,1,0.86869,26.25845
95.0,90.0,2,1.03628,6.57348
95.0,90.0,3,1.09149,11.38527
95.0,90.0,4,1.0098,-13.3986
95.0,90.0,5,0.89281,-5.6682
95.0,90.0,6,1.05006,-15.53362
95.0,95.0,0,0.98951,27.32336
95.0,95.0,1,0.86588,28.53552
95.0,95.0,2,1.04473,5.62159
95.0,95.0,3,1.08792,14.47115
95.0,95.0,4,0.99027,-11.72823
95.0,95.0,5,0.90031,-5.93413
95.0,95.0,6,1.07221,-13.94485
95.0,100.0,0,0.97066,27.45732
95.0,100.0,1,0.86701,26.12513
95.0,100.0,2,1.04863,4.91124
95.0,100.0,3,1.07078,12.5341
95.0,100.0,4,0.97751,-11.53913
95.0,100.0,5,0.90631,-4.77169
95.0,100.0,6,1.07584,-14.98918
95.0,105.0,0,0.95247,26.73353
95.0,105.0,1,0.87562,25.03432
95.0,105.0,2,1.05345,5.45324
95.0,105.0,3,1.04307,12.79725
95.0,105.0,4,0.97223,-12.37569
95.0,105.0,5,0.92171,-5.23599
95.0,105.0,6,1.06332,-12.12774
95.0,110.0,0,0.94889,26.81722
95.0,110.0,1,0.8625,27.09998
95.0,110.0,2,1.04978,5.28577
95.0,110.0,3,1.00983,12.62232
95.0,110.0,4,0.94954,-11.8892
95.0,110.0,5,0.93886,-5.51087
95.0,110.0,6,1.03167,-13.37798
95.0,115.0,0,0.92578,24.44142
95.0,115.0,1,0.8672,24.26494
95.0,115.0,2,1.03367,4.71842
95.0,115.0,3,0.98591,11.45453
95.0,115.0,4,0.96466,-11.83909
95.0,115.0,5,0.92463,-3.25976
95.0,115.0,6,0.98943,-13.1791
95.0,120.0,0,0.90957,22.42063
95.0,120.0,1,0.85284,21.90171
95.0,120.0,2,1.01452,3.50156
95.0,120.0,3,0.96072,14.52269
95.0,120.0,4,0.96064,-12.07465
95.0,120.0,5,0.90664,-2.19362
95.0,120.0,6,0.95533,-10.48711
95.0,125.0,0,0.8898,22.17871
95.0,125.0,1,0.84968,23.00502
95.0,125.0,2,0.98498,2.38832
95.0,125.0,3,0.93369,12.06397
95.0,125.0,4,0.96374,-9.42341
95.0,125.0,5,0.87557,-1.7179
95.0,125.0,6,0.92939,-8.52303
95.0,130.0,0,0.85834,22.3558
95.0,130.0,1,0.83596,22.37387
95.0,130.0,2,0.96158,3.26257
95.0,130.0,3,0.91738,14.01559
95.0,130.0,4,0.94594,-10.83573
95.0,130.0,5,0.82449,-4.1336
95.0,130.0,6,0.92038,-8.58309
95.0,135.0,0,0.84483,19.40028
95.0,135.0,1,0.81832,21.87239
95.0,135.0,2,0.9176,3.92346
95.0,135.0,3,0.90117,13.28155
95.0,135.0,4,0.93665,-10.57718
95.0,135.0,5,0.78775,1.4861
95.0,135.0,6,0.93521,-8.68998
95.0,140.0,0,0.81337,20.36883
95.0,140.0,1,0.80637,21.23266
95.0,140.0,2,0.8812,2.40302
95.0,140.0,3,0.88217,12.00553
95.0,140.0,4,0.90858,-9.08072
95.0,140.0,5,0.74462,-0.48311
95.0,140.0,6,0.9285,-6.86376
95.0,145.0,0,0.78836,20.69254
95.0,145.0,1,0.78021,18.91194
95.0,145.0,2,0.83902,1.41464
95.0,145.0,3,0.88491,14.53124
95.0,145.0,4,0.87248,-8.2792
95.0,145.0,5,0.71541,-0.24835
95.0,145.0,6,0.90809,-7.16562
95.0,150.0,0,0.76375,19.38386
95.0,150.0,1,0.75584,19.02522
95.0,150.0,2,0.80281,2.59877
95.0,150.0,3,0.86448,12.90089
95.0,150.0,4,0.8149,-7.58776
95.0,150.0,5,0.7036,1.08208
95.0,150.0,6,0.88417,-5.67839
95.0,155.0,0,0.72366,18.44342
95.0,155.0,1,0.72089,18.83982
95.0,155.0,2,0.76138,2.21236
95.0,155.0,3,0.85258,14.60786
95.0,155.0,4,0.76414,-8.46721
95.0,155.0,5,0.70571,3.32452
95.0,155.0,6,0.82161,-6.61262
95.0,160.0,0,0.70133,17.51873
95.0,160.0,1,0.6809,19.84706
95.0,160.0,2,0.72586,3.63581
95.0,160.0,3,0.81316,13.89056
95.0,160.0,4,0.72243,-5.21282
95.0,160.0,5,0.68409,3.05173
95.0,160.0,6,0.7698,-2.31377
95.0,165.0,0,0.67431,15.9785
95.0,165.0,1,0.64815,18.73864
95.0,165.0,2,0.70091,3.13082
95.0,165.0,3,0.79208,16.5539
95.0,165.0,4,0.67116,-6.20708
95.0,165.0,5,0.66212,4.65369
95.0,165.0,6,0.71347,-4.30916
95.0,170.0,0,0.65606,15.84447
95.0,170.0,1,0.60678,17.58658
95.0,170.0,2,0.67523,2.05361
95.0,170.0,3,0.75475,16.59041
95.0,170.0,4,0.64934,-4.66141
95.0,170.0,5,0.63033,4.66195
95.0,170.0,6,0.67645,-2.93188
95.0,175.0,0,0.61959,16.89968
95.0,175.0,1,0.553,16.59081
95.0,175.0,2,0.65452,2.39397
95.0,175.0,3,0.70336,15.19102
95.0,175.0,4,0.63358,-4.61766
95.0,175.0,5,0.58769,5.92087
95.0,175.0,6,0.65352,-4.43297
95.0,180.0,0,0.59629,14.76084
95.0,180.0,1,0.5118,17.46538
95.0,180.0,2,0.63456,0.92137
95.0,180.0,3,0.64657,16.9711
95.0,180.0,4,0.61388,-3.94417
95.0,180.0,5,0.51822,9.06485
95.0,180.0,6,0.64326,-0.78119
100.0,0.0,0,0.58851,35.3984
100.0,0.0,1,0.51125,39.49866
100.0,0.0,2,0.64866,18.50233
100.0,0.0,3,0.63549,24.22333
100.0,0.0,4,0.59245,-8.2505
100.0,0.0,5,0.55306,-7.82171
100.0,0.0,6,0.66129,-23.28966
100.0,5.0,0,0.63153,37.23822
100.0,5.0,1,0.55466,38.79826
100.0,5.0,2,0.69794,19.42465
100.0,5.0,3,0.69154,24.69636
100.0,5.0,4,0.64893,-9.05066
100.0,5.0,5,0.605,-8.46322
100.0,5.0,6,0.72274,-23.93717
100.0,10.0,0,0.67802,35.13167
100.0,10.0,1,0.60293,40.31621
100.0,10.0,2,0.74048,16.749
100.0,10.0,3,0.7398,20.91629
100.0,10.0,4,0.69421,-8.24704
100.0,10.0,5,0.65764,-10.12805
100.0,10.0,6,0.77519,-25.21561
100.0,15.0,0,0.71599,34.66902
100.0,15.0,1,0.64275,38.32185
100.0,15.0,2,0.7831,15.93311
100.0,15.0,3,0.77654,21.20266
100.0,15.0,4,0.73797,-9.87433
100.0,15.0,5,0.69786,-7.34662
100.0,15.0,6,0.80053,-24.41481
100.0,20.0,0,0.74842,35.89242
100.0,20.0,1,0.6888,39.83392
100.0,20.0,2,0.82059,17.42639
100.0,20.0,3,0.80762,22.62865
100.0,20.0,4,0.76807,-11.87142
100.0,20.0,5,0.71201,-9.95886
100.0,20.0,6,0.81797,-24.38127
100.0,25.0,0,0.7792,36.4666
100.0,25.0,1,0.72433,38.18577
100.0,25.0,2,0.86132,14.35958
100.0,25.0,3,0.8329,19.69578
100.0,25.0,4,0.78671,-12.29527
100.0,25.0,5,0.71543,-12.26365
100.0,25.0,6,0.81157,-24.19256
100.0,30.0,0,0.81947,35.13255
100.0,30.0,1,0.75249,36.58008
100.0,30.0,2,0.88142,14.39365
100.0,30.0,3,0.85471,18.36681
100.0,30.0,4,0.79783,-10.69225
100.0,30.0,5,0.7238,-10.19765
100.0,30.0,6,0.83391,-24.41358
100.0,35.0,0,0.86553,35.04931
100.0,35.0,1,0.77986,35.52256
100.0,35.0,2,0.90726,13.65082
100.0,35.0,3,0.88291,18.77548
100.0,35.0,4,0.80398,-12.22246
100.0,35.0,5,0.74165,-9.24524
100.0,35.0,6,0.84862,-24.78023
100.0,40.0,0,0.88755,34.42705
100.0,40.0,1,0.80978,33.64461
100.0,40.0,2,0.91719,13.62417
100.0,40.0,3,0.87736,16.6361
100.0,40.0,4,0.81824,-11.81953
100.0,40.0,5,0.75988,-10.8664
100.0,40.0,6,0.90334,-22.80636
100.0,45.0,0,0.91155,33.95193
100.0,45.0,1,0.82657,34.92529
100.0,45.0,2,0.93487,12.8342
100.0,45.0,3,0.88932,17.89707
100.0,45.0,4,0.83018,-12.43872
100.0,45.0,5,0.80583,-9.49216
100.0,45.0,6,0.94532,-24.61833
100.0,50.0,0,0.93932,34.67989
100.0,50.0,1,0.83181,34.67415
100.0,50.0,2,0.94653,10.19258
100.0,50.0,3,0.91233,15.99605
100.0,50.0,4,0.87308,-11.47988
100.0,50.0,5,0.85474,-10.74199
100.0,50.0,6,1.00674,-22.75507
100.0,55.0,0,0.95999,33.32544
100.0,55.0,1,0.85071,32.53172
100.0,55.0,2,0.95453,10.74825
100.0,55.0,3,0.93153,18.22041
100.0,55.0,4,0.89655,-16.23043
100.0,55.0,5,0.88519,-10.71992
100.0,55.0,6,1.0454,-23.2832
100.0,60.0,0,0.97135,32.24459
100.0,60.0,1,0.86466,32.06398
100.0,60.0,2,0.96048,9.66761
100.0,60.0,3,0.94003,14.15503
100.0,60.0,4,0.94056,-13.29285
100.0,60.0,5,0.92923,-11.59738
100.0,60.0,6,1.05089,-21.7409
100.0,65.0,0,0.98233,30.0676
100.0,65.0,1,0.86045,32.25016
100.0,65.0,2,0.97071,9.83749
100.0,65.0,3,0.973,14.92025
100.0,65.0,4,0.98382,-15.00862
100.0,65.0,5,0.95187,-9.50596
100.0,65.0,6,1.03933,-22.2539
100.0,70.0,0,0.99644,30.45618
100.0,70.0,1,0.86681,32.12033
100.0,70.0,2,0.98859,7.39949
100.0,70.0,3,1.00801,12.81119
100.0,70.0,4,1.00529,-14.53785
100.0,70.0,5,0.9588,-10.89113
100.0,70.0,6,1.02667,-20.03269
100.0,75.0,0,1.00658,29.99869
100.0,75.0,1,0.87302,28.25726
100.0,75.0,2,1.00355,8.02054
100.0,75.0,3,1.03782,12.6945
100.0,75.0,4,1.01943,-17.36859
100.0,75.0,5,0.94153,-8.87581
100.0,75.0,6,1.0154,-20.19592
100.0,80.0,0,0.99465,29.89872
100.0,80.0,1,0.86603,28.54529
100.0,80.0,2,1.0184,6.58252
100.0,80.0,3,1.06566,11.83789
100.0,80.0,4,1.02218,-15.23934
100.0,80.0,5,0.93666,-8.87445
100.0,80.0,6,1.01427,-18.99268
100.0,85.0,0,0.99506,30.62747
100.0,85.0,1,0.86548,28.95399
100.0,85.0,2,1.03047,5.94973
100.0,85.0,3,1.06992,12.41811
100.0,85.0,4,1.0153,-14.47349
100.0,85.0,5,0.91512,-9.20966
100.0,85.0,6,1.03821,-18.93683
100.0,90.0,0,0.98683,28.89545
100.0,90.0,1,0.86582,27.67033
100.0,90.0,2,1.0454,5.69558
100.0,90.0,3,1.08162,12.6151
100.0,90.0,4,1.00019,-15.49168
100.0,90.0,5,0.91351,-7.931
100.0,90.0,6,1.06364,-19.2373
100.0,95.0,0,0.9765,28.76282
100.0,95.0,1,0.87174,27.136
100.0,95.0,2,1.06267,5.239
100.0,95.0,3,1.06627,10.68793
100.0,95.0,4,0.96674,-15.44674
100.0,95.0,5,0.91997,-8.45451
100.0,95.0,6,1.08776,-17.48163
100.0,100.0,0,0.9691,26.8733
100.0,100.0,1,0.86908,25.26341
100.0,100.0,2,1.05895,4.70956
100.0,100.0,3,1.06079,10.59514
100.0,100.0,4,0.95524,-14.95391
100.0,100.0,5,0.92557,-7.3377
100.0,100.0,6,1.0969,-17.2123
100.0,105.0,0,0.95142,25.1479
100.0,105.0,1,0.87962,25.22909
100.0,105.0,2,1.07166,3.28186
100.0,105.0,3,1.03184,10.08542
100.0,105.0,4,0.93261,-16.27139
100.0,105.0,5,0.94045,-7.42081
100.0,105.0,6,1.08273,-16.95036
100.0,110.0,0,0.94322,24.3572
100.0,110.0,1,0.87402,22.73651
100.0,110.0,2,1.07051,3.55602
100.0,110.0,3,1.00873,12.5034
100.0,110.0,4,0.93551,-14.83428
100.0,110.0,5,0.96015,-3.89868
100.0,110.0,6,1.05481,-15.18741
100.0,115.0,0,0.9288,24.41713
100.0,115.0,1,0.86011,22.74833
100.0,115.0,2,1.05534,2.18805
100.0,115.0,3,0.97236,11.84254
100.0,115.0,4,0.94112,-12.3673
100.0,115.0,5,0.94525,-6.07282
100.0,115.0,6,1.01555,-12.38495
100.0,120.0,0,0.90475,23.09586
100.0,120.0,1,0.85875,23.11401
100.0,120.0,2,1.02609,2.6261
100.0,120.0,3,0.94929,12.11541
100.0,120.0,4,0.94065,-14.071
100.0,120.0,5,0.92256,-4.89859
100.0,120.0,6,0.99068,-12.31447
100.0,125.0,0,0.87717,21.61898
100.0,125.0,1,0.84979,21.45642
100.0,125.0,2,1.00296,2.84723
100.0,125.0,3,0.9328,10.6957
100.0,125.0,4,0.93548,-12.84347
100.0,125.0,5,0.89118,-4.14464
100.0,125.0,6,0.94536,-11.62362
100.0,130.0,0,0.8564,23.65165
100.0,130.0,1,0.84272,19.8052
100.0,130.0,2,0.96513,0.55065
100.0,130.0,3,0.90283,12.055
100.0,130.0,4,0.93094,-13.09095
100.0,130.0,5,0.85829,-4.11324
100.0,130.0,6,0.95179,-11.3968
100.0,135.0,0,0.83182,19.77508
100.0,135.0,1,0.82642,18.88226
100.0,135.0,2,0.92513,2.23509
100.0,135.0,3,0.89079,11.47884
100.0,135.0,4,0.92748,-11.19891
100.0,135.0,5,0.80379,-3.27635
100.0,135.0,6,0.95313,-10.0647
100.0,140.0,0,0.81518,20.11957
100.0,140.0,1,0.80731,20.53916
100.0,140.0,2,0.89358,0.40291
100.0,140.0,3,0.88193,12.01937
100.0,140.0,4,0.89091,-10.44481
100.0,140.0,5,0.77381,-1.46592
100.0,140.0,6,0.95311,-8.63289
100.0,145.0,0,0.77886,19.89849
100.0,145.0,1,0.78404,18.41155
100.0,145.0,2,0.85382,1.24388
100.0,145.0,3,0.86827,10.45279
100.0,145.0,4,0.84265,-11.92434
100.0,145.0,5,0.73777,-1.0356
100.0,145.0,6,0.93509,-9.6907
100.0,150.0,0,0.7484,18.91363
100.0,150.0,1,0.7549,18.51143
100.0,150.0,2,0.82139,1.36127
100.0,150.0,3,0.85306,13.39203
100.0,150.0,4,0.79748,-10.30177
100.0,150.0,5,0.72465,-0.63255
100.0,150.0,6,0.90351,-8.57307
100.0,155.0,0,0.72642,16.94509
100.0,155.0,1,0.72106,17.98285
100.0,155.0,2,0.78172,2.09567
100.0,155.0,3,0.8449,13.07697
100.0,155.0,4,0.74694,-9.6283
100.0,155.0,5,0.72323,-0.46729
100.0,155.0,6,0.84845,-8.72267
100.0,160.0,0,0.7009,17.51659
100.0,160.0,1,0.6876,18.79526
100.0,160.0,2,0.74707,0.06757
100.0,160.0,3,0.80947,13.09682
100.0,160.0,4,0.6912,-8.26685
100.0,160.0,5,0.71333,2.42945
100.0,160.0,6,0.79133,-7.62746
100.0,165.0,0,0.67039,15.2975
100.0,165.0,1,0.64397,16.74747
100.0,165.0,2,0.71798,1.74406
100.0,165.0,3,0.77731,13.48004
100.0,165.0,4,0.6681,-9.20631
100.0,165.0,5,0.69775,2.82271
100.0,165.0,6,0.74612,-6.23206
100.0,170.0,0,0.63122,16.34247
100.0,170.0,1,0.6061,17.38545
100.0,170.0,2,0.69561,3.47567
100.0,170.0,3,0.73935,13.13668
100.0,170.0,4,0.62626,-7.15146
100.0,170.0,5,0.65523,3.32181
100.0,170.0,6,0.69485,-5.02428
100.0,175.0,0,0.61429,16.93571
100.0,175.0,1,0.55813,16.97632
100.0,175.0,2,0.66737,1.16131
100.0,175.0,3,0.69668,14.96812
100.0,175.0,4,0.61444,-6.78276
100.0,175.0,5,0.60977,2.86401
100.0,175.0,6,0.68273,-4.84447
100.0,180.0,0,0.59865,14.66834
100.0,180.0,1,0.51548,17.33316
100.0,180.0,2,0.65804,2.1973
100.0,180.0,3,0.63793,15.44161
100.0,180.0,4,0.59506,-5.22218
100.0,180.0,5,0.55421,3.08346
100.0,180.0,6,0.67015,-4.68936
105.0,0.0,0,0.58536,36.52616
105.0,0.0,1,0.5139,38.57631
105.0,0.0,2,0.65685,19.599
105.0,0.0,3,0.61651,22.41873
105.0,0.0,4,0.58495,-9.30533
105.0,0.0,5,0.58144,-11.07704
105.0,0.0,6,0.67095,-27.29214
105.0,5.0,0,0.61989,35.66715
105.0,5.0,1,0.56356,39.17758
105.0,5.0,2,0.70426,16.28612
105.0,5.0,3,0.67231,20.80829
105.0,5.0,4,0.64432,-10.86939
105.0,5.0,5,0.63202,-9.68062
105.0,5.0,6,0.7278,-27.30476
105.0,10.0,0,0.65944,35.08811
105.0,10.0,1,0.60515,38.01863
105.0,10.0,2,0.75851,17.94422
105.0,10.0,3,0.72538,20.36858
105.0,10.0,4,0.68964,-11.67097
105.0,10.0,5,0.68415,-10.84487
105.0,10.0,6,0.77301,-26.14021
105.0,15.0,0,0.70668,35.74024
105.0,15.0,1,0.65393,37.21037
105.0,15.0,2,0.79513,14.51915
105.0,15.0,3,0.76916,19.46567
105.0,15.0,4,0.72629,-12.57401
105.0,15.0,5,0.71643,-11.71081
105.0,15.0,6,0.80966,-27.05895
105.0,20.0,0,0.74797,35.25681
105.0,20.0,1,0.68958,38.25395
105.0,20.0,2,0.84065,16.68543
105.0,20.0,3,0.79096,16.10414
105.0,20.0,4,0.75558,-13.758
105.0,20.0,5,0.73983,-11.93942
105.0,20.0,6,0.82021,-27.10538
105.0,25.0,0,0.78407,36.8971
105.0,25.0,1,0.73582,35.94353
105.0,25.0,2,0.86047,11.92923
105.0,25.0,3,0.81851,17.75548
105.0,25.0,4,0.76567,-13.69932
105.0,25.0,5,0.7577,-11.98876
105.0,25.0,6,0.83156,-26.77611
105.0,30.0,0,0.81937,34.11523
105.0,30.0,1,0.7594,36.15915
105.0,30.0,2,0.89503,12.68318
105.0,30.0,3,0.84216,16.69365
105.0,30.0,4,0.77582,-12.45545
105.0,30.0,5,0.75795,-12.88949
105.0,30.0,6,0.83036,-26.61359
105.0,35.0,0,0.84489,33.35002
105.0,35.0,1,0.77952,35.86332
105.0,35.0,2,0.91911,12.43922
105.0,35.0,3,0.85568,15.801
105.0,35.0,4,0.79641,-14.62161
105.0,35.0,5,0.76731,-15.62285
105.0,35.0,6,0.85684,-26.21733
105.0,40.0,0,0.87984,35.16271
105.0,40.0,1,0.80605,34.12694
105.0,40.0,2,0.93224,11.93866
105.0,40.0,3,0.86457,14.50784
105.0,40.0,4,0.80128,-14.63533
105.0,40.0,5,0.79598,-14.25123
105.0,40.0,6,0.90082,-26.78677
105.0,45.0,0,0.90094,33.76991
105.0,45.0,1,0.82838,34.2018
105.0,45.0,2,0.93894,9.79929
105.0,45.0,3,0.87917,16.82827
105.0,45.0,4,0.82507,-15.85391
105.0,45.0,5,0.83417,-13.38946
105.0,45.0,6,0.9474,-24.58505
105.0,50.0,0,0.93265,31.99541
105.0,50.0,1,0.8498,32.3109
105.0,50.0,2,0.949,9.53683
105.0,50.0,3,0.89808,13.76166
105.0,50.0,4,0.85588,-14.88593
105.0,50.0,5,0.87933,-13.91539
105.0,50.0,6,1.00238,-24.49818
105.0,55.0,0,0.94895,32.88021
105.0,55.0,1,0.85013,31.1435
105.0,55.0,2,0.96502,6.75664
105.0,55.0,3,0.92551,13.64416
105.0,55.0,4,0.88661,-17.42884
105.0,55.0,5,0.92095,-13.21406
105.0,55.0,6,1.0377,-24.1558
105.0,60.0,0,0.9697,32.48083
105.0,60.0,1,0.86253,30.71142
105.0,60.0,2,0.96515,9.43959
105.0,60.0,3,0.93262,11.60619
105.0,60.0,4,0.93113,-14.81128
105.0,60.0,5,0.96034,-11.71171
105.0,60.0,6,1.05454,-21.78746
105.0,65.0,0,0.9823,32.87305
105.0,65.0,1,0.87097,31.26838
105.0,65.0,2,0.98523,7.70311
105.0,65.0,3,0.95262,12.4073
105.0,65.0,4,0.96249,-17.16903
105.0,65.0,5,0.98183,-12.83254
105.0,65.0,6,1.04866,-24.27369
105.0,70.0,0,0.99604,31.94994
105.0,70.0,1,0.86778,26.91106
105.0,70.0,2,1.00293,5.82217
105.0,70.0,3,0.98675,13.22672
105.0,70.0,4,0.99647,-18.40783
105.0,70.0,5,0.98851,-13.25601
105.0,70.0,6,1.03677,-24.60128
105.0,75.0,0,0.98223,30.22379
105.0,75.0,1,0.879,26.99772
105.0,75.0,2,1.01662,6.5784
105.0,75.0,3,1.01755,10.72122
105.0,75.0,4,1.01059,-18.12085
105.0,75.0,5,0.97942,-10.30569
105.0,75.0,6,1.02242,-23.2699
105.0,80.0,0,0.98864,28.56684
105.0,80.0,1,0.87384,30.23197
105.0,80.0,2,1.03338,4.82572
105.0,80.0,3,1.037,9.58244
105.0,80.0,4,1.00568,-16.60948
105.0,80.0,5,0.95427,-10.95038
105.0,80.0,6,1.02462,-22.82405
105.0,85.0,0,0.98764,29.86851
105.0,85.0,1,0.87644,26.7123
105.0,85.0,2,1.05358,5.0736
105.0,85.0,3,1.0572,9.67571
105.0,85.0,4,0.99059,-18.04086
105.0,85.0,5,0.94523,-12.63528
105.0,85.0,6,1.04765,-21.51078
105.0,90.0,0,0.97887,26.4224
105.0,90.0,1,0.8843,26.57812
105.0,90.0,2,1.0577,4.40363
105.0,90.0,3,1.0593,10.10087
105.0,90.0,4,0.98187,-17.16573
105.0,90.0,5,0.93584,-10.24781
105.0,90.0,6,1.06992,-21.22059
105.0,95.0,0,0.98261,27.42051
105.0,95.0,1,0.88351,25.57751
105.0,95.0,2,1.07121,2.31632
105.0,95.0,3,1.05714,9.6182
105.0,95.0,4,0.96367,-16.76454
105.0,95.0,5,0.94676,-9.4444
105.0,95.0,6,1.09433,-22.68191
105.0,100.0,0,0.97821,25.01893
105.0,100.0,1,0.87478,24.33492
105.0,100.0,2,1.08043,0.77226
105.0,100.0,3,1.03985,9.87737
105.0,100.0,4,0.94647,-17.06785
105.0,100.0,5,0.96448,-8.60826
105.0,100.0,6,1.10193,-19.04122
105.0,105.0,0,0.96578,24.82342
105.0,105.0,1,0.88203,25.8791
105.0,105.0,2,1.08185,1.32307
105.0,105.0,3,1.0186,10.24985
105.0,105.0,4,0.92555,-16.08777
105.0,105.0,5,0.97564,-9.43879
105.0,105.0,6,1.08969,-19.14332
105.0,110.0,0,0.94152,23.3232
105.0,110.0,1,0.87922,22.79059
105.0,110.0,2,1.07801,2.17317
105.0,110.0,3,0.97999,8.72045
105.0,110.0,4,0.92075,-16.11663
105.0,110.0,5,0.98493,-6.61828
105.0,110.0,6,1.05528,-17.65019
105.0,115.0,0,0.91593,22.16877
105.0,115.0,1,0.86679,22.50438
105.0,115.0,2,1.0718,1.39979
105.0,115.0,3,0.95492,7.35699
105.0,115.0,4,0.92511,-14.29148
105.0,115.0,5,0.97954,-8.13233
105.0,115.0,6,1.02432,-16.36515
105.0,120.0,0,0.90305,23.56241
105.0,120.0,1,0.86483,22.43993
105.0,120.0,2,1.05244,-0.5986
105.0,120.0,3,0.9246,10.88557
105.0,120.0,4,0.93642,-16.13249
105.0,120.0,5,0.96271,-7.77927
105.0,120.0,6,0.9799,-15.18041
105.0,125.0,0,0.86966,22.95324
105.0,125.0,1,0.85064,21.39895
105.0,125.0,2,1.02513,-0.00943
105.0,125.0,3,0.91588,10.01375
105.0,125.0,4,0.92933,-13.99805
105.0,125.0,5,0.93053,-6.22893
105.0,125.0,6,0.95613,-14.68943
105.0,130.0,0,0.84863,21.89982
105.0,130.0,1,0.84017,20.84997
105.0,130.0,2,0.99047,0.06361
105.0,130.0,3,0.88407,9.30834
105.0,130.0,4,0.93225,-12.06083
105.0,130.0,5,0.88013,-5.16621
105.0,130.0,6,0.94991,-13.02458
105.0,135.0,0,0.82359,20.38542
105.0,135.0,1,0.82405,19.45529
105.0,135.0,2,0.94496,-0.61667
105.0,135.0,3,0.86877,8.24161
105.0,135.0,4,0.89929,-12.15335
105.0,135.0,5,0.83252,-3.65712
105.0,135.0,6,0.94903,-14.082
105.0,140.0,0,0.80175,19.0662
105.0,140.0,1,0.81282,19.27443
105.0,140.0,2,0.90535,0.57372
105.0,140.0,3,0.86037,8.55138
105.0,140.0,4,0.86956,-10.71853
105.0,140.0,5,0.7935,-5.02022
105.0,140.0,6,0.95443,-11.24498
105.0,145.0,0,0.77328,17.38992
105.0,145.0,1,0.77505,18.03333
105.0,145.0,2,0.85999,-1.00637
105.0,145.0,3,0.86124,8.85602
105.0,145.0,4,0.82181,-14.25986
105.0,145.0,5,0.77894,-3.02445
105.0,145.0,6,0.94162,-10.43665
105.0,150.0,0,0.75823,17.86554
105.0,150.0,1,0.75671,15.58559
105.0,150.0,2,0.83077,-0.70987
105.0,150.0,3,0.83341,9.80964
105.0,150.0,4,0.78305,-12.03514
105.0,150.0,5,0.75934,-2.15122
105.0,150.0,6,0.89886,-8.67898
105.0,155.0,0,0.73083,15.80951
105.0,155.0,1,0.72727,17.3459
105.0,155.0,2,0.78631,-1.59923
105.0,155.0,3,0.82736,11.55274
105.0,155.0,4,0.73065,-11.31711
105.0,155.0,5,0.75254,-1.33251
105.0,155.0,6,0.84091,-8.63269
105.0,160.0,0,0.69034,18.98984
105.0,160.0,1,0.68265,16.3118
105.0,160.0,2,0.76118,0.20105
105.0,160.0,3,0.79136,11.2868
105.0,160.0,4,0.68295,-8.96289
105.0,160.0,5,0.74471,-0.28271
105.0,160.0,6,0.79191,-8.04276
105.0,165.0,0,0.66617,17.63304
105.0,165.0,1,0.6502,15.17141
105.0,165.0,2,0.72666,0.23068
105.0,165.0,3,0.75581,11.00633
105.0,165.0,4,0.65642,-10.43606
105.0,165.0,5,0.73263,1.00585
105.0,165.0,6,0.73995,-7.81167
105.0,170.0,0,0.6373,14.78252
105.0,170.0,1,0.60973,15.7296
105.0,170.0,2,0.70806,-0.22366
105.0,170.0,3,0.73052,12.55879
105.0,170.0,4,0.61723,-7.8729
105.0,170.0,5,0.69148,1.23472
105.0,170.0,6,0.70085,-5.50159
105.0,175.0,0,0.61439,15.54486
105.0,175.0,1,0.55799,18.17844
105.0,175.0,2,0.68901,-1.23488
105.0,175.0,3,0.67699,12.14137
105.0,175.0,4,0.59356,-8.92213
105.0,175.0,5,0.6329,1.0032
105.0,175.0,6,0.67363,-5.93382
105.0,180.0,0,0.58237,14.9061
105.0,180.0,1,0.5198,16.2665
105.0,180.0,2,0.66574,-0.34432
105.0,180.0,3,0.62172,13.21635
105.0,180.0,4,0.57384,-7.14685
105.0,180.0,5,0.57484,2.70581
105.0,180.0,6,0.66914,-7.51488
110.0,0.0,0,0.57919,37.02108
110.0,0.0,1,0.52286,37.10912
110.0,0.0,2,0.67873,16.06227
110.0,0.0,3,0.6014,19.90379
110.0,0.0,4,0.57854,-12.48971
110.0,0.0,5,0.61482,-13.73022
110.0,0.0,6,0.6585,-28.37927
110.0,5.0,0,0.6199,36.37324
110.0,5.0,1,0.56455,37.02119
110.0,5.0,2,0.72201,15.45354
110.0,5.0,3,0.6573,17.6474
110.0,5.0,4,0.63495,-12.3304
110.0,5.0,5,0.66386,-13.20172
110.0,5.0,6,0.70688,-28.61715
110.0,10.0,0,0.66021,34.47666
110.0,10.0,1,0.61374,36.65293
110.0,10.0,2,0.76512,14.09699
110.0,10.0,3,0.69897,19.00331
110.0,10.0,4,0.6824,-13.24659
110.0,10.0,5,0.72016,-12.3368
110.0,10.0,6,0.75888,-28.44817
110.0,15.0,0,0.70538,36.26171
110.0,15.0,1,0.65263,35.94988
110.0,15.0,2,0.80351,14.02507
110.0,15.0,3,0.74135,18.12015
110.0,15.0,4,0.72042,-12.70855
110.0,15.0,5,0.76214,-15.35414
110.0,15.0,6,0.79059,-29.3913
110.0,20.0,0,0.74462,33.46421
110.0,20.0,1,0.69409,36.42787
110.0,20.0,2,0.85209,12.59293
110.0,20.0,3,0.77713,17.38341
110.0,20.0,4,0.76198,-13.99022
110.0,20.0,5,0.76919,-14.58929
110.0,20.0,6,0.79865,-28.27788
110.0,25.0,0,0.77082,34.03899
110.0,25.0,1,0.73093,34.15072
110.0,25.0,2,0.87029,11.58712
110.0,25.0,3,0.80652,16.78591
110.0,25.0,4,0.76403,-15.56154
110.0,25.0,5,0.78146,-14.15554
110.0,25.0,6,0.81161,-28.48817
110.0,30.0,0,0.8109,34.15835
110.0,30.0,1,0.76133,32.50297
110.0,30.0,2,0.90918,10.5212
110.0,30.0,3,0.82508,15.91696
110.0,30.0,4,0.77953,-16.77033
110.0,30.0,5,0.78846,-14.88048
110.0,30.0,6,0.80893,-28.97633
110.0,35.0,0,0.83449,34.53238
110.0,35.0,1,0.79721,32.99582
110.0,35.0,2,0.92615,10.76124
110.0,35.0,3,0.83191,14.12429
110.0,35.0,4,0.78408,-16.72109
110.0,35.0,5,0.80306,-14.55451
110.0,35.0,6,0.83232,-28.85267
110.0,40.0,0,0.8803,32.74615
110.0,40.0,1,0.81154,33.41877
110.0,40.0,2,0.94348,8.92921
110.0,40.0,3,0.84528,13.65271
110.0,40.0,4,0.81161,-16.38528
110.0,40.0,5,0.82543,-14.73801
110.0,40.0,6,0.87481,-27.79148
110.0,45.0,0,0.90572,32.84441
110.0,45.0,1,0.83451,32.90454
110.0,45.0,2,0.968,9.8234
110.0,45.0,3,0.8599,12.57994
110.0,45.0,4,0.82904,-18.75254
110.0,45.0,5,0.86215,-16.13845
110.0,45.0,6,0.93826,-27.08779
110.0,50.0,0,0.92619,32.90343
110.0,50.0,1,0.85088,31.15195
110.0,50.0,2,0.96572,6.90651
110.0,50.0,3,0.86037,10.91916
110.0,50.0,4,0.85014,-17.33245
110.0,50.0,5,0.91545,-14.89152
110.0,50.0,6,0.98983,-26.40414
110.0,55.0,0,0.94346,30.79688
110.0,55.0,1,0.86375,31.1968
110.0,55.0,2,0.97243,6.87293
110.0,55.0,3,0.88555,12.93148
110.0,55.0,4,0.8881,-18.57189
110.0,55.0,5,0.95401,-14.95657
110.0,55.0,6,1.01541,-24.61922
110.0,60.0,0,0.96688,32.81206
110.0,60.0,1,0.86755,29.98366
110.0,60.0,2,0.97657,7.14825
110.0,60.0,3,0.91443,12.30549
110.0,60.0,4,0.9293,-17.49146
110.0,60.0,5,0.9898,-14.5957
110.0,60.0,6,1.02172,-26.32788
110.0,65.0,0,0.972,29.85481
110.0,65.0,1,0.87835,30.47005
110.0,65.0,2,0.99267,5.02163
110.0,65.0,3,0.94638,10.64435
110.0,65.0,4,0.96107,-18.58202
110.0,65.0,5,1.0093,-16.26375
110.0,65.0,6,1.02246,-24.60052
110.0,70.0,0,0.98302,30.526
110.0,70.0,1,0.87617,26.944
110.0,70.0,2,1.01212,5.05379
110.0,70.0,3,0.9788,8.04109
110.0,70.0,4,0.99694,-18.4782
110.0,70.0,5,1.01719,-16.15502
110.0,70.0,6,0.99988,-24.09259
110.0,75.0,0,0.99015,30.09495
110.0,75.0,1,0.87835,26.69547
110.0,75.0,2,1.02369,2.47961
110.0,75.0,3,0.99665,8.99712
110.0,75.0,4,1.01001,-20.70011
110.0,75.0,5,1.01132,-14.07064
110.0,75.0,6,1.00017,-25.1692
110.0,80.0,0,0.98273,28.99532
110.0,80.0,1,0.87854,26.34473
110.0,80.0,2,1.04045,2.82951
110.0,80.0,3,1.0137,9.54522
110.0,80.0,4,1.01707,-17.8675
110.0,80.0,5,0.98657,-13.90509
110.0,80.0,6,0.99929,-23.68285
110.0,85.0,0,0.98325,27.72335
110.0,85.0,1,0.88521,25.20851
110.0,85.0,2,1.05861,-1.05701
110.0,85.0,3,1.03804,5.86891
110.0,85.0,4,1.00894,-21.29543
110.0,85.0,5,0.97306,-13.39396
110.0,85.0,6,1.02851,-24.3349
110.0,90.0,0,0.97397,27.52583
110.0,90.0,1,0.87557,26.52782
110.0,90.0,2,1.07562,0.06993
110.0,90.0,3,1.04256,7.75957
110.0,90.0,4,0.97444,-18.74363
110.0,90.0,5,0.96702,-12.02067
110.0,90.0,6,1.04717,-20.50178
110.0,95.0,0,0.97453,26.38921
110.0,95.0,1,0.8812,22.76305
110.0,95.0,2,1.08427,1.9132
110.0,95.0,3,1.03654,6.87261
110.0,95.0,4,0.95711,-18.80971
110.0,95.0,5,0.97743,-10.23579
110.0,95.0,6,1.0635,-21.76471
110.0,100.0,0,0.95561,25.8739
110.0,100.0,1,0.89057,21.57304
110.0,100.0,2,1.08953,1.55415
110.0,100.0,3,1.01733,7.89587
110.0,100.0,4,0.93355,-17.51988
110.0,100.0,5,0.99394,-12.23953
110.0,100.0,6,1.091,-18.25002
110.0,105.0,0,0.94801,25.13778
110.0,105.0,1,0.88156,21.31186
110.0,105.0,2,1.09814,0.08347
110.0,105.0,3,0.99943,6.73592
110.0,105.0,4,0.92675,-18.40285
110.0,105.0,5,1.01125,-10.49315
110.0,105.0,6,1.06775,-18.10868
110.0,110.0,0,0.9326,24.67073
110.0,110.0,1,0.88476,22.34612
110.0,110.0,2,1.08424,-0.44778
110.0,110.0,3,0.96395,8.05197
110.0,110.0,4,0.91542,-18.20742
110.0,110.0,5,1.01524,-10.57007
110.0,110.0,6,1.03629,-17.88445
110.0,115.0,0,0.91232,22.77424
110.0,115.0,1,0.87545,20.49403
110.0,115.0,2,1.08336,-1.01272
110.0,115.0,3,0.94288,6.97309
110.0,115.0,4,0.92733,-17.94567
110.0,115.0,5,1.00883,-9.28304
110.0,115.0,6,1.00497,-16.55114
110.0,120.0,0,0.88609,23.52738
110.0,120.0,1,0.8755,20.22516
110.0,120.0,2,1.05789,-1.7092
110.0,120.0,3,0.91592,5.83521
110.0,120.0,4,0.93067,-16.75084
110.0,120.0,5,0.98748,-9.93349
110.0,120.0,6,0.96091,-18.55421
110.0,125.0,0,0.87246,21.73312
110.0,125.0,1,0.87492,19.41343
110.0,125.0,2,1.01907,-1.04635
110.0,125.0,3,0.88815,8.18216
110.0,125.0,4,0.92613,-17.26219
110.0,125.0,5,0.95396,-8.23131
110.0,125.0,6,0.93504,-15.28441
110.0,130.0,0,0.84901,20.0761
110.0,130.0,1,0.8543,19.67493
110.0,130.0,2,0.98993,-2.45108
110.0,130.0,3,0.86871,7.78187
110.0,130.0,4,0.92289,-16.80844
110.0,130.0,5,0.90195,-7.87192
110.0,130.0,6,0.92937,-14.76664
110.0,135.0,0,0.82248,19.16196
110.0,135.0,1,0.83269,18.69115
110.0,135.0,2,0.9545,-5.04097
110.0,135.0,3,0.84961,6.42338
110.0,135.0,4,0.90641,-16.14753
110.0,135.0,5,0.86583,-6.74402
110.0,135.0,6,0.92709,-15.6298
110.0,140.0,0,0.7983,19.43392
110.0,140.0,1,0.82512,17.1939
110.0,140.0,2,0.91515,-2.27056
110.0,140.0,3,0.85535,8.00598
110.0,140.0,4,0.87718,-15.81347
110.0,140.0,5,0.82693,-4.98228
110.0,140.0,6,0.92082,-14.28273
110.0,145.0,0,0.7745,18.30439
110.0,145.0,1,0.78365,16.8887
110.0,145.0,2,0.87596,-2.83496
110.0,145.0,3,0.83871,7.34433
110.0,145.0,4,0.83179,-16.26639
110.0,145.0,5,0.80411,-4.06427
110.0,145.0,6,0.92199,-14.42584
110.0,150.0,0,0.74489,16.93947
110.0,150.0,1,0.76214,15.99492
110.0,150.0,2,0.83407,-2.25161
110.0,150.0,3,0.82849,8.09277
110.0,150.0,4,0.79024,-15.03274
110.0,150.0,5,0.78254,-4.75746
110.0,150.0,6,0.88407,-12.93362
110.0,155.0,0,0.71206,18.38647
110.0,155.0,1,0.73844,17.29562
110.0,155.0,2,0.8037,-2.2598
110.0,155.0,3,0.79937,8.23308
110.0,155.0,4,0.73073,-14.67207
110.0,155.0,5,0.78228,-3.29168
110.0,155.0,6,0.82964,-11.58433
110.0,160.0,0,0.68964,17.31552
110.0,160.0,1,0.69067,14.75015
110.0,160.0,2,0.76646,-1.67319
110.0,160.0,3,0.7776,7.40334
110.0,160.0,4,0.67834,-11.7932
110.0,160.0,5,0.76266,-2.32768
110.0,160.0,6,0.78145,-12.37754
110.0,165.0,0,0.6648,14.18245
110.0,165.0,1,0.65406,14.94067
110.0,165.0,2,0.72941,-2.84723
110.0,165.0,3,0.74378,9.20511
110.0,165.0,4,0.65307,-13.73832
110.0,165.0,5,0.74806,-3.68526
110.0,165.0,6,0.7095,-9.09293
110.0,170.0,0,0.64135,15.81433
110.0,170.0,1,0.6134,15.34802
110.0,170.0,2,0.72422,-0.74871
110.0,170.0,3,0.69866,11.01013
110.0,170.0,4,0.61536,-9.80139
110.0,170.0,5,0.72019,-0.9864
110.0,170.0,6,0.67305,-9.61741
110.0,175.0,0,0.60776,14.27737
110.0,175.0,1,0.5679,14.14998
110.0,175.0,2,0.69202,-2.04116
110.0,175.0,3,0.65807,10.63759
110.0,175.0,4,0.5986,-11.44058
110.0,175.0,5,0.66373,-1.18205
110.0,175.0,6,0.65416,-8.17051
110.0,180.0,0,0.58749,13.24141
110.0,180.0,1,0.53505,15.15746
110.0,180.0,2,0.67606,-3.28543
110.0,180.0,3,0.60156,11.67096
110.0,180.0,4,0.58747,-10.35148
110.0,180.0,5,0.60938,0.5185
110.0,180.0,6,0.64264,-6.73388
115.0,0.0,0,0.57623,36.98265
115.0,0.0,1,0.53211,36.86696
115.0,0.0,2,0.67141,13.58856
115.0,0.0,3,0.57649,19.67813
115.0,0.0,4,0.59066,-15.92789
115.0,0.0,5,0.63221,-15.80146
115.0,0.0,6,0.62356,-30.73061
115.0,5.0,0,0.61232,34.17307
115.0,5.0,1,0.58374,35.19483
115.0,5.0,2,0.73255,13.39415
115.0,5.0,3,0.63136,17.83318
115.0,5.0,4,0.64272,-14.82994
115.0,5.0,5,0.68714,-16.63663
115.0,5.0,6,0.67481,-30.88534
115.0,10.0,0,0.65387,34.41694
115.0,10.0,1,0.6193,36.0968
115.0,10.0,2,0.77319,11.51052
115.0,10.0,3,0.67764,15.85442
115.0,10.0,4,0.69827,-15.54734
115.0,10.0,5,0.73437,-14.02789
115.0,10.0,6,0.72749,-30.31752
115.0,15.0,0,0.69574,32.14146
115.0,15.0,1,0.67231,35.88678
115.0,15.0,2,0.82158,11.04954
115.0,15.0,3,0.71615,14.71616
115.0,15.0,4,0.73316,-18.16267
115.0,15.0,5,0.77241,-14.65585
115.0,15.0,6,0.74281,-29.98268
115.0,20.0,0,0.73971,33.66409
115.0,20.0,1,0.70196,33.72185
115.0,20.0,2,0.85367,12.15919
115.0,20.0,3,0.74968,17.08787
115.0,20.0,4,0.76921,-17.12795
115.0,20.0,5,0.79755,-16.02076
115.0,20.0,6,0.7731,-28.7373
115.0,25.0,0,0.76949,34.60749
115.0,25.0,1,0.74536,32.97911
115.0,25.0,2,0.88929,10.68091
115.0,25.0,3,0.78144,13.38615
115.0,25.0,4,0.78529,-18.97243
115.0,25.0,5,0.80859,-15.44974
115.0,25.0,6,0.77228,-30.9486
115.0,30.0,0,0.80291,32.5954
115.0,30.0,1,0.76994,33.31163
115.0,30.0,2,0.90014,10.81308
115.0,30.0,3,0.79496,13.2055
115.0,30.0,4,0.78609,-19.39924
115.0,30.0,5,0.81389,-17.84926
115.0,30.0,6,0.78954,-30.88971
115.0,35.0,0,0.83563,33.91331
115.0,35.0,1,0.8041,30.93013
115.0,35.0,2,0.93509,6.99894
115.0,35.0,3,0.81866,11.38007
115.0,35.0,4,0.79346,-18.53001
115.0,35.0,5,0.82491,-16.49259
115.0,35.0,6,0.79989,-28.59883
115.0,40.0,0,0.87186,31.51943
115.0,40.0,1,0.82154,30.0943
115.0,40.0,2,0.94098,8.95334
115.0,40.0,3,0.8292,12.55354
115.0,40.0,4,0.80365,-20.30908
115.0,40.0,5,0.85022,-19.06504
115.0,40.0,6,0.8362,-28.13743
115.0,45.0,0,0.896,31.81565
115.0,45.0,1,0.83452,32.37953
115.0,45.0,2,0.95636,5.67246
115.0,45.0,3,0.84226,9.9967
115.0,45.0,4,0.82255,-19.75385
115.0,45.0,5,0.8872,-18.18734
115.0,45.0,6,0.89708,-28.00873
115.0,50.0,0,0.92667,32.51079
115.0,50.0,1,0.85262,30.65596
115.0,50.0,2,0.97203,4.32152
115.0,50.0,3,0.84673,8.67118
115.0,50.0,4,0.86292,-21.70228
115.0,50.0,5,0.93708,-17.79953
115.0,50.0,6,0.94431,-29.51015
115.0,55.0,0,0.94578,30.39942
115.0,55.0,1,0.85906,27.98849
115.0,55.0,2,0.98267,5.73427
115.0,55.0,3,0.87962,9.01828
115.0,55.0,4,0.89857,-21.39687
115.0,55.0,5,0.97674,-16.88548
115.0,55.0,6,0.98323,-30.16243
115.0,60.0,0,0.96166,30.41151
115.0,60.0,1,0.87458,27.43582
115.0,60.0,2,0.98955,5.11833
115.0,60.0,3,0.89568,8.58183
115.0,60.0,4,0.94504,-23.17905
115.0,60.0,5,1.01239,-16.08494
115.0,60.0,6,0.99879,-27.62573
115.0,65.0,0,0.96222,29.37762
115.0,65.0,1,0.88522,26.69547
115.0,65.0,2,1.0039,2.6494
115.0,65.0,3,0.91712,6.19985
115.0,65.0,4,0.96931,-20.88369
115.0,65.0,5,1.03274,-17.64703
115.0,65.0,6,1.00187,-27.73278
115.0,70.0,0,0.97769,30.59232
115.0,70.0,1,0.88143,26.26102
115.0,70.0,2,1.01254,3.54131
115.0,70.0,3,0.94957,6.58753
115.0,70.0,4,0.99512,-22.88206
115.0,70.0,5,1.04044,-15.42785
115.0,70.0,6,0.97588,-26.92232
115.0,75.0,0,0.98498,27.59573
115.0,75.0,1,0.88542,27.67792
115.0,75.0,2,1.03201,2.10148
115.0,75.0,3,0.96417,7.25926
115.0,75.0,4,1.0126,-20.87408
115.0,75.0,5,1.03144,-16.12462
115.0,75.0,6,0.96938,-24.51564
115.0,80.0,0,0.98788,27.66212
115.0,80.0,1,0.89229,24.58128
115.0,80.0,2,1.04562,0.30644
115.0,80.0,3,1.00539,6.37734
115.0,80.0,4,1.02201,-22.72186
115.0,80.0,5,1.00174,-16.62422
115.0,80.0,6,0.97114,-24.70219
115.0,85.0,0,0.98815,27.3466
115.0,85.0,1,0.89084,25.10586
115.0,85.0,2,1.06387,1.42899
115.0,85.0,3,1.02147,4.38404
115.0,85.0,4,1.01459,-23.79042
115.0,85.0,5,0.9955,-15.78367
115.0,85.0,6,0.98801,-22.92083
115.0,90.0,0,0.97344,26.3913
115.0,90.0,1,0.89358,22.25661
115.0,90.0,2,1.07011,0.58039
115.0,90.0,3,1.02183,5.97259
115.0,90.0,4,0.99014,-22.53513
115.0,90.0,5,0.99625,-15.33352
115.0,90.0,6,1.02164,-24.45626
115.0,95.0,0,0.96478,25.12953
115.0,95.0,1,0.90027,22.51943
115.0,95.0,2,1.09655,-0.87735
115.0,95.0,3,1.02436,5.95491
115.0,95.0,4,0.97534,-20.694
115.0,95.0,5,0.99377,-12.68893
115.0,95.0,6,1.04254,-20.86761
115.0,100.0,0,0.94793,23.86642
115.0,100.0,1,0.89615,22.48657
115.0,100.0,2,1.08744,-1.60437
115.0,100.0,3,0.99562,5.62425
115.0,100.0,4,0.95583,-20.37818
115.0,100.0,5,1.01138,-13.5117
115.0,100.0,6,1.04914,-23.20109
115.0,105.0,0,0.94466,24.02122
115.0,105.0,1,0.87808,20.97335
115.0,105.0,2,1.10265,0.04961
115.0,105.0,3,0.97763,5.76437
115.0,105.0,4,0.93657,-20.41717
115.0,105.0,5,1.03185,-12.77108
115.0,105.0,6,1.03461,-21.6899
115.0,110.0,0,0.93508,24.37441
115.0,110.0,1,0.89506,20.56243
115.0,110.0,2,1.09704,-3.87504
115.0,110.0,3,0.94751,5.55551
115.0,110.0,4,0.93083,-20.36242
115.0,110.0,5,1.03182,-13.10629
115.0,110.0,6,1.01117,-22.79761
115.0,115.0,0,0.90919,22.69432
115.0,115.0,1,0.88664,21.05954
115.0,115.0,2,1.08757,-2.56634
115.0,115.0,3,0.92021,4.35095
115.0,115.0,4,0.92984,-21.72728
115.0,115.0,5,1.03084,-10.44762
115.0,115.0,6,0.97071,-18.81755
115.0,120.0,0,0.88892,21.04766
115.0,120.0,1,0.87765,17.36991
115.0,120.0,2,1.06116,-2.83393
115.0,120.0,3,0.89258,4.29711
115.0,120.0,4,0.93481,-20.4853
115.0,120.0,5,1.01879,-10.3153
115.0,120.0,6,0.92612,-17.72082
115.0,125.0,0,0.87038,22.05374
115.0,125.0,1,0.86503,18.91332
115.0,125.0,2,1.03338,-3.42607
115.0,125.0,3,0.86207,4.69889
115.0,125.0,4,0.93594,-18.47149
115.0,125.0,5,0.98789,-11.82116
115.0,125.0,6,0.90238,-17.54985
115.0,130.0,0,0.83498,19.282
115.0,130.0,1,0.8619,15.76757
115.0,130.0,2,1.00469,-2.80098
115.0,130.0,3,0.84782,4.91553
115.0,130.0,4,0.93059,-19.8097
115.0,130.0,5,0.93186,-8.85063
115.0,130.0,6,0.89959,-16.86794
115.0,135.0,0,0.81071,18.21929
115.0,135.0,1,0.84833,17.18119
115.0,135.0,2,0.9635,-2.08953
115.0,135.0,3,0.8283,6.10815
115.0,135.0,4,0.9186,-19.49813
115.0,135.0,5,0.87674,-10.01051
115.0,135.0,6,0.89754,-18.26791
115.0,140.0,0,0.78392,17.85305
115.0,140.0,1,0.81854,16.47174
115.0,140.0,2,0.91655,-4.39179
115.0,140.0,3,0.82386,4.49352
115.0,140.0,4,0.88213,-17.70503
115.0,140.0,5,0.85184,-8.39202
115.0,140.0,6,0.89297,-16.25637
115.0,145.0,0,0.76774,16.38498
115.0,145.0,1,0.79897,15.50216
115.0,145.0,2,0.88301,-3.52817
115.0,145.0,3,0.81674,4.79231
115.0,145.0,4,0.83946,-16.96203
115.0,145.0,5,0.82327,-7.06656
115.0,145.0,6,0.87378,-12.98142
115.0,150.0,0,0.73958,17.93341
115.0,150.0,1,0.77045,15.98205
115.0,150.0,2,0.84626,-3.00505
115.0,150.0,3,0.79518,6.48909
115.0,150.0,4,0.78377,-17.47935
115.0,150.0,5,0.8058,-6.36586
115.0,150.0,6,0.85821,-15.33141
115.0,155.0,0,0.71957,16.09918
115.0,155.0,1,0.73664,14.06686
115.0,155.0,2,0.81226,-3.92507
115.0,155.0,3,0.78576,6.1321
115.0,155.0,4,0.73023,-17.80015
115.0,155.0,5,0.80655,-6.44609
115.0,155.0,6,0.79884,-13.74485
115.0,160.0,0,0.68299,13.04956
115.0,160.0,1,0.70862,12.3696
115.0,160.0,2,0.77177,-3.66214
115.0,160.0,3,0.74373,7.00254
115.0,160.0,4,0.69767,-13.26113
115.0,160.0,5,0.79249,-4.17263
115.0,160.0,6,0.7338,-11.25796
115.0,165.0,0,0.65822,13.37886
115.0,165.0,1,0.66118,14.69512
115.0,165.0,2,0.74636,-2.50783
115.0,165.0,3,0.7205,6.84497
115.0,165.0,4,0.6597,-14.58273
115.0,165.0,5,0.7694,-2.36151
115.0,165.0,6,0.68206,-10.93257
115.0,170.0,0,0.63076,17.93117
115.0,170.0,1,0.62022,14.14196
115.0,170.0,2,0.72249,-4.51189
115.0,170.0,3,0.68866,7.95432
115.0,170.0,4,0.62508,-12.78273
115.0,170.0,5,0.72959,-2.98584
115.0,170.0,6,0.64724,-9.46318
115.0,175.0,0,0.60472,12.66037
115.0,175.0,1,0.57793,14.44797
115.0,175.0,2,0.69756,-5.33242
115.0,175.0,3,0.62961,8.30141
115.0,175.0,4,0.60882,-13.80851
115.0,175.0,5,0.68174,-2.61027
115.0,175.0,6,0.6199,-9.39952
115.0,180.0,0,0.58485,11.92174
115.0,180.0,1,0.53783,12.43585
115.0,180.0,2,0.66685,-3.98845
115.0,180.0,3,0.58147,9.41037
115.0,180.0,4,0.59231,-12.00684
115.0,180.0,5,0.63123,-1.37839
115.0,180.0,6,0.60904,-9.25422
120.0,0.0,0,0.57783,34.12117
120.0,0.0,1,0.54178,35.68365
120.0,0.0,2,0.68314,13.07904
120.0,0.0,3,0.55634,15.09831
120.0,0.0,4,0.60453,-17.25136
120.0,0.0,5,0.63354,-16.38506
120.0,0.0,6,0.57823,-32.31401
120.0,5.0,0,0.61856,34.13183
120.0,5.0,1,0.58713,33.99334
120.0,5.0,2,0.73082,11.69028
120.0,5.0,3,0.62453,15.04979
120.0,5.0,4,0.66152,-18.66514
120.0,5.0,5,0.70327,-16.60476
120.0,5.0,6,0.64829,-31.94123
120.0,10.0,0,0.65279,32.41251
120.0,10.0,1,0.62854,34.06763
120.0,10.0,2,0.76932,11.26774
120.0,10.0,3,0.65792,12.78742
120.0,10.0,4,0.71752,-19.28004
120.0,10.0,5,0.74666,-16.75171
120.0,10.0,6,0.69583,-30.66513
120.0,15.0,0,0.69233,34.41765
120.0,15.0,1,0.66994,33.24518
120.0,15.0,2,0.82559,10.43613
120.0,15.0,3,0.69722,12.43712
120.0,15.0,4,0.74651,-19.84091
120.0,15.0,5,0.79361,-17.34722
120.0,15.0,6,0.71801,-32.2748
120.0,20.0,0,0.74001,33.94448
120.0,20.0,1,0.71339,31.83109
120.0,20.0,2,0.85623,10.46541
120.0,20.0,3,0.73638,11.56878
120.0,20.0,4,0.78519,-18.99073
120.0,20.0,5,0.79981,-18.47009
120.0,20.0,6,0.73544,-30.56554
120.0,25.0,0,0.76507,33.63297
120.0,25.0,1,0.74205,33.05341
120.0,25.0,2,0.8926,8.54283
120.0,25.0,3,0.7602,10.55422
120.0,25.0,4,0.793,-19.86876
120.0,25.0,5,0.81156,-18.06117
120.0,25.0,6,0.74163,-32.10402
120.0,30.0,0,0.80535,31.35201
120.0,30.0,1,0.78814,31.87584
120.0,30.0,2,0.91604,8.23954
120.0,30.0,3,0.77266,10.10786
120.0,30.0,4,0.80945,-20.32991
120.0,30.0,5,0.8169,-18.32723
120.0,30.0,6,0.74645,-32.66567
120.0,35.0,0,0.83927,32.07124
120.0,35.0,1,0.80762,30.65898
120.0,35.0,2,0.9309,7.27189
120.0,35.0,3,0.79544,9.0079
120.0,35.0,4,0.817,-22.16183
120.0,35.0,5,0.84502,-18.47893
120.0,35.0,6,0.76655,-32.70245
120.0,40.0,0,0.86564,32.29666
120.0,40.0,1,0.82745,30.05409
120.0,40.0,2,0.94723,4.72352
120.0,40.0,3,0.80538,6.80471
120.0,40.0,4,0.83853,-23.28215
120.0,40.0,5,0.85719,-18.50011
120.0,40.0,6,0.81367,-30.91922
120.0,45.0,0,0.88843,32.77708
120.0,45.0,1,0.8418,29.93264
120.0,45.0,2,0.96385,6.56464
120.0,45.0,3,0.81691,9.51814
120.0,45.0,4,0.8444,-20.71698
120.0,45.0,5,0.90027,-19.89789
120.0,45.0,6,0.85968,-29.22252
120.0,50.0,0,0.91527,31.01457
120.0,50.0,1,0.86773,29.76383
120.0,50.0,2,0.96731,5.0428
120.0,50.0,3,0.82473,6.94688
120.0,50.0,4,0.8763,-24.09797
120.0,50.0,5,0.94529,-17.38973
120.0,50.0,6,0.91382,-27.91125
120.0,55.0,0,0.92887,29.01357
120.0,55.0,1,0.88128,28.79646
120.0,55.0,2,0.9741,2.84307
120.0,55.0,3,0.84763,6.07321
120.0,55.0,4,0.91753,-25.41522
120.0,55.0,5,0.97796,-18.04733
120.0,55.0,6,0.94959,-28.59682
120.0,60.0,0,0.95575,27.97792
120.0,60.0,1,0.88637,27.2046
120.0,60.0,2,0.98591,2.53406
120.0,60.0,3,0.86754,4.4532
120.0,60.0,4,0.96032,-23.1081
120.0,60.0,5,1.02609,-17.04335
120.0,60.0,6,0.96301,-28.58193
120.0,65.0,0,0.96687,27.65908
120.0,65.0,1,0.90094,25.19923
120.0,65.0,2,0.99996,0.13167
120.0,65.0,3,0.90402,5.69886
120.0,65.0,4,1.00043,-23.885
120.0,65.0,5,1.04032,-20.04042
120.0,65.0,6,0.96184,-28.764
120.0,70.0,0,0.97483,26.83258
120.0,70.0,1,0.88852,25.50054
120.0,70.0,2,1.01282,0.61463
120.0,70.0,3,0.9232,5.08503
120.0,70.0,4,1.01807,-23.58747
120.0,70.0,5,1.04076,-16.04677
120.0,70.0,6,0.94049,-26.8346
120.0,75.0,0,0.98118,26.81338
120.0,75.0,1,0.90152,22.48082
120.0,75.0,2,1.02072,-0.68457
120.0,75.0,3,0.9562,6.13595
120.0,75.0,4,1.03456,-22.74902
120.0,75.0,5,1.0399,-19.04857
120.0,75.0,6,0.93541,-26.27876
120.0,80.0,0,0.98304,26.30162
120.0,80.0,1,0.89901,23.31765
120.0,80.0,2,1.04167,-2.44552
120.0,80.0,3,0.97616,4.84575
120.0,80.0,4,1.03131,-23.09772
120.0,80.0,5,1.01438,-16.93595
120.0,80.0,6,0.92966,-26.52088
120.0,85.0,0,0.97097,26.26045
120.0,85.0,1,0.89963,22.05151
120.0,85.0,2,1.06206,-1.05574
120.0,85.0,3,0.99727,3.56114
120.0,85.0,4,1.0306,-23.82209
120.0,85.0,5,1.01154,-19.18444
120.0,85.0,6,0.94932,-26.57372
120.0,90.0,0,0.96579,24.31678
120.0,90.0,1,0.89586,21.643
120.0,90.0,2,1.07916,-2.07798
120.0,90.0,3,1.00089,3.13524
120.0,90.0,4,1.00507,-22.97958
120.0,90.0,5,1.0086,-15.84839
120.0,90.0,6,0.97644,-25.84636
120.0,95.0,0,0.97148,22.8775
120.0,95.0,1,0.90508,21.20937
120.0,95.0,2,1.08833,-3.64583
120.0,95.0,3,1.00088,3.81431
120.0,95.0,4,0.98995,-23.94236
120.0,95.0,5,1.00228,-16.22112
120.0,95.0,6,1.00115,-24.80351
120.0,100.0,0,0.94637,23.14606
120.0,100.0,1,0.90476,19.83726
120.0,100.0,2,1.09014,-4.73074
120.0,100.0,3,0.97887,2.67019
120.0,100.0,4,0.95907,-22.85543
120.0,100.0,5,1.03316,-16.07177
120.0,100.0,6,1.00671,-22.47813
120.0,105.0,0,0.94073,21.74018
120.0,105.0,1,0.89339,19.3433
120.0,105.0,2,1.09878,-2.97992
120.0,105.0,3,0.95395,3.19857
120.0,105.0,4,0.963,-22.66013
120.0,105.0,5,1.04058,-14.98011
120.0,105.0,6,1.00848,-21.91581
120.0,110.0,0,0.9136,23.28207
120.0,110.0,1,0.89176,20.05478
120.0,110.0,2,1.09132,-4.29549
120.0,110.0,3,0.92732,2.49075
120.0,110.0,4,0.94865,-25.09681
120.0,110.0,5,1.0461,-12.56881
120.0,110.0,6,0.97363,-22.77633
120.0,115.0,0,0.90664,23.35633
120.0,115.0,1,0.88761,16.78854
120.0,115.0,2,1.08576,-4.76381
120.0,115.0,3,0.90171,1.87219
120.0,115.0,4,0.95667,-23.69229
120.0,115.0,5,1.03914,-14.03992
120.0,115.0,6,0.92819,-22.07823
120.0,120.0,0,0.88042,19.78363
120.0,120.0,1,0.88874,16.40229
120.0,120.0,2,1.06203,-3.37545
120.0,120.0,3,0.87564,3.24816
120.0,120.0,4,0.95321,-23.79608
120.0,120.0,5,1.01883,-13.88758
120.0,120.0,6,0.88976,-19.94125
120.0,125.0,0,0.8535,18.47266
120.0,125.0,1,0.87608,16.9758
120.0,125.0,2,1.03119,-7.5256
120.0,125.0,3,0.84485,3.33604
120.0,125.0,4,0.95463,-20.35014
120.0,125.0,5,0.98499,-12.21463
120.0,125.0,6,0.86446,-17.44786
120.0,130.0,0,0.83291,18.43464
120.0,130.0,1,0.86682,14.85979
120.0,130.0,2,1.00303,-5.00105
120.0,130.0,3,0.82811,2.45334
120.0,130.0,4,0.95548,-19.26502
120.0,130.0,5,0.94478,-11.74701
120.0,130.0,6,0.85423,-18.74018
120.0,135.0,0,0.80449,19.8738
120.0,135.0,1,0.84892,15.88238
120.0,135.0,2,0.9602,-6.59761
120.0,135.0,3,0.82521,3.96906
120.0,135.0,4,0.9284,-20.63045
120.0,135.0,5,0.89734,-12.00407
120.0,135.0,6,0.86686,-17.45823
120.0,140.0,0,0.78217,17.80142
120.0,140.0,1,0.82872,14.29289
120.0,140.0,2,0.9222,-5.72775
120.0,140.0,3,0.81047,4.83434
120.0,140.0,4,0.9013,-20.45153
120.0,140.0,5,0.85748,-10.36782
120.0,140.0,6,0.87424,-15.9397
120.0,145.0,0,0.75062,15.98504
120.0,145.0,1,0.80686,15.45066
120.0,145.0,2,0.88298,-4.93223
120.0,145.0,3,0.80075,4.42377
120.0,145.0,4,0.8598,-19.61916
120.0,145.0,5,0.83984,-9.62866
120.0,145.0,6,0.84654,-15.64752
120.0,150.0,0,0.73506,16.36601
120.0,150.0,1,0.78138,13.0039
120.0,150.0,2,0.84527,-6.96944
120.0,150.0,3,0.78943,2.98414
120.0,150.0,4,0.8125,-19.83697
120.0,150.0,5,0.82553,-7.77443
120.0,150.0,6,0.80883,-14.85938
120.0,155.0,0,0.72135,15.82916
120.0,155.0,1,0.74222,14.87534
120.0,155.0,2,0.80371,-6.82032
120.0,155.0,3,0.7556,3.18099
120.0,155.0,4,0.75018,-18.82496
120.0,155.0,5,0.81368,-4.92318
120.0,155.0,6,0.76425,-14.53207
120.0,160.0,0,0.68348,15.09829
120.0,160.0,1,0.69978,12.70753
120.0,160.0,2,0.7843,-8.61097
120.0,160.0,3,0.7351,5.03998
120.0,160.0,4,0.71806,-18.25843
120.0,160.0,5,0.79418,-6.18018
120.0,160.0,6,0.70286,-14.74957
120.0,165.0,0,0.65912,11.9869
120.0,165.0,1,0.67381,13.90134
120.0,165.0,2,0.76086,-5.74435
120.0,165.0,3,0.70583,5.82954
120.0,165.0,4,0.68192,-17.89801
120.0,165.0,5,0.78181,-6.82289
120.0,165.0,6,0.64585,-13.25528
120.0,170.0,0,0.6291,13.60321
120.0,170.0,1,0.62159,10.8403
120.0,170.0,2,0.72321,-5.58317
120.0,170.0,3,0.65478,5.8157
120.0,170.0,4,0.64304,-15.9537
120.0,170.0,5,0.74923,-5.86442
120.0,170.0,6,0.61225,-13.26663
120.0,175.0,0,0.59194,11.40432
120.0,175.0,1,0.58483,12.05231
120.0,175.0,2,0.69876,-5.01803
120.0,175.0,3,0.61069,4.1656
120.0,175.0,4,0.61997,-14.80434
120.0,175.0,5,0.69942,-5.28822
120.0,175.0,6,0.59278,-10.66705
120.0,180.0,0,0.5719,10.79582
120.0,180.0,1,0.53735,11.48217
120.0,180.0,2,0.67903,-4.4407
120.0,180.0,3,0.56296,8.57389
120.0,180.0,4,0.6096,-13.84568
120.0,180.0,5,0.64172,-2.48216
120.0,180.0,6,0.58006,-12.06902
125.0,0.0,0,0.56175,34.48988
125.0,0.0,1,0.54344,31.24268
125.0,0.0,2,0.68595,10.91873
125.0,0.0,3,0.5471,14.42364
125.0,0.0,4,0.63181,-19.90867
125.0,0.0,5,0.63419,-18.70234
125.0,0.0,6,0.55694,-32.94287
125.0,5.0,0,0.60673,33.20981
125.0,5.0,1,0.58676,32.67205
125.0,5.0,2,0.73054,9.79196
125.0,5.0,3,0.59518,12.99178
125.0,5.0,4,0.688,-19.67453
125.0,5.0,5,0.68847,-16.84843
125.0,5.0,6,0.60935,-33.94579
125.0,10.0,0,0.64644,32.7615
125.0,10.0,1,0.63113,31.40359
125.0,10.0,2,0.76387,8.72127
125.0,10.0,3,0.63613,11.08183
125.0,10.0,4,0.746,-21.83296
125.0,10.0,5,0.73956,-17.6647
125.0,10.0,6,0.66958,-35.0448
125.0,15.0,0,0.69367,32.67998
125.0,15.0,1,0.68354,29.89112
125.0,15.0,2,0.82341,7.83395
125.0,15.0,3,0.67908,10.49769
125.0,15.0,4,0.77858,-19.8308
125.0,15.0,5,0.77543,-20.21156
125.0,15.0,6,0.69456,-32.85679
125.0,20.0,0,0.72796,32.16723
125.0,20.0,1,0.71747,29.77412
125.0,20.0,2,0.85336,8.02821
125.0,20.0,3,0.72118,10.70341
125.0,20.0,4,0.81327,-21.51812
125.0,20.0,5,0.79882,-19.6574
125.0,20.0,6,0.70319,-31.88534
125.0,25.0,0,0.77172,30.64793
125.0,25.0,1,0.75726,30.6767
125.0,25.0,2,0.88026,5.8701
125.0,25.0,3,0.74749,9.22527
125.0,25.0,4,0.81768,-22.66647
125.0,25.0,5,0.80528,-19.92231
125.0,25.0,6,0.71273,-33.38942
125.0,30.0,0,0.79973,33.09881
125.0,30.0,1,0.78809,29.19393
125.0,30.0,2,0.90977,5.262
125.0,30.0,3,0.76131,9.11134
125.0,30.0,4,0.83504,-24.51442
125.0,30.0,5,0.81114,-21.196
125.0,30.0,6,0.72132,-33.38757
125.0,35.0,0,0.83323,30.21681
125.0,35.0,1,0.81939,30.45563
125.0,35.0,2,0.94526,4.89779
125.0,35.0,3,0.77691,7.09311
125.0,35.0,4,0.84552,-24.89174
125.0,35.0,5,0.81934,-18.77175
125.0,35.0,6,0.76096,-32.65993
125.0,40.0,0,0.86195,30.72718
125.0,40.0,1,0.8507,27.0099
125.0,40.0,2,0.94563,3.76998
125.0,40.0,3,0.79632,8.3364
125.0,40.0,4,0.85722,-24.10261
125.0,40.0,5,0.84831,-21.18664
125.0,40.0,6,0.78759,-33.86453
125.0,45.0,0,0.88561,29.21994
125.0,45.0,1,0.86343,26.76679
125.0,45.0,2,0.96167,4.18213
125.0,45.0,3,0.79715,4.58564
125.0,45.0,4,0.87389,-26.65174
125.0,45.0,5,0.89785,-20.15228
125.0,45.0,6,0.84292,-33.9181
125.0,50.0,0,0.90756,28.74292
125.0,50.0,1,0.86747,27.8199
125.0,50.0,2,0.98008,2.52567
125.0,50.0,3,0.81934,6.29305
125.0,50.0,4,0.90004,-25.00072
125.0,50.0,5,0.92583,-21.28856
125.0,50.0,6,0.89292,-32.27513
125.0,55.0,0,0.9341,28.83801
125.0,55.0,1,0.89467,26.71485
125.0,55.0,2,0.9846,1.85473
125.0,55.0,3,0.83119,5.59435
125.0,55.0,4,0.93649,-27.8998
125.0,55.0,5,0.97928,-21.05808
125.0,55.0,6,0.91987,-32.28501
125.0,60.0,0,0.95001,28.37564
125.0,60.0,1,0.88981,27.02933
125.0,60.0,2,0.99528,-1.70188
125.0,60.0,3,0.84917,4.24238
125.0,60.0,4,0.98261,-26.34234
125.0,60.0,5,1.0234,-19.42613
125.0,60.0,6,0.93777,-30.48604
125.0,65.0,0,0.958,27.36027
125.0,65.0,1,0.90815,22.90609
125.0,65.0,2,1.00526,0.36336
125.0,65.0,3,0.88579,3.98495
125.0,65.0,4,1.01306,-26.0634
125.0,65.0,5,1.0292,-20.62849
125.0,65.0,6,0.92691,-30.83301
125.0,70.0,0,0.9632,25.20822
125.0,70.0,1,0.89912,22.56881
125.0,70.0,2,1.01577,-1.50132
125.0,70.0,3,0.91367,2.41272
125.0,70.0,4,1.04422,-25.80658
125.0,70.0,5,1.03353,-21.59258
125.0,70.0,6,0.91529,-30.10873
125.0,75.0,0,0.97452,26.75737
125.0,75.0,1,0.89918,21.70202
125.0,75.0,2,1.03174,-2.29419
125.0,75.0,3,0.93716,2.84497
125.0,75.0,4,1.05855,-25.8361
125.0,75.0,5,1.02134,-20.07543
125.0,75.0,6,0.89809,-29.57582
125.0,80.0,0,0.97208,25.35679
125.0,80.0,1,0.90559,21.12261
125.0,80.0,2,1.03862,-2.40863
125.0,80.0,3,0.96296,-0.01716
125.0,80.0,4,1.06305,-27.70742
125.0,80.0,5,1.01098,-18.4079
125.0,80.0,6,0.89973,-26.14421
125.0,85.0,0,0.97443,24.80705
125.0,85.0,1,0.91629,20.46852
125.0,85.0,2,1.06818,-4.01911
125.0,85.0,3,0.97171,0.48184
125.0,85.0,4,1.05085,-27.09683
125.0,85.0,5,0.9902,-19.20024
125.0,85.0,6,0.92558,-26.41621
125.0,90.0,0,0.96428,25.17528
125.0,90.0,1,0.91257,19.60043
125.0,90.0,2,1.07225,-4.01216
125.0,90.0,3,0.98383,2.10788
125.0,90.0,4,1.04598,-25.82345
125.0,90.0,5,0.98851,-19.10943
125.0,90.0,6,0.96285,-27.10631
125.0,95.0,0,0.9526,22.86693
125.0,95.0,1,0.90941,19.16062
125.0,95.0,2,1.09121,-3.50887
125.0,95.0,3,0.97106,1.69737
125.0,95.0,4,1.01379,-26.39382
125.0,95.0,5,1.00309,-16.48104
125.0,95.0,6,0.98265,-27.62404
125.0,100.0,0,0.94963,22.90051
125.0,100.0,1,0.90962,17.94776
125.0,100.0,2,1.09863,-5.2893
125.0,100.0,3,0.97319,2.62441
125.0,100.0,4,0.98478,-24.70208
125.0,100.0,5,1.01043,-17.68715
125.0,100.0,6,0.98613,-25.76147
125.0,105.0,0,0.93815,20.66925
125.0,105.0,1,0.90855,19.94202
125.0,105.0,2,1.08948,-6.32211
125.0,105.0,3,0.93933,1.29154
125.0,105.0,4,0.98756,-24.51784
125.0,105.0,5,1.02749,-17.02117
125.0,105.0,6,0.97987,-24.59106
125.0,110.0,0,0.91663,19.63914
125.0,110.0,1,0.90417,19.13548
125.0,110.0,2,1.09946,-5.55961
125.0,110.0,3,0.92045,0.55336
125.0,110.0,4,0.96782,-24.7814
125.0,110.0,5,1.03936,-18.31722
125.0,110.0,6,0.9464,-23.27931
125.0,115.0,0,0.91067,20.40355
125.0,115.0,1,0.90986,18.11919
125.0,115.0,2,1.08645,-6.60529
125.0,115.0,3,0.88871,1.21929
125.0,115.0,4,0.97139,-24.48586
125.0,115.0,5,1.02641,-17.31544
125.0,115.0,6,0.90321,-23.38167
125.0,120.0,0,0.87583,19.28528
125.0,120.0,1,0.89826,14.30737
125.0,120.0,2,1.05694,-5.83334
125.0,120.0,3,0.86187,2.09804
125.0,120.0,4,0.99162,-25.45569
125.0,120.0,5,1.01127,-15.25399
125.0,120.0,6,0.86349,-22.31324
125.0,125.0,0,0.85562,16.40392
125.0,125.0,1,0.88594,13.75298
125.0,125.0,2,1.02324,-9.12797
125.0,125.0,3,0.8405,-0.17221
125.0,125.0,4,0.98198,-23.3468
125.0,125.0,5,0.97233,-14.20528
125.0,125.0,6,0.84241,-21.96367
125.0,130.0,0,0.83041,17.12969
125.0,130.0,1,0.87845,14.13749
125.0,130.0,2,0.99738,-6.18892
125.0,130.0,3,0.81967,0.88025
125.0,130.0,4,0.97182,-22.03134
125.0,130.0,5,0.93335,-13.36557
125.0,130.0,6,0.83078,-20.35761
125.0,135.0,0,0.80472,17.60721
125.0,135.0,1,0.85734,14.15389
125.0,135.0,2,0.96875,-8.80137
125.0,135.0,3,0.78835,1.47592
125.0,135.0,4,0.95469,-23.66407
125.0,135.0,5,0.87871,-13.89474
125.0,135.0,6,0.83278,-19.80886
125.0,140.0,0,0.77482,14.53285
125.0,140.0,1,0.84246,13.13111
125.0,140.0,2,0.91762,-6.81791
125.0,140.0,3,0.78979,0.5729
125.0,140.0,4,0.92184,-22.5748
125.0,140.0,5,0.84612,-13.39262
125.0,140.0,6,0.84571,-17.74827
125.0,145.0,0,0.76156,15.52531
125.0,145.0,1,0.81738,11.98297
125.0,145.0,2,0.88096,-8.64624
125.0,145.0,3,0.7745,1.74873
125.0,145.0,4,0.88313,-22.24812
125.0,145.0,5,0.81915,-11.15846
125.0,145.0,6,0.81399,-17.85062
125.0,150.0,0,0.73506,16.91669
125.0,150.0,1,0.7861,11.95728
125.0,150.0,2,0.84118,-8.25662
125.0,150.0,3,0.75673,1.62456
125.0,150.0,4,0.83636,-20.76905
125.0,150.0,5,0.80722,-9.79148
125.0,150.0,6,0.78813,-17.3605
125.0,155.0,0,0.70281,15.38096
125.0,155.0,1,0.75756,11.82833
125.0,155.0,2,0.81144,-8.70801
125.0,155.0,3,0.74708,1.21763
125.0,155.0,4,0.77925,-20.2482
125.0,155.0,5,0.80319,-10.44058
125.0,155.0,6,0.73799,-16.40768
125.0,160.0,0,0.66792,13.44998
125.0,160.0,1,0.72241,12.49808
125.0,160.0,2,0.76732,-7.93873
125.0,160.0,3,0.72299,1.06819
125.0,160.0,4,0.73342,-20.05301
125.0,160.0,5,0.78822,-7.54564
125.0,160.0,6,0.68465,-15.14292
125.0,165.0,0,0.63896,11.54883
125.0,165.0,1,0.68577,11.31417
125.0,165.0,2,0.73338,-6.63033
125.0,165.0,3,0.68796,2.32755
125.0,165.0,4,0.69613,-19.60643
125.0,165.0,5,0.77357,-7.45236
125.0,165.0,6,0.62857,-14.55003
125.0,170.0,0,0.62677,11.04054
125.0,170.0,1,0.65,11.3501
125.0,170.0,2,0.72131,-8.06111
125.0,170.0,3,0.64831,2.4965
125.0,170.0,4,0.67179,-19.50753
125.0,170.0,5,0.74604,-5.77191
125.0,170.0,6,0.58114,-13.0344
125.0,175.0,0,0.59236,10.33999
125.0,175.0,1,0.60127,9.71205
125.0,175.0,2,0.70431,-6.38899
125.0,175.0,3,0.59191,2.75729
125.0,175.0,4,0.64693,-18.82428
125.0,175.0,5,0.6873,-6.06497
125.0,175.0,6,0.56391,-13.89192
125.0,180.0,0,0.56105,10.46659
125.0,180.0,1,0.55292,10.97157
125.0,180.0,2,0.67963,-8.99902
125.0,180.0,3,0.54698,3.10226
125.0,180.0,4,0.63787,-16.34524
125.0,180.0,5,0.62871,-6.45794
125.0,180.0,6,0.559,-14.05997
130.0,0.0,0,0.55889,31.49866
130.0,0.0,1,0.55683,31.64941
130.0,0.0,2,0.67005,8.75208
130.0,0.0,3,0.53583,11.13317
130.0,0.0,4,0.66027,-19.4058
130.0,0.0,5,0.60654,-21.63134
130.0,0.0,6,0.55564,-35.52867
130.0,5.0,0,0.59698,31.23597
130.0,5.0,1,0.60949,31.6553
130.0,5.0,2,0.72289,8.08813
130.0,5.0,3,0.58117,10.75311
130.0,5.0,4,0.7167,-21.79937
130.0,5.0,5,0.67096,-22.61691
130.0,5.0,6,0.60588,-36.86708
130.0,10.0,0,0.65224,31.59715
130.0,10.0,1,0.64896,30.68196
130.0,10.0,2,0.76435,6.41662
130.0,10.0,3,0.62725,9.23767
130.0,10.0,4,0.76095,-21.90898
130.0,10.0,5,0.71368,-21.25814
130.0,10.0,6,0.65762,-35.04626
130.0,15.0,0,0.68178,29.29762
130.0,15.0,1,0.69525,29.98475
130.0,15.0,2,0.81501,6.58375
130.0,15.0,3,0.68101,9.52982
130.0,15.0,4,0.80431,-21.68848
130.0,15.0,5,0.75203,-23.02983
130.0,15.0,6,0.68304,-34.74308
130.0,20.0,0,0.72728,30.08426
130.0,20.0,1,0.72561,28.8167
130.0,20.0,2,0.85143,4.73554
130.0,20.0,3,0.70528,8.32787
130.0,20.0,4,0.83463,-22.79556
130.0,20.0,5,0.76767,-20.76382
130.0,20.0,6,0.70689,-33.90717
130.0,25.0,0,0.76038,30.64569
130.0,25.0,1,0.761,29.2622
130.0,25.0,2,0.8875,4.04331
130.0,25.0,3,0.72811,8.42601
130.0,25.0,4,0.85053,-23.83406
130.0,25.0,5,0.78546,-23.00111
130.0,25.0,6,0.70677,-35.38547
130.0,30.0,0,0.79358,31.43333
130.0,30.0,1,0.79411,28.61955
130.0,30.0,2,0.90594,3.42817
130.0,30.0,3,0.75669,5.65347
130.0,30.0,4,0.85695,-25.92963
130.0,30.0,5,0.79136,-22.00117
130.0,30.0,6,0.71283,-34.78552
130.0,35.0,0,0.83334,28.71607
130.0,35.0,1,0.82698,26.15808
130.0,35.0,2,0.92361,2.10013
130.0,35.0,3,0.76636,5.56444
130.0,35.0,4,0.867,-24.64325
130.0,35.0,5,0.80231,-23.10784
130.0,35.0,6,0.74073,-35.83998
130.0,40.0,0,0.85303,29.47046
130.0,40.0,1,0.85863,28.60404
130.0,40.0,2,0.94521,1.60457
130.0,40.0,3,0.77808,5.04886
130.0,40.0,4,0.88568,-24.36126
130.0,40.0,5,0.81899,-23.19643
130.0,40.0,6,0.78228,-35.16506
130.0,45.0,0,0.88633,27.89101
130.0,45.0,1,0.8734,24.89527
130.0,45.0,2,0.94254,1.53664
130.0,45.0,3,0.78673,3.74241
130.0,45.0,4,0.90012,-25.73318
130.0,45.0,5,0.86624,-22.34532
130.0,45.0,6,0.83793,-35.76808
130.0,50.0,0,0.91246,26.25611
130.0,50.0,1,0.88746,25.39053
130.0,50.0,2,0.96955,1.41678
130.0,50.0,3,0.80284,2.31902
130.0,50.0,4,0.93849,-25.90494
130.0,50.0,5,0.9132,-23.80555
130.0,50.0,6,0.88854,-33.06087
130.0,55.0,0,0.92835,27.60162
130.0,55.0,1,0.89595,24.66294
130.0,55.0,2,0.97498,-1.26378
130.0,55.0,3,0.82158,2.96469
130.0,55.0,4,0.97023,-27.40079
130.0,55.0,5,0.94977,-22.21814
130.0,55.0,6,0.9147,-32.85905
130.0,60.0,0,0.94452,27.40138
130.0,60.0,1,0.90615,22.93317
130.0,60.0,2,0.99034,-1.36345
130.0,60.0,3,0.8494,1.43293
130.0,60.0,4,1.00923,-27.92377
130.0,60.0,5,0.99393,-23.0308
130.0,60.0,6,0.93348,-32.3251
130.0,65.0,0,0.96384,28.30793
130.0,65.0,1,0.91396,23.51836
130.0,65.0,2,0.99282,-4.47932
130.0,65.0,3,0.8711,1.0004
130.0,65.0,4,1.04442,-27.81149
130.0,65.0,5,1.01334,-22.50087
130.0,65.0,6,0.93581,-30.45867
130.0,70.0,0,0.96718,25.70062
130.0,70.0,1,0.90934,21.43834
130.0,70.0,2,1.008,-2.5905
130.0,70.0,3,0.90497,2.69796
130.0,70.0,4,1.07393,-27.8585
130.0,70.0,5,1.01398,-22.43871
130.0,70.0,6,0.91096,-31.48478
130.0,75.0,0,0.96837,23.82827
130.0,75.0,1,0.92268,19.12967
130.0,75.0,2,1.02973,-4.33144
130.0,75.0,3,0.92855,0.74548
130.0,75.0,4,1.09495,-29.71446
130.0,75.0,5,0.99974,-22.01759
130.0,75.0,6,0.90608,-30.1787
130.0,80.0,0,0.96339,25.58151
130.0,80.0,1,0.92483,20.01906
130.0,80.0,2,1.03173,-4.64823
130.0,80.0,3,0.95674,1.23443
130.0,80.0,4,1.09599,-28.89827
130.0,80.0,5,0.98804,-22.15312
130.0,80.0,6,0.90955,-29.3247
130.0,85.0,0,0.96975,24.12681
130.0,85.0,1,0.92095,17.82072
130.0,85.0,2,1.05619,-5.86699
130.0,85.0,3,0.96911,-0.01263
130.0,85.0,4,1.07757,-29.6834
130.0,85.0,5,0.97756,-19.25279
130.0,85.0,6,0.92178,-29.81798
130.0,90.0,0,0.96329,23.28713
130.0,90.0,1,0.92395,20.53793
130.0,90.0,2,1.07355,-5.33984
130.0,90.0,3,0.97926,-0.48471
130.0,90.0,4,1.06729,-28.60184
130.0,90.0,5,0.96256,-20.84068
130.0,90.0,6,0.94623,-27.81117
130.0,95.0,0,0.96472,23.80978
130.0,95.0,1,0.92199,17.47922
130.0,95.0,2,1.0964,-7.07748
130.0,95.0,3,0.96753,-0.27479
130.0,95.0,4,1.03777,-27.4967
130.0,95.0,5,0.97378,-19.15948
130.0,95.0,6,0.98352,-27.77334
130.0,100.0,0,0.93747,20.8417
130.0,100.0,1,0.92157,18.4803
130.0,100.0,2,1.09008,-8.24156
130.0,100.0,3,0.95084,-0.29542
130.0,100.0,4,1.02217,-27.30829
130.0,100.0,5,0.98118,-19.34139
130.0,100.0,6,0.97715,-24.92268
130.0,105.0,0,0.93392,21.52805
130.0,105.0,1,0.92444,16.05405
130.0,105.0,2,1.09227,-7.26426
130.0,105.0,3,0.93153,-2.54492
130.0,105.0,4,0.99857,-27.60582
130.0,105.0,5,1.00904,-17.43098
130.0,105.0,6,0.97642,-23.95901
130.0,110.0,0,0.91434,18.71784
130.0,110.0,1,0.92069,15.15089
130.0,110.0,2,1.09516,-7.63663
130.0,110.0,3,0.90311,-3.03433
130.0,110.0,4,1.01312,-25.57458
130.0,110.0,5,1.01293,-18.71874
130.0,110.0,6,0.93844,-23.43799
130.0,115.0,0,0.88215,17.45085
130.0,115.0,1,0.90995,12.91135
130.0,115.0,2,1.07391,-8.44466
130.0,115.0,3,0.8721,-1.51796
130.0,115.0,4,1.00342,-26.97855
130.0,115.0,5,1.01713,-18.52224
130.0,115.0,6,0.89136,-23.17698
130.0,120.0,0,0.87903,20.04614
130.0,120.0,1,0.90379,12.90713
130.0,120.0,2,1.05575,-8.59712
130.0,120.0,3,0.8524,-0.84878
130.0,120.0,4,1.0057,-29.09315
130.0,120.0,5,0.98967,-15.27928
130.0,120.0,6,0.86163,-23.46139
130.0,125.0,0,0.84855,17.56654
130.0,125.0,1,0.90173,12.50329
130.0,125.0,2,1.02691,-11.15449
130.0,125.0,3,0.82499,-1.35987
130.0,125.0,4,1.00843,-29.70367
130.0,125.0,5,0.96113,-16.8803
130.0,125.0,6,0.84057,-21.57707
130.0,130.0,0,0.83854,16.50795
130.0,130.0,1,0.88084,12.87866
130.0,130.0,2,0.99746,-7.93433
130.0,130.0,3,0.80487,-0.58146
130.0,130.0,4,0.99906,-24.40556
130.0,130.0,5,0.91958,-15.28409
130.0,130.0,6,0.83582,-21.87819
130.0,135.0,0,0.79831,15.0332
130.0,135.0,1,0.86403,11.98479
130.0,135.0,2,0.95525,-8.61682
130.0,135.0,3,0.79632,-1.06371
130.0,135.0,4,0.98586,-25.90957
130.0,135.0,5,0.87305,-15.45341
130.0,135.0,6,0.83125,-21.14706
130.0,140.0,0,0.7807,15.78875
130.0,140.0,1,0.84925,12.65833
130.0,140.0,2,0.91638,-10.21604
130.0,140.0,3,0.77425,-0.16303
130.0,140.0,4,0.95458,-24.12141
130.0,140.0,5,0.82683,-13.41305
130.0,140.0,6,0.84421,-19.50474
130.0,145.0,0,0.75765,14.49257
130.0,145.0,1,0.82756,10.83268
130.0,145.0,2,0.87938,-10.44416
130.0,145.0,3,0.76544,-0.70047
130.0,145.0,4,0.91205,-25.14181
130.0,145.0,5,0.80409,-11.40094
130.0,145.0,6,0.82283,-19.37791
130.0,150.0,0,0.71929,12.4101
130.0,150.0,1,0.79839,10.42825
130.0,150.0,2,0.8365,-9.75682
130.0,150.0,3,0.76752,0.97741
130.0,150.0,4,0.86413,-23.30206
130.0,150.0,5,0.78747,-12.23285
130.0,150.0,6,0.79047,-18.36053
130.0,155.0,0,0.71142,11.77587
130.0,155.0,1,0.76075,9.6973
130.0,155.0,2,0.80359,-10.82693
130.0,155.0,3,0.73811,0.31837
130.0,155.0,4,0.80335,-21.75484
130.0,155.0,5,0.7793,-10.40723
130.0,155.0,6,0.74256,-17.06416
130.0,160.0,0,0.6643,10.09844
130.0,160.0,1,0.73521,9.74692
130.0,160.0,2,0.76754,-11.36703
130.0,160.0,3,0.7183,-0.66485
130.0,160.0,4,0.76238,-21.16175
130.0,160.0,5,0.76788,-9.31143
130.0,160.0,6,0.67641,-16.49728
130.0,165.0,0,0.64709,10.77341
130.0,165.0,1,0.68482,10.01589
130.0,165.0,2,0.74407,-9.86225
130.0,165.0,3,0.6846,1.61171
130.0,165.0,4,0.72308,-22.1176
130.0,165.0,5,0.75066,-9.66938
130.0,165.0,6,0.62681,-15.1578
130.0,170.0,0,0.6217,10.72291
130.0,170.0,1,0.64433,9.86418
130.0,170.0,2,0.72005,-10.65908
130.0,170.0,3,0.63372,1.98391
130.0,170.0,4,0.69423,-20.33093
130.0,170.0,5,0.71822,-8.21479
130.0,170.0,6,0.57868,-15.58119
130.0,175.0,0,0.58336,8.50254
130.0,175.0,1,0.61358,8.58947
130.0,175.0,2,0.69117,-9.63756
130.0,175.0,3,0.58804,3.77786
130.0,175.0,4,0.67906,-18.02616
130.0,175.0,5,0.66929,-8.03285
130.0,175.0,6,0.55939,-14.67187
130.0,180.0,0,0.56389,9.79516
130.0,180.0,1,0.55707,9.01049
130.0,180.0,2,0.66952,-8.41806
130.0,180.0,3,0.53215,2.85028
130.0,180.0,4,0.65845,-19.40252
130.0,180.0,5,0.61469,-5.4896
130.0,180.0,6,0.55534,-14.50546
135.0,0.0,0,0.56128,30.79865
135.0,0.0,1,0.56314,30.3127
135.0,0.0,2,0.65693,5.31831
135.0,0.0,3,0.52702,9.05996
135.0,0.0,4,0.68038,-22.87531
135.0,0.0,5,0.58893,-23.08386
135.0,0.0,6,0.56932,-37.02719
135.0,5.0,0,0.60854,29.28184
135.0,5.0,1,0.62072,28.63306
135.0,5.0,2,0.70847,6.97352
135.0,5.0,3,0.57873,7.46598
135.0,5.0,4,0.7396,-23.65128
135.0,5.0,5,0.64037,-23.83076
135.0,5.0,6,0.63344,-36.44676
135.0,10.0,0,0.64243,28.20747
135.0,10.0,1,0.65552,28.72389
135.0,10.0,2,0.7495,4.03989
135.0,10.0,3,0.63172,5.83453
135.0,10.0,4,0.78221,-25.6671
135.0,10.0,5,0.68543,-21.63203
135.0,10.0,6,0.66891,-35.78039
135.0,15.0,0,0.6784,28.22367
135.0,15.0,1,0.69741,27.56982
135.0,15.0,2,0.7975,2.56787
135.0,15.0,3,0.66627,7.70117
135.0,15.0,4,0.8338,-24.68836
135.0,15.0,5,0.71991,-22.97152
135.0,15.0,6,0.71132,-35.64385
135.0,20.0,0,0.72743,28.88707
135.0,20.0,1,0.73935,26.97739
135.0,20.0,2,0.83996,4.77586
135.0,20.0,3,0.709,4.45469
135.0,20.0,4,0.86084,-25.64475
135.0,20.0,5,0.74533,-22.59693
135.0,20.0,6,0.72217,-38.54348
135.0,25.0,0,0.7599,28.61959
135.0,25.0,1,0.77715,27.12794
135.0,25.0,2,0.87593,0.86106
135.0,25.0,3,0.7332,4.50672
135.0,25.0,4,0.87668,-28.71317
135.0,25.0,5,0.75209,-23.39057
135.0,25.0,6,0.71607,-36.13154
135.0,30.0,0,0.79368,26.71673
135.0,30.0,1,0.82192,25.69165
135.0,30.0,2,0.90125,0.76619
135.0,30.0,3,0.7477,4.37193
135.0,30.0,4,0.87092,-28.06913
135.0,30.0,5,0.76007,-23.25217
135.0,30.0,6,0.74229,-38.70145
135.0,35.0,0,0.82362,27.74576
135.0,35.0,1,0.83842,24.87229
135.0,35.0,2,0.92486,-0.19728
135.0,35.0,3,0.76772,3.68033
135.0,35.0,4,0.89187,-26.9984
135.0,35.0,5,0.76588,-22.65957
135.0,35.0,6,0.75587,-34.79368
135.0,40.0,0,0.85631,28.68996
135.0,40.0,1,0.86286,24.29645
135.0,40.0,2,0.92565,-1.98096
135.0,40.0,3,0.77473,2.53078
135.0,40.0,4,0.91168,-30.09081
135.0,40.0,5,0.79869,-25.25794
135.0,40.0,6,0.79754,-34.43278
135.0,45.0,0,0.88721,27.19096
135.0,45.0,1,0.87906,24.25499
135.0,45.0,2,0.94014,-0.95237
135.0,45.0,3,0.78746,1.51217
135.0,45.0,4,0.92672,-29.01369
135.0,45.0,5,0.83733,-24.3926
135.0,45.0,6,0.85298,-33.62665
135.0,50.0,0,0.89923,27.32003
135.0,50.0,1,0.90045,23.93167
135.0,50.0,2,0.95946,-2.34854
135.0,50.0,3,0.80738,1.28824
135.0,50.0,4,0.95343,-28.08119
135.0,50.0,5,0.87391,-23.70906
135.0,50.0,6,0.90037,-36.06355
135.0,55.0,0,0.92221,27.27608
135.0,55.0,1,0.9179,23.261
135.0,55.0,2,0.96344,-1.77623
135.0,55.0,3,0.818,1.64363
135.0,55.0,4,0.98961,-29.4585
135.0,55.0,5,0.92495,-22.79343
135.0,55.0,6,0.92791,-34.76463
135.0,60.0,0,0.94045,24.99735
135.0,60.0,1,0.91613,19.77324
135.0,60.0,2,0.97982,-3.4511
135.0,60.0,3,0.84395,-1.42097
135.0,60.0,4,1.03291,-28.9642
135.0,60.0,5,0.96039,-23.38674
135.0,60.0,6,0.94512,-35.72591
135.0,65.0,0,0.94911,27.18669
135.0,65.0,1,0.91821,20.36358
135.0,65.0,2,0.98289,-4.16755
135.0,65.0,3,0.8714,-0.95357
135.0,65.0,4,1.06582,-29.8806
135.0,65.0,5,0.9835,-22.9966
135.0,65.0,6,0.94252,-32.04246
135.0,70.0,0,0.95664,25.95416
135.0,70.0,1,0.92283,19.61902
135.0,70.0,2,1.00196,-4.52618
135.0,70.0,3,0.90731,-2.72019
135.0,70.0,4,1.094,-29.45936
135.0,70.0,5,0.98833,-24.37162
135.0,70.0,6,0.91872,-34.36389
135.0,75.0,0,0.97533,25.95204
135.0,75.0,1,0.92072,19.19803
135.0,75.0,2,1.0128,-5.23316
135.0,75.0,3,0.92971,-1.88752
135.0,75.0,4,1.11305,-31.27742
135.0,75.0,5,0.97398,-22.57832
135.0,75.0,6,0.92798,-33.58199
135.0,80.0,0,0.96584,22.62438
135.0,80.0,1,0.93023,19.52131
135.0,80.0,2,1.02943,-7.82731
135.0,80.0,3,0.94988,-3.61435
135.0,80.0,4,1.11678,-31.09778
135.0,80.0,5,0.95794,-23.38787
135.0,80.0,6,0.92463,-30.33859
135.0,85.0,0,0.96688,22.23921
135.0,85.0,1,0.92756,17.27895
135.0,85.0,2,1.05195,-7.40963
135.0,85.0,3,0.96405,-2.37521
135.0,85.0,4,1.10436,-30.70592
135.0,85.0,5,0.94607,-21.68193
135.0,85.0,6,0.92909,-29.28149
135.0,90.0,0,0.9616,20.73342
135.0,90.0,1,0.92738,16.68138
135.0,90.0,2,1.06035,-6.57465
135.0,90.0,3,0.97363,-4.87263
135.0,90.0,4,1.09015,-30.22887
135.0,90.0,5,0.94311,-23.95817
135.0,90.0,6,0.97161,-29.82442
135.0,95.0,0,0.94909,20.87728
135.0,95.0,1,0.92937,14.2033
135.0,95.0,2,1.0706,-6.65113
135.0,95.0,3,0.95676,-4.3245
135.0,95.0,4,1.05378,-29.72581
135.0,95.0,5,0.94404,-21.95581
135.0,95.0,6,0.98337,-26.43132
135.0,100.0,0,0.94177,19.43822
135.0,100.0,1,0.93125,14.67997
135.0,100.0,2,1.07921,-7.67475
135.0,100.0,3,0.95314,-4.13929
135.0,100.0,4,1.04247,-29.79703
135.0,100.0,5,0.95976,-22.22851
135.0,100.0,6,1.00214,-28.79399
135.0,105.0,0,0.93128,20.38195
135.0,105.0,1,0.93237,13.88177
135.0,105.0,2,1.07989,-10.96501
135.0,105.0,3,0.9299,-3.74619
135.0,105.0,4,1.02863,-30.25088
135.0,105.0,5,0.98203,-22.41205
135.0,105.0,6,0.98981,-28.02305
135.0,110.0,0,0.90844,16.21239
135.0,110.0,1,0.93203,11.11774
135.0,110.0,2,1.07643,-10.16045
135.0,110.0,3,0.90312,-3.2612
135.0,110.0,4,1.02528,-29.12711
135.0,110.0,5,0.99501,-21.7133
135.0,110.0,6,0.96415,-26.31588
135.0,115.0,0,0.89416,16.68081
135.0,115.0,1,0.93442,11.04669
135.0,115.0,2,1.06944,-11.68583
135.0,115.0,3,0.8731,-2.93419
135.0,115.0,4,1.02497,-28.67377
135.0,115.0,5,0.98027,-19.88633
135.0,115.0,6,0.91403,-25.50215
135.0,120.0,0,0.87036,15.68504
135.0,120.0,1,0.92238,11.78541
135.0,120.0,2,1.04506,-10.94501
135.0,120.0,3,0.84167,-4.33435
135.0,120.0,4,1.03055,-28.24134
135.0,120.0,5,0.95905,-17.54944
135.0,120.0,6,0.87912,-25.11559
135.0,125.0,0,0.84944,14.83532
135.0,125.0,1,0.9056,11.02424
135.0,125.0,2,1.01464,-12.36536
135.0,125.0,3,0.82643,-4.72718
135.0,125.0,4,1.02865,-26.71843
135.0,125.0,5,0.92993,-16.28631
135.0,125.0,6,0.86006,-25.0549
135.0,130.0,0,0.8205,15.84009
135.0,130.0,1,0.89885,10.40512
135.0,130.0,2,0.97384,-11.49284
135.0,130.0,3,0.79834,-3.55311
135.0,130.0,4,1.0235,-27.47142
135.0,130.0,5,0.88263,-17.01914
135.0,130.0,6,0.84858,-23.80285
135.0,135.0,0,0.80364,12.80945
135.0,135.0,1,0.88574,11.1716
135.0,135.0,2,0.94657,-12.46148
135.0,135.0,3,0.78862,-3.89988
135.0,135.0,4,1.00586,-26.28163
135.0,135.0,5,0.83277,-14.98304
135.0,135.0,6,0.85082,-22.16864
135.0,140.0,0,0.76359,13.95068
135.0,140.0,1,0.85406,9.50068
135.0,140.0,2,0.90395,-12.45503
135.0,140.0,3,0.76331,-3.44772
135.0,140.0,4,0.97617,-26.77158
135.0,140.0,5,0.7961,-13.91011
135.0,140.0,6,0.84128,-20.34291
135.0,145.0,0,0.74529,12.1195
135.0,145.0,1,0.84339,8.92093
135.0,145.0,2,0.86454,-9.5878
135.0,145.0,3,0.77104,-2.41971
135.0,145.0,4,0.93444,-26.47869
135.0,145.0,5,0.7727,-13.96399
135.0,145.0,6,0.83802,-20.47402
135.0,150.0,0,0.72497,11.13969
135.0,150.0,1,0.81107,10.38674
135.0,150.0,2,0.81836,-13.27364
135.0,150.0,3,0.74843,-1.90325
135.0,150.0,4,0.88054,-24.85123
135.0,150.0,5,0.75886,-12.09906
135.0,150.0,6,0.80031,-20.34082
135.0,155.0,0,0.69739,10.49276
135.0,155.0,1,0.77715,6.14183
135.0,155.0,2,0.78845,-12.3263
135.0,155.0,3,0.7265,-2.17152
135.0,155.0,4,0.82936,-23.6386
135.0,155.0,5,0.76695,-12.58949
135.0,155.0,6,0.75558,-18.864
135.0,160.0,0,0.66963,10.07841
135.0,160.0,1,0.73777,6.78784
135.0,160.0,2,0.76176,-13.35202
135.0,160.0,3,0.70679,-0.6532
135.0,160.0,4,0.78166,-24.48322
135.0,160.0,5,0.74322,-11.63352
135.0,160.0,6,0.67554,-20.23363
135.0,165.0,0,0.64079,8.72185
135.0,165.0,1,0.70157,8.2652
135.0,165.0,2,0.74095,-12.63972
135.0,165.0,3,0.6712,-1.57397
135.0,165.0,4,0.75592,-21.27565
135.0,165.0,5,0.71535,-12.32773
135.0,165.0,6,0.62866,-18.01357
135.0,170.0,0,0.6031,9.79224
135.0,170.0,1,0.66369,7.62035
135.0,170.0,2,0.70271,-12.34608
135.0,170.0,3,0.63472,-0.75366
135.0,170.0,4,0.7132,-22.11391
135.0,170.0,5,0.68119,-10.57695
135.0,170.0,6,0.60987,-18.95307
135.0,175.0,0,0.58693,8.57431
135.0,175.0,1,0.61886,7.18944
135.0,175.0,2,0.68108,-12.03101
135.0,175.0,3,0.58208,-1.69496
135.0,175.0,4,0.69455,-23.55423
135.0,175.0,5,0.63519,-10.37972
135.0,175.0,6,0.57181,-16.22757
135.0,180.0,0,0.56079,7.46016
135.0,180.0,1,0.57945,5.33471
135.0,180.0,2,0.66236,-9.6474
135.0,180.0,3,0.52811,0.46085
135.0,180.0,4,0.68982,-20.54868
135.0,180.0,5,0.5734,-8.92907
135.0,180.0,6,0.57069,-16.06383
140.0,0.0,0,0.55011,27.3183
140.0,0.0,1,0.58166,26.64418
140.0,0.0,2,0.65801,3.18784
140.0,0.0,3,0.53434,7.95654
140.0,0.0,4,0.69783,-26.97617
140.0,0.0,5,0.55087,-24.09535
140.0,0.0,6,0.59806,-38.1622
140.0,5.0,0,0.59494,28.07624
140.0,5.0,1,0.6195,25.06677
140.0,5.0,2,0.70069,3.76037
140.0,5.0,3,0.59039,5.95229
140.0,5.0,4,0.74813,-26.88943
140.0,5.0,5,0.61241,-23.37299
140.0,5.0,6,0.66953,-37.92309
140.0,10.0,0,0.63514,29.33452
140.0,10.0,1,0.66341,24.56009
140.0,10.0,2,0.7423,3.27835
140.0,10.0,3,0.63982,4.60397
140.0,10.0,4,0.79953,-28.05539
140.0,10.0,5,0.66662,-22.45804
140.0,10.0,6,0.70933,-37.88162
140.0,15.0,0,0.68113,28.5485
140.0,15.0,1,0.70915,24.49376
140.0,15.0,2,0.78329,4.05638
140.0,15.0,3,0.66966,3.72106
140.0,15.0,4,0.84084,-27.57764
140.0,15.0,5,0.68995,-24.50281
140.0,15.0,6,0.73862,-35.90554
140.0,20.0,0,0.71402,27.85597
140.0,20.0,1,0.75535,25.38177
140.0,20.0,2,0.82444,0.8346
140.0,20.0,3,0.69901,3.97026
140.0,20.0,4,0.87,-27.77698
140.0,20.0,5,0.7203,-27.29861
140.0,20.0,6,0.75076,-38.02918
140.0,25.0,0,0.75573,25.42841
140.0,25.0,1,0.78518,25.622
140.0,25.0,2,0.85935,0.09253
140.0,25.0,3,0.7382,3.40757
140.0,25.0,4,0.88705,-29.47621
140.0,25.0,5,0.71614,-24.32133
140.0,25.0,6,0.76414,-34.56328
140.0,30.0,0,0.79315,26.95054
140.0,30.0,1,0.82486,23.81589
140.0,30.0,2,0.89253,0.29166
140.0,30.0,3,0.7406,2.43958
140.0,30.0,4,0.89736,-30.81028
140.0,30.0,5,0.72336,-26.10958
140.0,30.0,6,0.76605,-37.17467
140.0,35.0,0,0.82406,24.61773
140.0,35.0,1,0.84709,23.34878
140.0,35.0,2,0.90825,-1.87133
140.0,35.0,3,0.75877,2.19958
140.0,35.0,4,0.90248,-29.11918
140.0,35.0,5,0.7392,-26.08803
140.0,35.0,6,0.78248,-37.73142
140.0,40.0,0,0.84525,26.66879
140.0,40.0,1,0.87903,24.03031
140.0,40.0,2,0.92143,-2.52138
140.0,40.0,3,0.76211,0.52343
140.0,40.0,4,0.91823,-29.87115
140.0,40.0,5,0.76454,-25.36937
140.0,40.0,6,0.8378,-36.29676
140.0,45.0,0,0.88636,26.93055
140.0,45.0,1,0.8973,22.16721
140.0,45.0,2,0.92245,-3.02761
140.0,45.0,3,0.78829,0.69161
140.0,45.0,4,0.94039,-30.33446
140.0,45.0,5,0.79567,-26.10541
140.0,45.0,6,0.88506,-35.7937
140.0,50.0,0,0.9084,25.02545
140.0,50.0,1,0.90731,20.98622
140.0,50.0,2,0.94374,-4.87436
140.0,50.0,3,0.80433,-1.10478
140.0,50.0,4,0.97031,-29.86727
140.0,50.0,5,0.84998,-24.6772
140.0,50.0,6,0.92677,-34.72863
140.0,55.0,0,0.91307,25.17094
140.0,55.0,1,0.91839,19.87571
140.0,55.0,2,0.94407,-4.18445
140.0,55.0,3,0.82815,-2.53217
140.0,55.0,4,1.00419,-31.8301
140.0,55.0,5,0.89252,-24.23858
140.0,55.0,6,0.96996,-35.05584
140.0,60.0,0,0.93273,23.76779
140.0,60.0,1,0.93428,20.28872
140.0,60.0,2,0.96605,-5.15142
140.0,60.0,3,0.85109,-4.55854
140.0,60.0,4,1.04422,-32.5631
140.0,60.0,5,0.93238,-24.81259
140.0,60.0,6,0.97695,-35.75045
140.0,65.0,0,0.94116,25.91811
140.0,65.0,1,0.92604,19.23576
140.0,65.0,2,0.98199,-7.21904
140.0,65.0,3,0.87527,-5.47724
140.0,65.0,4,1.07498,-31.88472
140.0,65.0,5,0.9486,-25.28664
140.0,65.0,6,0.98492,-33.87009
140.0,70.0,0,0.95362,22.63778
140.0,70.0,1,0.93962,17.54507
140.0,70.0,2,0.98949,-6.97653
140.0,70.0,3,0.89106,-3.84037
140.0,70.0,4,1.09876,-33.14828
140.0,70.0,5,0.94886,-26.31683
140.0,70.0,6,0.96215,-34.04792
140.0,75.0,0,0.96608,21.31062
140.0,75.0,1,0.93268,15.37479
140.0,75.0,2,0.99731,-8.4321
140.0,75.0,3,0.93706,-4.26266
140.0,75.0,4,1.12357,-33.2545
140.0,75.0,5,0.95006,-24.14719
140.0,75.0,6,0.95393,-31.96519
140.0,80.0,0,0.96312,22.13082
140.0,80.0,1,0.93526,14.21351
140.0,80.0,2,1.01342,-8.51686
140.0,80.0,3,0.96339,-3.73053
140.0,80.0,4,1.13133,-32.98873
140.0,80.0,5,0.92725,-26.27327
140.0,80.0,6,0.95484,-31.53979
140.0,85.0,0,0.96116,19.49382
140.0,85.0,1,0.93873,15.9053
140.0,85.0,2,1.03377,-8.80608
140.0,85.0,3,0.96679,-4.9912
140.0,85.0,4,1.11819,-32.28456
140.0,85.0,5,0.91917,-24.17935
140.0,85.0,6,0.97322,-30.70942
140.0,90.0,0,0.95306,18.80967
140.0,90.0,1,0.92944,13.80417
140.0,90.0,2,1.04519,-10.00753
140.0,90.0,3,0.9777,-5.22382
140.0,90.0,4,1.1049,-32.12346
140.0,90.0,5,0.9141,-23.59785
140.0,90.0,6,1.00073,-30.64727
140.0,95.0,0,0.93496,18.23273
140.0,95.0,1,0.94321,11.73602
140.0,95.0,2,1.06379,-10.84644
140.0,95.0,3,0.97172,-5.47528
140.0,95.0,4,1.06442,-30.5294
140.0,95.0,5,0.91432,-23.02403
140.0,95.0,6,1.02088,-29.89463
140.0,100.0,0,0.9394,19.707
140.0,100.0,1,0.94233,14.04962
140.0,100.0,2,1.06533,-11.70627
140.0,100.0,3,0.93901,-5.01376
140.0,100.0,4,1.05643,-32.44003
140.0,100.0,5,0.92427,-23.29605
140.0,100.0,6,1.04189,-28.59211
140.0,105.0,0,0.92874,17.63243
140.0,105.0,1,0.93717,11.74639
140.0,105.0,2,1.07727,-11.58879
140.0,105.0,3,0.92924,-4.14972
140.0,105.0,4,1.03059,-30.96134
140.0,105.0,5,0.94691,-19.59871
140.0,105.0,6,1.01621,-27.84739
140.0,110.0,0,0.90539,16.65263
140.0,110.0,1,0.92724,12.53667
140.0,110.0,2,1.06804,-11.73104
140.0,110.0,3,0.9097,-4.62859
140.0,110.0,4,1.03238,-31.16639
140.0,110.0,5,0.96225,-21.74756
140.0,110.0,6,0.99581,-28.08765
140.0,115.0,0,0.89589,16.5223
140.0,115.0,1,0.93578,10.28587
140.0,115.0,2,1.05132,-12.98222
140.0,115.0,3,0.87405,-5.87212
140.0,115.0,4,1.03911,-31.09374
140.0,115.0,5,0.95026,-20.76642
140.0,115.0,6,0.95089,-27.29112
140.0,120.0,0,0.86638,13.75302
140.0,120.0,1,0.92965,11.85431
140.0,120.0,2,1.02781,-11.31249
140.0,120.0,3,0.85154,-6.41906
140.0,120.0,4,1.04304,-29.99021
140.0,120.0,5,0.93687,-21.05615
140.0,120.0,6,0.91251,-24.45521
140.0,125.0,0,0.84228,13.91911
140.0,125.0,1,0.91517,7.69035
140.0,125.0,2,0.99769,-14.0739
140.0,125.0,3,0.82827,-4.20951
140.0,125.0,4,1.04241,-30.13813
140.0,125.0,5,0.89598,-19.29911
140.0,125.0,6,0.88628,-24.41492
140.0,130.0,0,0.81956,14.10059
140.0,130.0,1,0.90193,8.25545
140.0,130.0,2,0.9797,-13.79082
140.0,130.0,3,0.79817,-5.89062
140.0,130.0,4,1.03985,-28.76909
140.0,130.0,5,0.85119,-17.06014
140.0,130.0,6,0.87684,-23.31425
140.0,135.0,0,0.79488,12.20861
140.0,135.0,1,0.89808,8.14944
140.0,135.0,2,0.92446,-14.3982
140.0,135.0,3,0.79385,-6.37974
140.0,135.0,4,1.01736,-29.24673
140.0,135.0,5,0.80766,-17.93797
140.0,135.0,6,0.87666,-23.22992
140.0,140.0,0,0.76451,12.76866
140.0,140.0,1,0.86891,8.61582
140.0,140.0,2,0.90261,-14.34217
140.0,140.0,3,0.76794,-4.87898
140.0,140.0,4,0.99368,-28.53362
140.0,140.0,5,0.76605,-16.90332
140.0,140.0,6,0.88215,-22.25194
140.0,145.0,0,0.7449,10.72686
140.0,145.0,1,0.84654,7.87601
140.0,145.0,2,0.85495,-15.31765
140.0,145.0,3,0.75367,-5.92437
140.0,145.0,4,0.95033,-28.28725
140.0,145.0,5,0.74163,-16.50735
140.0,145.0,6,0.87579,-22.44428
140.0,150.0,0,0.71236,8.85286
140.0,150.0,1,0.81246,7.30107
140.0,150.0,2,0.80833,-14.0299
140.0,150.0,3,0.7535,-5.04715
140.0,150.0,4,0.89926,-28.4145
140.0,150.0,5,0.73103,-15.84583
140.0,150.0,6,0.83335,-22.00311
140.0,155.0,0,0.69026,8.39082
140.0,155.0,1,0.78683,6.5974
140.0,155.0,2,0.78165,-15.05694
140.0,155.0,3,0.73221,-3.66157
140.0,155.0,4,0.85165,-25.53806
140.0,155.0,5,0.71625,-15.065
140.0,155.0,6,0.78229,-19.59551
140.0,160.0,0,0.67215,7.84596
140.0,160.0,1,0.7521,6.69566
140.0,160.0,2,0.74479,-13.63502
140.0,160.0,3,0.70524,-3.61593
140.0,160.0,4,0.79643,-27.03237
140.0,160.0,5,0.70771,-13.27681
140.0,160.0,6,0.7161,-21.90785
140.0,165.0,0,0.63675,8.02104
140.0,165.0,1,0.70724,7.86593
140.0,165.0,2,0.72281,-14.24745
140.0,165.0,3,0.66887,-4.25915
140.0,165.0,4,0.75402,-25.69489
140.0,165.0,5,0.69301,-13.10679
140.0,165.0,6,0.67029,-19.48777
140.0,170.0,0,0.61756,6.6104
140.0,170.0,1,0.66572,4.56432
140.0,170.0,2,0.69199,-12.4136
140.0,170.0,3,0.63323,-3.92526
140.0,170.0,4,0.73434,-25.54226
140.0,170.0,5,0.66664,-12.42463
140.0,170.0,6,0.62722,-19.07205
140.0,175.0,0,0.57988,7.39261
140.0,175.0,1,0.62922,4.51138
140.0,175.0,2,0.65989,-13.43503
140.0,175.0,3,0.58816,-2.00058
140.0,175.0,4,0.70705,-21.71383
140.0,175.0,5,0.60761,-11.33654
140.0,175.0,6,0.61059,-16.20741
140.0,180.0,0,0.56072,5.58216
140.0,180.0,1,0.57582,3.89749
140.0,180.0,2,0.64678,-12.33259
140.0,180.0,3,0.53486,-0.9784
140.0,180.0,4,0.68765,-20.20441
140.0,180.0,5,0.54327,-9.74513
140.0,180.0,6,0.60598,-17.88529
145.0,0.0,0,0.54065,26.57127
145.0,0.0,1,0.58318,24.86536
145.0,0.0,2,0.63424,2.84779
145.0,0.0,3,0.54748,4.71558
145.0,0.0,4,0.70374,-26.48705
145.0,0.0,5,0.53063,-24.41692
145.0,0.0,6,0.63132,-39.30992
145.0,5.0,0,0.59607,26.19276
145.0,5.0,1,0.63093,23.92273
145.0,5.0,2,0.68942,-0.65505
145.0,5.0,3,0.5959,3.19428
145.0,5.0,4,0.74735,-27.52736
145.0,5.0,5,0.58485,-26.12792
145.0,5.0,6,0.69025,-38.0069
145.0,10.0,0,0.63452,26.72158
145.0,10.0,1,0.67611,24.73806
145.0,10.0,2,0.73448,0.14585
145.0,10.0,3,0.63956,1.08857
145.0,10.0,4,0.81063,-27.68004
145.0,10.0,5,0.6389,-25.83418
145.0,10.0,6,0.74421,-37.40533
145.0,15.0,0,0.67665,27.13774
145.0,15.0,1,0.71601,23.64624
145.0,15.0,2,0.76919,0.50695
145.0,15.0,3,0.68789,1.97479
145.0,15.0,4,0.84562,-29.66928
145.0,15.0,5,0.67135,-26.78105
145.0,15.0,6,0.76538,-38.50387
145.0,20.0,0,0.72394,25.07235
145.0,20.0,1,0.75357,24.06362
145.0,20.0,2,0.8111,-1.87974
145.0,20.0,3,0.71976,0.65022
145.0,20.0,4,0.87653,-29.25582
145.0,20.0,5,0.6865,-24.19211
145.0,20.0,6,0.78355,-39.91417
145.0,25.0,0,0.75691,25.55963
145.0,25.0,1,0.79969,21.72347
145.0,25.0,2,0.84071,-1.52665
145.0,25.0,3,0.7562,1.1343
145.0,25.0,4,0.89243,-31.43423
145.0,25.0,5,0.70672,-26.78326
145.0,25.0,6,0.7896,-37.76885
145.0,30.0,0,0.7828,24.20961
145.0,30.0,1,0.81852,22.17713
145.0,30.0,2,0.87311,-3.81371
145.0,30.0,3,0.7694,-0.94408
145.0,30.0,4,0.89628,-32.48351
145.0,30.0,5,0.70981,-26.2051
145.0,30.0,6,0.80217,-38.56068
145.0,35.0,0,0.81389,24.17742
145.0,35.0,1,0.86721,23.42626
145.0,35.0,2,0.89287,-4.02508
145.0,35.0,3,0.77919,-0.18184
145.0,35.0,4,0.91738,-32.58961
145.0,35.0,5,0.72133,-27.35388
145.0,35.0,6,0.81615,-37.67158
145.0,40.0,0,0.83984,25.28653
145.0,40.0,1,0.88289,20.99178
145.0,40.0,2,0.90725,-5.08036
145.0,40.0,3,0.77867,-3.49715
145.0,40.0,4,0.92494,-29.02678
145.0,40.0,5,0.74619,-26.83785
145.0,40.0,6,0.87042,-36.413
145.0,45.0,0,0.87755,24.76526
145.0,45.0,1,0.90046,19.33559
145.0,45.0,2,0.92137,-4.74478
145.0,45.0,3,0.79178,0.05454
145.0,45.0,4,0.93507,-32.37413
145.0,45.0,5,0.77775,-25.76627
145.0,45.0,6,0.91554,-36.49403
145.0,50.0,0,0.89626,23.82968
145.0,50.0,1,0.91835,19.78263
145.0,50.0,2,0.92474,-5.46385
145.0,50.0,3,0.81069,-3.20081
145.0,50.0,4,0.96964,-31.83248
145.0,50.0,5,0.82586,-28.08317
145.0,50.0,6,0.96854,-35.87193
145.0,55.0,0,0.91922,23.01552
145.0,55.0,1,0.92809,16.78211
145.0,55.0,2,0.94382,-7.01894
145.0,55.0,3,0.82776,-3.05755
145.0,55.0,4,1.00579,-33.03436
145.0,55.0,5,0.87647,-27.49239
145.0,55.0,6,0.99812,-35.95988
145.0,60.0,0,0.93112,20.7515
145.0,60.0,1,0.93757,18.10778
145.0,60.0,2,0.94359,-7.67389
145.0,60.0,3,0.8578,-3.96966
145.0,60.0,4,1.04618,-36.95784
145.0,60.0,5,0.91032,-26.33223
145.0,60.0,6,1.01914,-37.18444
145.0,65.0,0,0.94989,23.01949
145.0,65.0,1,0.93298,14.796
145.0,65.0,2,0.95568,-8.40042
145.0,65.0,3,0.88277,-4.19411
145.0,65.0,4,1.08521,-32.36839
145.0,65.0,5,0.9392,-27.52846
145.0,65.0,6,1.0155,-35.6548
145.0,70.0,0,0.95274,19.87032
145.0,70.0,1,0.95222,15.79503
145.0,70.0,2,0.97098,-8.31057
145.0,70.0,3,0.91251,-6.25302
145.0,70.0,4,1.0992,-34.73436
145.0,70.0,5,0.94344,-27.8778
145.0,70.0,6,1.00341,-34.91171
145.0,75.0,0,0.96425,20.61474
145.0,75.0,1,0.94594,14.47264
145.0,75.0,2,0.98885,-10.64565
145.0,75.0,3,0.94673,-4.92171
145.0,75.0,4,1.11298,-33.52709
145.0,75.0,5,0.92694,-25.4791
145.0,75.0,6,0.98597,-32.91541
145.0,80.0,0,0.95509,18.9461
145.0,80.0,1,0.94655,13.33209
145.0,80.0,2,1.00832,-9.78368
145.0,80.0,3,0.9726,-6.33249
145.0,80.0,4,1.12564,-35.2913
145.0,80.0,5,0.91499,-25.50279
145.0,80.0,6,0.99115,-29.16974
145.0,85.0,0,0.95792,19.09064
145.0,85.0,1,0.94966,12.32658
145.0,85.0,2,1.02917,-11.22326
145.0,85.0,3,0.982,-5.94218
145.0,85.0,4,1.10933,-34.36773
145.0,85.0,5,0.89073,-24.04876
145.0,85.0,6,1.00594,-33.42292
145.0,90.0,0,0.94836,18.10616
145.0,90.0,1,0.94833,13.52542
145.0,90.0,2,1.04334,-12.2949
145.0,90.0,3,0.97696,-6.377
145.0,90.0,4,1.08991,-35.45994
145.0,90.0,5,0.88906,-24.07295
145.0,90.0,6,1.04056,-31.75813
145.0,95.0,0,0.94621,15.88048
145.0,95.0,1,0.94472,12.15202
145.0,95.0,2,1.04397,-13.99554
145.0,95.0,3,0.97824,-5.79166
145.0,95.0,4,1.08212,-32.0346
145.0,95.0,5,0.89338,-24.85134
145.0,95.0,6,1.06458,-32.57144
145.0,100.0,0,0.93334,13.90219
145.0,100.0,1,0.94806,11.13936
145.0,100.0,2,1.05551,-12.7871
145.0,100.0,3,0.96533,-9.2132
145.0,100.0,4,1.05306,-30.6516
145.0,100.0,5,0.90082,-24.58481
145.0,100.0,6,1.06735,-29.72583
145.0,105.0,0,0.92103,13.71169
145.0,105.0,1,0.94746,11.97818
145.0,105.0,2,1.06439,-13.70419
145.0,105.0,3,0.9465,-6.78801
145.0,105.0,4,1.04025,-32.85419
145.0,105.0,5,0.91865,-22.55492
145.0,105.0,6,1.06843,-28.83197
145.0,110.0,0,0.89837,16.16987
145.0,110.0,1,0.93979,8.93996
145.0,110.0,2,1.04403,-13.49568
145.0,110.0,3,0.91384,-5.27121
145.0,110.0,4,1.04789,-34.17712
145.0,110.0,5,0.93338,-23.35533
145.0,110.0,6,1.03638,-28.40222
145.0,115.0,0,0.87642,13.32275
145.0,115.0,1,0.94258,7.91182
145.0,115.0,2,1.03785,-16.59008
145.0,115.0,3,0.88836,-7.72162
145.0,115.0,4,1.04527,-30.98979
145.0,115.0,5,0.93401,-22.9824
145.0,115.0,6,0.98446,-26.88335
145.0,120.0,0,0.85848,13.56722
145.0,120.0,1,0.93891,8.09373
145.0,120.0,2,1.01334,-16.40317
145.0,120.0,3,0.85953,-9.41152
145.0,120.0,4,1.04822,-31.3004
145.0,120.0,5,0.9039,-21.12622
145.0,120.0,6,0.94679,-25.79904
145.0,125.0,0,0.83571,11.59315
145.0,125.0,1,0.92669,7.85331
145.0,125.0,2,0.98368,-16.68047
145.0,125.0,3,0.82558,-5.95639
145.0,125.0,4,1.04335,-32.60507
145.0,125.0,5,0.8738,-21.37101
145.0,125.0,6,0.92171,-25.60666
145.0,130.0,0,0.81766,13.51677
145.0,130.0,1,0.92181,6.45046
145.0,130.0,2,0.95846,-16.74434
145.0,130.0,3,0.81056,-6.42842
145.0,130.0,4,1.03497,-31.71409
145.0,130.0,5,0.82463,-19.35569
145.0,130.0,6,0.91529,-25.82551
145.0,135.0,0,0.78651,9.91224
145.0,135.0,1,0.90616,6.76019
145.0,135.0,2,0.91862,-16.76558
145.0,135.0,3,0.79462,-7.09905
145.0,135.0,4,1.01186,-29.9791
145.0,135.0,5,0.79122,-19.43236
145.0,135.0,6,0.92843,-25.34657
145.0,140.0,0,0.76174,11.02875
145.0,140.0,1,0.88477,5.64558
145.0,140.0,2,0.88735,-15.4083
145.0,140.0,3,0.79257,-6.30077
145.0,140.0,4,0.99164,-29.57847
145.0,140.0,5,0.73563,-19.50586
145.0,140.0,6,0.92415,-22.50163
145.0,145.0,0,0.73764,9.596
145.0,145.0,1,0.8585,3.68739
145.0,145.0,2,0.83406,-16.98171
145.0,145.0,3,0.76669,-6.60771
145.0,145.0,4,0.95425,-29.31531
145.0,145.0,5,0.7202,-17.96857
145.0,145.0,6,0.8962,-23.36889
145.0,150.0,0,0.71402,9.3357
145.0,150.0,1,0.82736,5.72294
145.0,150.0,2,0.80064,-17.53756
145.0,150.0,3,0.76574,-7.64467
145.0,150.0,4,0.90205,-28.96169
145.0,150.0,5,0.71536,-15.54185
145.0,150.0,6,0.87265,-20.32216
145.0,155.0,0,0.68888,6.0434
145.0,155.0,1,0.79542,4.42573
145.0,155.0,2,0.76782,-17.16774
145.0,155.0,3,0.75173,-5.42135
145.0,155.0,4,0.84834,-28.64323
145.0,155.0,5,0.69044,-15.11452
145.0,155.0,6,0.81603,-21.60366
145.0,160.0,0,0.65721,7.44236
145.0,160.0,1,0.75908,3.69411
145.0,160.0,2,0.73856,-14.98769
145.0,160.0,3,0.72274,-8.80691
145.0,160.0,4,0.79889,-27.93817
145.0,160.0,5,0.69328,-16.24789
145.0,160.0,6,0.77007,-20.60831
145.0,165.0,0,0.63179,6.02537
145.0,165.0,1,0.7163,2.06131
145.0,165.0,2,0.70311,-15.50148
145.0,165.0,3,0.68441,-5.3924
145.0,165.0,4,0.75906,-25.62856
145.0,165.0,5,0.67359,-15.01251
145.0,165.0,6,0.70364,-18.95624
145.0,170.0,0,0.60461,5.76369
145.0,170.0,1,0.68245,1.47328
145.0,170.0,2,0.67945,-16.015
145.0,170.0,3,0.63982,-3.71777
145.0,170.0,4,0.73342,-28.87417
145.0,170.0,5,0.63464,-12.60735
145.0,170.0,6,0.66646,-18.652
145.0,175.0,0,0.58084,3.25089
145.0,175.0,1,0.62676,1.7631
145.0,175.0,2,0.65464,-15.39882
145.0,175.0,3,0.59814,-4.66977
145.0,175.0,4,0.7243,-25.29825
145.0,175.0,5,0.5903,-13.24298
145.0,175.0,6,0.64149,-17.72392
145.0,180.0,0,0.53887,5.42586
145.0,180.0,1,0.59513,3.44182
145.0,180.0,2,0.63308,-14.69619
145.0,180.0,3,0.54331,-3.15038
145.0,180.0,4,0.70672,-25.03601
145.0,180.0,5,0.52596,-12.50283
145.0,180.0,6,0.63049,-15.76694
150.0,0.0,0,0.55003,23.30282
150.0,0.0,1,0.59591,21.52284
150.0,0.0,2,0.61889,-1.21573
150.0,0.0,3,0.55833,2.56007
150.0,0.0,4,0.6942,-26.86336
150.0,0.0,5,0.52085,-26.65825
150.0,0.0,6,0.66662,-38.68599
150.0,5.0,0,0.5872,24.33286
150.0,5.0,1,0.64757,21.57567
150.0,5.0,2,0.66306,-0.0336
150.0,5.0,3,0.61088,1.51369
150.0,5.0,4,0.74068,-27.74238
150.0,5.0,5,0.57745,-27.0554
150.0,5.0,6,0.71845,-37.55961
150.0,10.0,0,0.62577,25.58903
150.0,10.0,1,0.69081,21.3162
150.0,10.0,2,0.71738,-1.85719
150.0,10.0,3,0.65945,0.15308
150.0,10.0,4,0.79431,-30.96906
150.0,10.0,5,0.61952,-26.1317
150.0,10.0,6,0.76305,-38.82392
150.0,15.0,0,0.67682,23.9979
150.0,15.0,1,0.73087,21.30567
150.0,15.0,2,0.75075,-1.79438
150.0,15.0,3,0.6961,0.32425
150.0,15.0,4,0.83472,-29.87408
150.0,15.0,5,0.66158,-26.94245
150.0,15.0,6,0.79813,-39.39939
150.0,20.0,0,0.71458,24.40671
150.0,20.0,1,0.76985,20.56865
150.0,20.0,2,0.79987,-2.74054
150.0,20.0,3,0.74129,0.71847
150.0,20.0,4,0.87201,-30.77104
150.0,20.0,5,0.6739,-28.75083
150.0,20.0,6,0.803,-37.70556
150.0,25.0,0,0.75399,25.26816
150.0,25.0,1,0.81148,19.89815
150.0,25.0,2,0.83048,-6.36001
150.0,25.0,3,0.75838,-0.22646
150.0,25.0,4,0.88233,-32.61948
150.0,25.0,5,0.68698,-27.94494
150.0,25.0,6,0.82169,-37.56709
150.0,30.0,0,0.78354,23.26849
150.0,30.0,1,0.83742,18.15772
150.0,30.0,2,0.85348,-6.33543
150.0,30.0,3,0.78297,-2.78214
150.0,30.0,4,0.88751,-31.45919
150.0,30.0,5,0.69864,-28.12335
150.0,30.0,6,0.82235,-38.88586
150.0,35.0,0,0.81658,22.12509
150.0,35.0,1,0.87135,20.03368
150.0,35.0,2,0.8795,-6.76247
150.0,35.0,3,0.79857,-4.17578
150.0,35.0,4,0.90764,-33.35015
150.0,35.0,5,0.7163,-28.3138
150.0,35.0,6,0.84886,-39.81974
150.0,40.0,0,0.83648,24.2451
150.0,40.0,1,0.89752,16.53705
150.0,40.0,2,0.89316,-7.03699
150.0,40.0,3,0.80789,-5.61498
150.0,40.0,4,0.91162,-35.22544
150.0,40.0,5,0.72868,-27.74683
150.0,40.0,6,0.89023,-36.86342
150.0,45.0,0,0.87137,20.73239
150.0,45.0,1,0.91156,17.89483
150.0,45.0,2,0.91322,-7.42424
150.0,45.0,3,0.82353,-2.27625
150.0,45.0,4,0.93747,-33.26758
150.0,45.0,5,0.77374,-29.021
150.0,45.0,6,0.94325,-35.90816
150.0,50.0,0,0.89593,20.21855
150.0,50.0,1,0.91353,15.99755
150.0,50.0,2,0.91091,-8.64039
150.0,50.0,3,0.82256,-6.12538
150.0,50.0,4,0.95694,-33.51802
150.0,50.0,5,0.81854,-28.5128
150.0,50.0,6,0.99412,-37.8058
150.0,55.0,0,0.91671,20.98867
150.0,55.0,1,0.93651,16.21643
150.0,55.0,2,0.9202,-8.40807
150.0,55.0,3,0.84377,-5.17812
150.0,55.0,4,1.00909,-35.4029
150.0,55.0,5,0.85897,-29.10075
150.0,55.0,6,1.02563,-35.43695
150.0,60.0,0,0.93024,21.7493
150.0,60.0,1,0.9489,14.64618
150.0,60.0,2,0.93228,-8.86248
150.0,60.0,3,0.87352,-7.1648
150.0,60.0,4,1.03347,-35.42083
150.0,60.0,5,0.89699,-26.6979
150.0,60.0,6,1.03495,-35.5128
150.0,65.0,0,0.93773,20.04298
150.0,65.0,1,0.94876,15.11331
150.0,65.0,2,0.941,-11.09588
150.0,65.0,3,0.90543,-7.87835
150.0,65.0,4,1.0742,-34.55616
150.0,65.0,5,0.91406,-28.36799
150.0,65.0,6,1.03554,-33.71251
150.0,70.0,0,0.95506,18.94574
150.0,70.0,1,0.95909,11.79641
150.0,70.0,2,0.94862,-11.43489
150.0,70.0,3,0.92436,-7.65826
150.0,70.0,4,1.09549,-34.95605
150.0,70.0,5,0.92417,-28.02521
150.0,70.0,6,1.03263,-35.77518
150.0,75.0,0,0.94596,18.09226
150.0,75.0,1,0.96888,12.43691
150.0,75.0,2,0.96708,-12.89693
150.0,75.0,3,0.95434,-8.88553
150.0,75.0,4,1.11669,-34.64381
150.0,75.0,5,0.91711,-27.73667
150.0,75.0,6,1.01209,-34.10793
150.0,80.0,0,0.9496,18.4482
150.0,80.0,1,0.96906,12.85593
150.0,80.0,2,0.98691,-12.28791
150.0,80.0,3,0.97851,-9.31593
150.0,80.0,4,1.11988,-35.6322
150.0,80.0,5,0.90501,-26.78772
150.0,80.0,6,1.02091,-33.68832
150.0,85.0,0,0.94479,16.01029
150.0,85.0,1,0.96159,10.407
150.0,85.0,2,1.00698,-15.12574
150.0,85.0,3,0.99834,-10.23759
150.0,85.0,4,1.11235,-34.91834
150.0,85.0,5,0.88517,-25.79189
150.0,85.0,6,1.03919,-33.15548
150.0,90.0,0,0.95285,16.26462
150.0,90.0,1,0.95984,10.93142
150.0,90.0,2,1.0199,-16.7975
150.0,90.0,3,0.9943,-7.93002
150.0,90.0,4,1.10025,-34.17134
150.0,90.0,5,0.87626,-28.54203
150.0,90.0,6,1.06277,-30.89094
150.0,95.0,0,0.93933,13.57468
150.0,95.0,1,0.96244,9.50808
150.0,95.0,2,1.02898,-14.54995
150.0,95.0,3,0.98828,-8.78229
150.0,95.0,4,1.06869,-36.52148
150.0,95.0,5,0.89334,-26.0217
150.0,95.0,6,1.07825,-30.77729
150.0,100.0,0,0.92846,15.51765
150.0,100.0,1,0.95081,6.95528
150.0,100.0,2,1.03707,-16.107
150.0,100.0,3,0.98338,-9.42792
150.0,100.0,4,1.05768,-35.03022
150.0,100.0,5,0.9006,-24.81982
150.0,100.0,6,1.10059,-29.87332
150.0,105.0,0,0.90946,14.24932
150.0,105.0,1,0.95884,8.1339
150.0,105.0,2,1.03477,-14.42663
150.0,105.0,3,0.96035,-10.83595
150.0,105.0,4,1.03692,-34.69994
150.0,105.0,5,0.91645,-25.51041
150.0,105.0,6,1.08459,-30.76237
150.0,110.0,0,0.8927,12.76865
150.0,110.0,1,0.96267,7.91732
150.0,110.0,2,1.02943,-15.31912
150.0,110.0,3,0.93102,-10.23216
150.0,110.0,4,1.02633,-36.77342
150.0,110.0,5,0.92376,-26.15362
150.0,110.0,6,1.049,-27.96645
150.0,115.0,0,0.87453,13.3154
150.0,115.0,1,0.95669,7.20829
150.0,115.0,2,1.01981,-16.65468
150.0,115.0,3,0.9054,-10.00295
150.0,115.0,4,1.03163,-32.73171
150.0,115.0,5,0.92176,-22.50279
150.0,115.0,6,1.01512,-28.59569
150.0,120.0,0,0.85899,8.29623
150.0,120.0,1,0.94307,7.76585
150.0,120.0,2,0.99797,-18.05503
150.0,120.0,3,0.86929,-11.02
150.0,120.0,4,1.03836,-34.92351
150.0,120.0,5,0.90958,-23.33846
150.0,120.0,6,0.97247,-25.58724
150.0,125.0,0,0.83272,11.69966
150.0,125.0,1,0.94071,3.68721
150.0,125.0,2,0.97442,-18.87059
150.0,125.0,3,0.84506,-10.9678
150.0,125.0,4,1.03756,-33.21485
150.0,125.0,5,0.85325,-22.51669
150.0,125.0,6,0.95053,-26.38703
150.0,130.0,0,0.81216,8.05568
150.0,130.0,1,0.92588,4.43124
150.0,130.0,2,0.9427,-16.61787
150.0,130.0,3,0.8306,-8.62111
150.0,130.0,4,1.03199,-32.01533
150.0,130.0,5,0.8183,-21.09017
150.0,130.0,6,0.94123,-26.01962
150.0,135.0,0,0.79451,9.15386
150.0,135.0,1,0.90877,3.90608
150.0,135.0,2,0.90839,-17.32803
150.0,135.0,3,0.81151,-9.86953
150.0,135.0,4,1.01554,-32.44116
150.0,135.0,5,0.77815,-20.43694
150.0,135.0,6,0.9518,-24.50565
150.0,140.0,0,0.76218,7.74369
150.0,140.0,1,0.89906,1.77663
150.0,140.0,2,0.86418,-16.82795
150.0,140.0,3,0.8078,-11.60561
150.0,140.0,4,0.98077,-30.20533
150.0,140.0,5,0.72689,-19.32285
150.0,140.0,6,0.95188,-25.08793
150.0,145.0,0,0.73352,7.17613
150.0,145.0,1,0.87205,2.92479
150.0,145.0,2,0.82439,-18.28585
150.0,145.0,3,0.79694,-9.96824
150.0,145.0,4,0.93966,-31.82394
150.0,145.0,5,0.71511,-17.9453
150.0,145.0,6,0.93938,-23.70699
150.0,150.0,0,0.71341,4.62441
150.0,150.0,1,0.8337,2.32968
150.0,150.0,2,0.79196,-17.90561
150.0,150.0,3,0.77379,-9.38711
150.0,150.0,4,0.90121,-29.98829
150.0,150.0,5,0.7024,-17.4849
150.0,150.0,6,0.89614,-21.85015
150.0,155.0,0,0.68865,5.0187
150.0,155.0,1,0.79945,1.9129
150.0,155.0,2,0.75634,-19.80274
150.0,155.0,3,0.76197,-8.19427
150.0,155.0,4,0.84673,-29.65965
150.0,155.0,5,0.68698,-16.70238
150.0,155.0,6,0.84178,-21.63131
150.0,160.0,0,0.66585,5.71966
150.0,160.0,1,0.77138,3.08352
150.0,160.0,2,0.71868,-20.00357
150.0,160.0,3,0.73213,-7.34523
150.0,160.0,4,0.79695,-31.17067
150.0,160.0,5,0.67074,-16.34336
150.0,160.0,6,0.78509,-23.09609
150.0,165.0,0,0.63267,4.59295
150.0,165.0,1,0.72308,0.70676
150.0,165.0,2,0.69475,-19.10703
150.0,165.0,3,0.69701,-7.9159
150.0,165.0,4,0.76484,-30.16396
150.0,165.0,5,0.66252,-14.93945
150.0,165.0,6,0.73536,-18.72521
150.0,170.0,0,0.59508,5.29296
150.0,170.0,1,0.69644,1.29687
150.0,170.0,2,0.66154,-19.84059
150.0,170.0,3,0.65538,-7.68486
150.0,170.0,4,0.72293,-27.10446
150.0,170.0,5,0.61937,-15.0028
150.0,170.0,6,0.69799,-19.98448
150.0,175.0,0,0.57148,5.72626
150.0,175.0,1,0.65172,-0.71631
150.0,175.0,2,0.64373,-17.85743
150.0,175.0,3,0.61144,-6.65319
150.0,175.0,4,0.71336,-26.75547
150.0,175.0,5,0.57811,-14.81376
150.0,175.0,6,0.67844,-18.55801
150.0,180.0,0,0.54867,3.1022
150.0,180.0,1,0.59801,-0.15687
150.0,180.0,2,0.61621,-15.69533
150.0,180.0,3,0.56186,-5.27154
150.0,180.0,4,0.69514,-26.59069
150.0,180.0,5,0.51839,-12.81036
150.0,180.0,6,0.66163,-18.30226
155.0,0.0,0,0.55301,23.32796
155.0,0.0,1,0.61369,21.159
155.0,0.0,2,0.59774,-3.58225
155.0,0.0,3,0.5905,-1.51212
155.0,0.0,4,0.67904,-28.55544
155.0,0.0,5,0.53697,-25.81694
155.0,0.0,6,0.66438,-38.92273
155.0,5.0,0,0.5804,22.82983
155.0,5.0,1,0.65807,21.76989
155.0,5.0,2,0.64821,-4.28205
155.0,5.0,3,0.63017,-1.20941
155.0,5.0,4,0.73566,-30.13799
155.0,5.0,5,0.58743,-27.89077
155.0,5.0,6,0.72425,-38.32705
155.0,10.0,0,0.64007,22.18629
155.0,10.0,1,0.69522,20.46047
155.0,10.0,2,0.69716,-4.3151
155.0,10.0,3,0.68225,-1.25676
155.0,10.0,4,0.78178,-32.22009
155.0,10.0,5,0.63805,-29.62689
155.0,10.0,6,0.78805,-37.68341
155.0,15.0,0,0.6683,22.65541
155.0,15.0,1,0.7333,19.19142
155.0,15.0,2,0.75253,-5.26061
155.0,15.0,3,0.71199,-2.05677
155.0,15.0,4,0.82116,-33.07403
155.0,15.0,5,0.66953,-28.46972
155.0,15.0,6,0.80808,-40.39863
155.0,20.0,0,0.71276,22.97891
155.0,20.0,1,0.78039,19.40293
155.0,20.0,2,0.79346,-5.12865
155.0,20.0,3,0.75395,-1.75517
155.0,20.0,4,0.83799,-32.3242
155.0,20.0,5,0.68478,-29.91375
155.0,20.0,6,0.81545,-39.03197
155.0,25.0,0,0.74894,21.6768
155.0,25.0,1,0.8207,19.26807
155.0,25.0,2,0.81249,-4.82688
155.0,25.0,3,0.78928,-2.97355
155.0,25.0,4,0.8696,-32.73608
155.0,25.0,5,0.69315,-28.95916
155.0,25.0,6,0.81628,-38.62745
155.0,30.0,0,0.78345,21.32768
155.0,30.0,1,0.85461,16.54759
155.0,30.0,2,0.84601,-6.53082
155.0,30.0,3,0.79777,-3.96588
155.0,30.0,4,0.8694,-33.78628
155.0,30.0,5,0.70768,-27.55058
155.0,30.0,6,0.82977,-37.67327
155.0,35.0,0,0.81383,19.82283
155.0,35.0,1,0.87344,16.21781
155.0,35.0,2,0.8445,-9.22839
155.0,35.0,3,0.81191,-4.48879
155.0,35.0,4,0.89011,-36.67938
155.0,35.0,5,0.71811,-31.2056
155.0,35.0,6,0.8551,-38.2446
155.0,40.0,0,0.83924,19.77143
155.0,40.0,1,0.89932,15.6222
155.0,40.0,2,0.87748,-6.70577
155.0,40.0,3,0.82425,-5.72118
155.0,40.0,4,0.89997,-35.89715
155.0,40.0,5,0.74811,-30.30457
155.0,40.0,6,0.90554,-37.64772
155.0,45.0,0,0.86373,21.2013
155.0,45.0,1,0.92126,16.01041
155.0,45.0,2,0.88518,-9.8107
155.0,45.0,3,0.83682,-6.82835
155.0,45.0,4,0.9154,-35.06508
155.0,45.0,5,0.77899,-29.81576
155.0,45.0,6,0.95508,-39.13123
155.0,50.0,0,0.89183,20.57782
155.0,50.0,1,0.93988,13.60217
155.0,50.0,2,0.89306,-11.82796
155.0,50.0,3,0.84677,-8.40379
155.0,50.0,4,0.95004,-36.46353
155.0,50.0,5,0.82567,-28.32146
155.0,50.0,6,0.9929,-37.18832
155.0,55.0,0,0.91569,20.4323
155.0,55.0,1,0.94965,13.50201
155.0,55.0,2,0.9148,-11.71138
155.0,55.0,3,0.87439,-7.54366
155.0,55.0,4,0.98802,-37.17766
155.0,55.0,5,0.86954,-32.33004
155.0,55.0,6,1.03885,-35.75978
155.0,60.0,0,0.92431,19.83103
155.0,60.0,1,0.9598,13.67789
155.0,60.0,2,0.91518,-12.87165
155.0,60.0,3,0.89352,-8.12631
155.0,60.0,4,1.01686,-36.38239
155.0,60.0,5,0.90686,-30.561
155.0,60.0,6,1.04876,-36.79382
155.0,65.0,0,0.93541,18.76234
155.0,65.0,1,0.95955,11.02589
155.0,65.0,2,0.91631,-14.30356
155.0,65.0,3,0.91868,-10.681
155.0,65.0,4,1.05017,-36.56207
155.0,65.0,5,0.93674,-29.03349
155.0,65.0,6,1.06169,-38.08526
155.0,70.0,0,0.94108,19.61045
155.0,70.0,1,0.95949,11.3301
155.0,70.0,2,0.94691,-14.22258
155.0,70.0,3,0.94494,-10.04777
155.0,70.0,4,1.08578,-36.76912
155.0,70.0,5,0.93103,-29.11566
155.0,70.0,6,1.0418,-35.29812
155.0,75.0,0,0.948,17.20526
155.0,75.0,1,0.95921,10.4609
155.0,75.0,2,0.95678,-13.28458
155.0,75.0,3,0.9807,-10.41534
155.0,75.0,4,1.10189,-36.09124
155.0,75.0,5,0.93061,-28.67874
155.0,75.0,6,1.01988,-34.37149
155.0,80.0,0,0.94393,14.00357
155.0,80.0,1,0.95822,10.19173
155.0,80.0,2,0.97668,-15.78771
155.0,80.0,3,1.00262,-10.76013
155.0,80.0,4,1.11276,-38.22287
155.0,80.0,5,0.90729,-28.82629
155.0,80.0,6,1.02782,-34.7402
155.0,85.0,0,0.95073,15.34727
155.0,85.0,1,0.9674,9.79895
155.0,85.0,2,1.00368,-16.31347
155.0,85.0,3,1.00375,-9.04196
155.0,85.0,4,1.09262,-37.60009
155.0,85.0,5,0.89157,-28.4899
155.0,85.0,6,1.03476,-31.43857
155.0,90.0,0,0.95495,12.58465
155.0,90.0,1,0.96869,7.42663
155.0,90.0,2,1.00304,-17.04744
155.0,90.0,3,1.02036,-11.06466
155.0,90.0,4,1.07611,-35.85367
155.0,90.0,5,0.88523,-29.47859
155.0,90.0,6,1.07357,-32.57807
155.0,95.0,0,0.9406,12.69329
155.0,95.0,1,0.96611,8.42359
155.0,95.0,2,1.01237,-17.2303
155.0,95.0,3,1.01967,-11.9726
155.0,95.0,4,1.0489,-34.94907
155.0,95.0,5,0.89232,-26.85683
155.0,95.0,6,1.09308,-32.59577
155.0,100.0,0,0.9293,12.60558
155.0,100.0,1,0.9637,7.56234
155.0,100.0,2,1.01794,-18.58763
155.0,100.0,3,0.99805,-9.97875
155.0,100.0,4,1.03872,-36.06859
155.0,100.0,5,0.91254,-26.09223
155.0,100.0,6,1.10156,-31.72404
155.0,105.0,0,0.90297,10.56169
155.0,105.0,1,0.96564,5.52833
155.0,105.0,2,1.02964,-18.95133
155.0,105.0,3,0.9681,-10.30859
155.0,105.0,4,1.01922,-38.66984
155.0,105.0,5,0.93443,-27.00127
155.0,105.0,6,1.09511,-32.18394
155.0,110.0,0,0.89349,10.56536
155.0,110.0,1,0.96373,2.96836
155.0,110.0,2,1.02461,-18.73756
155.0,110.0,3,0.94608,-12.53275
155.0,110.0,4,1.00966,-37.41345
155.0,110.0,5,0.93362,-24.97913
155.0,110.0,6,1.05781,-30.06331
155.0,115.0,0,0.88348,8.06719
155.0,115.0,1,0.9477,4.3023
155.0,115.0,2,1.00562,-20.53209
155.0,115.0,3,0.92042,-11.65359
155.0,115.0,4,1.02137,-36.3028
155.0,115.0,5,0.93529,-24.21444
155.0,115.0,6,1.01752,-28.77418
155.0,120.0,0,0.84898,10.80907
155.0,120.0,1,0.95783,2.61597
155.0,120.0,2,0.99196,-21.70296
155.0,120.0,3,0.89788,-11.85162
155.0,120.0,4,1.0187,-36.8007
155.0,120.0,5,0.91251,-23.04658
155.0,120.0,6,0.97894,-27.54096
155.0,125.0,0,0.84441,6.95409
155.0,125.0,1,0.95122,1.82214
155.0,125.0,2,0.96166,-19.01411
155.0,125.0,3,0.86636,-11.20095
155.0,125.0,4,1.03449,-36.83353
155.0,125.0,5,0.88247,-23.19263
155.0,125.0,6,0.9555,-27.37862
155.0,130.0,0,0.81611,9.638
155.0,130.0,1,0.93735,2.85595
155.0,130.0,2,0.92205,-21.60675
155.0,130.0,3,0.85349,-12.24635
155.0,130.0,4,1.00277,-34.39493
155.0,130.0,5,0.82497,-23.34107
155.0,130.0,6,0.94607,-25.07701
155.0,135.0,0,0.78379,7.45917
155.0,135.0,1,0.91684,0.39924
155.0,135.0,2,0.89471,-19.96201
155.0,135.0,3,0.84206,-11.76667
155.0,135.0,4,1.0011,-31.92332
155.0,135.0,5,0.78022,-20.7152
155.0,135.0,6,0.95366,-24.73767
155.0,140.0,0,0.75824,5.71283
155.0,140.0,1,0.89054,1.4244
155.0,140.0,2,0.84991,-21.55134
155.0,140.0,3,0.83108,-11.03222
155.0,140.0,4,0.96761,-34.65889
155.0,140.0,5,0.74564,-19.83238
155.0,140.0,6,0.94835,-25.43137
155.0,145.0,0,0.73637,5.1673
155.0,145.0,1,0.87959,0.80253
155.0,145.0,2,0.80219,-20.25939
155.0,145.0,3,0.81313,-10.7828
155.0,145.0,4,0.9176,-33.33907
155.0,145.0,5,0.72085,-19.70481
155.0,145.0,6,0.93913,-25.22877
155.0,150.0,0,0.7179,4.16953
155.0,150.0,1,0.84757,1.54991
155.0,150.0,2,0.76758,-21.2319
155.0,150.0,3,0.80264,-10.52447
155.0,150.0,4,0.86731,-32.32739
155.0,150.0,5,0.71526,-15.34863
155.0,150.0,6,0.90026,-21.49732
155.0,155.0,0,0.68865,4.38134
155.0,155.0,1,0.82258,-1.1527
155.0,155.0,2,0.73335,-21.71824
155.0,155.0,3,0.78503,-9.28382
155.0,155.0,4,0.82291,-31.05998
155.0,155.0,5,0.70653,-18.70958
155.0,155.0,6,0.84983,-25.03134
155.0,160.0,0,0.65177,3.50114
155.0,160.0,1,0.77707,-1.49305
155.0,160.0,2,0.71056,-20.56728
155.0,160.0,3,0.76119,-8.85713
155.0,160.0,4,0.77896,-29.63161
155.0,160.0,5,0.68543,-16.30182
155.0,160.0,6,0.79185,-22.57201
155.0,165.0,0,0.61774,4.04279
155.0,165.0,1,0.73325,0.25556
155.0,165.0,2,0.66914,-20.5262
155.0,165.0,3,0.72869,-9.43353
155.0,165.0,4,0.73316,-30.11489
155.0,165.0,5,0.66985,-17.80276
155.0,165.0,6,0.73762,-21.78279
155.0,170.0,0,0.60057,2.63717
155.0,170.0,1,0.70454,-1.9612
155.0,170.0,2,0.64802,-19.73032
155.0,170.0,3,0.68688,-8.36125
155.0,170.0,4,0.71765,-28.29785
155.0,170.0,5,0.62906,-16.53777
155.0,170.0,6,0.71124,-20.30633
155.0,175.0,0,0.57502,0.49249
155.0,175.0,1,0.65197,-1.14425
155.0,175.0,2,0.62265,-17.90016
155.0,175.0,3,0.6297,-6.72933
155.0,175.0,4,0.68468,-29.44285
155.0,175.0,5,0.57735,-15.45624
155.0,175.0,6,0.67918,-20.8248
155.0,180.0,0,0.54017,3.19131
155.0,180.0,1,0.61076,-1.325
155.0,180.0,2,0.60388,-19.39733
155.0,180.0,3,0.57446,-8.65735
155.0,180.0,4,0.67027,-28.98703
155.0,180.0,5,0.52501,-12.89036
155.0,180.0,6,0.66983,-17.85127
160.0,0.0,0,0.53866,21.86799
160.0,0.0,1,0.61862,19.08568
160.0,0.0,2,0.58593,-6.69332
160.0,0.0,3,0.60197,-1.84459
160.0,0.0,4,0.64677,-31.89822
160.0,0.0,5,0.54621,-26.43505
160.0,0.0,6,0.65635,-39.99321
160.0,5.0,0,0.58778,21.5383
160.0,5.0,1,0.65677,18.19395
160.0,5.0,2,0.63787,-4.39956
160.0,5.0,3,0.65188,-2.89249
160.0,5.0,4,0.70806,-32.28857
160.0,5.0,5,0.60898,-28.89121
160.0,5.0,6,0.7095,-40.01243
160.0,10.0,0,0.62463,19.83606
160.0,10.0,1,0.70506,16.9862
160.0,10.0,2,0.68338,-6.47164
160.0,10.0,3,0.70525,-2.2795
160.0,10.0,4,0.75481,-32.49101
160.0,10.0,5,0.66187,-28.67411
160.0,10.0,6,0.76689,-39.84345
160.0,15.0,0,0.66099,20.30421
160.0,15.0,1,0.75549,18.02511
160.0,15.0,2,0.72863,-7.68374
160.0,15.0,3,0.7411,-4.56867
160.0,15.0,4,0.79641,-33.98502
160.0,15.0,5,0.70373,-30.62522
160.0,15.0,6,0.79026,-38.40895
160.0,20.0,0,0.70774,21.17456
160.0,20.0,1,0.78771,16.99449
160.0,20.0,2,0.76384,-10.40919
160.0,20.0,3,0.77707,-7.17761
160.0,20.0,4,0.82742,-33.96254
160.0,20.0,5,0.71732,-28.16599
160.0,20.0,6,0.81909,-39.39506
160.0,25.0,0,0.74382,19.98176
160.0,25.0,1,0.82971,14.01777
160.0,25.0,2,0.79641,-8.67762
160.0,25.0,3,0.80057,-4.09938
160.0,25.0,4,0.84203,-34.58466
160.0,25.0,5,0.72753,-30.22099
160.0,25.0,6,0.81045,-38.52074
160.0,30.0,0,0.77342,19.54945
160.0,30.0,1,0.84783,14.8848
160.0,30.0,2,0.82717,-8.24498
160.0,30.0,3,0.81432,-5.68377
160.0,30.0,4,0.84601,-35.8577
160.0,30.0,5,0.72829,-29.03792
160.0,30.0,6,0.81661,-39.57327
160.0,35.0,0,0.8061,19.80147
160.0,35.0,1,0.88523,13.09463
160.0,35.0,2,0.84508,-11.48362
160.0,35.0,3,0.83943,-6.37009
160.0,35.0,4,0.85719,-36.75738
160.0,35.0,5,0.73611,-31.24079
160.0,35.0,6,0.85154,-40.45026
160.0,40.0,0,0.83816,19.30658
160.0,40.0,1,0.91548,14.96679
160.0,40.0,2,0.86174,-9.76678
160.0,40.0,3,0.84233,-5.72494
160.0,40.0,4,0.87824,-36.02659
160.0,40.0,5,0.7724,-30.43349
160.0,40.0,6,0.88859,-40.30041
160.0,45.0,0,0.86525,17.37298
160.0,45.0,1,0.91865,13.5893
160.0,45.0,2,0.8692,-12.34674
160.0,45.0,3,0.8625,-7.59868
160.0,45.0,4,0.89342,-37.19631
160.0,45.0,5,0.80299,-30.6652
160.0,45.0,6,0.94157,-39.18588
160.0,50.0,0,0.89123,17.17759
160.0,50.0,1,0.94059,13.10874
160.0,50.0,2,0.8803,-12.33958
160.0,50.0,3,0.8723,-7.04436
160.0,50.0,4,0.92344,-38.15539
160.0,50.0,5,0.84907,-30.96735
160.0,50.0,6,0.99364,-36.90665
160.0,55.0,0,0.90374,15.79359
160.0,55.0,1,0.94663,13.88105
160.0,55.0,2,0.89502,-13.8108
160.0,55.0,3,0.89163,-9.71851
160.0,55.0,4,0.95312,-40.06012
160.0,55.0,5,0.89092,-29.77057
160.0,55.0,6,1.0272,-37.56568
160.0,60.0,0,0.92025,18.92708
160.0,60.0,1,0.96367,11.64325
160.0,60.0,2,0.90177,-12.90697
160.0,60.0,3,0.92242,-10.92232
160.0,60.0,4,1.00528,-37.9268
160.0,60.0,5,0.93069,-31.06772
160.0,60.0,6,1.04252,-36.8122
160.0,65.0,0,0.93527,14.6638
160.0,65.0,1,0.97361,9.89251
160.0,65.0,2,0.91246,-14.3343
160.0,65.0,3,0.94057,-10.949
160.0,65.0,4,1.0376,-38.50288
160.0,65.0,5,0.95398,-29.30138
160.0,65.0,6,1.03609,-35.95309
160.0,70.0,0,0.94813,16.84966
160.0,70.0,1,0.97689,8.85944
160.0,70.0,2,0.93158,-16.01375
160.0,70.0,3,0.96486,-12.52545
160.0,70.0,4,1.05097,-38.90103
160.0,70.0,5,0.94921,-28.98421
160.0,70.0,6,1.01745,-36.30114
160.0,75.0,0,0.94835,14.1121
160.0,75.0,1,0.97432,7.94456
160.0,75.0,2,0.94257,-16.69788
160.0,75.0,3,0.99795,-13.74506
160.0,75.0,4,1.0736,-37.71739
160.0,75.0,5,0.95447,-29.34508
160.0,75.0,6,1.00358,-35.75854
160.0,80.0,0,0.96303,12.08225
160.0,80.0,1,0.97721,9.07231
160.0,80.0,2,0.951,-18.17286
160.0,80.0,3,1.02215,-13.91219
160.0,80.0,4,1.0754,-38.4732
160.0,80.0,5,0.92625,-28.55427
160.0,80.0,6,1.00863,-34.98278
160.0,85.0,0,0.94074,13.11338
160.0,85.0,1,0.98014,7.17596
160.0,85.0,2,0.96875,-17.95523
160.0,85.0,3,1.03142,-12.73156
160.0,85.0,4,1.07133,-39.21353
160.0,85.0,5,0.91909,-29.28169
160.0,85.0,6,1.02905,-33.43071
160.0,90.0,0,0.94293,13.10531
160.0,90.0,1,0.97185,7.12558
160.0,90.0,2,0.98578,-19.50451
160.0,90.0,3,1.03981,-11.8609
160.0,90.0,4,1.05475,-39.71607
160.0,90.0,5,0.90347,-29.83718
160.0,90.0,6,1.0569,-33.85479
160.0,95.0,0,0.94143,12.22524
160.0,95.0,1,0.97495,5.55644
160.0,95.0,2,1.00038,-19.70799
160.0,95.0,3,1.02788,-14.13956
160.0,95.0,4,1.02688,-35.89622
160.0,95.0,5,0.91298,-28.632
160.0,95.0,6,1.09119,-32.8156
160.0,100.0,0,0.93367,11.90347
160.0,100.0,1,0.96718,4.08453
160.0,100.0,2,0.9966,-19.81839
160.0,100.0,3,1.01816,-14.65228
160.0,100.0,4,1.00488,-36.19268
160.0,100.0,5,0.93841,-26.68045
160.0,100.0,6,1.0907,-31.4272
160.0,105.0,0,0.90896,10.08646
160.0,105.0,1,0.97902,4.36041
160.0,105.0,2,1.01097,-21.30368
160.0,105.0,3,0.98874,-12.90714
160.0,105.0,4,0.99835,-37.88029
160.0,105.0,5,0.95066,-24.43402
160.0,105.0,6,1.07229,-30.71048
160.0,110.0,0,0.89396,10.83647
160.0,110.0,1,0.97026,3.21929
160.0,110.0,2,0.99976,-20.40368
160.0,110.0,3,0.96664,-13.91182
160.0,110.0,4,0.99479,-37.94654
160.0,110.0,5,0.95547,-25.2582
160.0,110.0,6,1.0407,-29.87555
160.0,115.0,0,0.87038,9.99475
160.0,115.0,1,0.96613,1.17617
160.0,115.0,2,0.9937,-20.7221
160.0,115.0,3,0.93882,-13.01197
160.0,115.0,4,0.99919,-38.3962
160.0,115.0,5,0.94658,-26.26503
160.0,115.0,6,1.00269,-30.31986
160.0,120.0,0,0.85434,6.25882
160.0,120.0,1,0.95872,3.15601
160.0,120.0,2,0.97268,-20.87401
160.0,120.0,3,0.90562,-15.77452
160.0,120.0,4,0.99635,-37.40728
160.0,120.0,5,0.92553,-24.73709
160.0,120.0,6,0.96486,-28.37729
160.0,125.0,0,0.84484,6.21972
160.0,125.0,1,0.95553,-1.13203
160.0,125.0,2,0.94715,-23.26491
160.0,125.0,3,0.88671,-14.92539
160.0,125.0,4,0.99145,-37.90692
160.0,125.0,5,0.89968,-22.62084
160.0,125.0,6,0.95238,-28.3598
160.0,130.0,0,0.80473,6.43992
160.0,130.0,1,0.93915,1.05056
160.0,130.0,2,0.91197,-22.22085
160.0,130.0,3,0.86602,-14.29583
160.0,130.0,4,0.99686,-37.13377
160.0,130.0,5,0.8482,-24.2617
160.0,130.0,6,0.93088,-25.05367
160.0,135.0,0,0.78232,4.86189
160.0,135.0,1,0.92994,0.18419
160.0,135.0,2,0.87318,-21.71902
160.0,135.0,3,0.8583,-13.90553
160.0,135.0,4,0.9781,-34.34772
160.0,135.0,5,0.80974,-22.61049
160.0,135.0,6,0.94169,-24.46138
160.0,140.0,0,0.75972,4.04611
160.0,140.0,1,0.90122,-0.41086
160.0,140.0,2,0.83324,-23.94276
160.0,140.0,3,0.8524,-15.67911
160.0,140.0,4,0.93732,-36.37922
160.0,140.0,5,0.77007,-22.98838
160.0,140.0,6,0.93337,-25.04395
160.0,145.0,0,0.73962,4.21257
160.0,145.0,1,0.88408,-1.10672
160.0,145.0,2,0.79179,-22.46352
160.0,145.0,3,0.83705,-12.04066
160.0,145.0,4,0.89529,-34.11844
160.0,145.0,5,0.73716,-21.50971
160.0,145.0,6,0.9303,-25.60755
160.0,150.0,0,0.71153,3.03876
160.0,150.0,1,0.85196,-2.02245
160.0,150.0,2,0.75351,-24.98571
160.0,150.0,3,0.82465,-13.97667
160.0,150.0,4,0.85303,-33.20423
160.0,150.0,5,0.72968,-20.89283
160.0,150.0,6,0.88575,-23.94297
160.0,155.0,0,0.67909,2.24895
160.0,155.0,1,0.82395,-4.3017
160.0,155.0,2,0.71932,-22.79284
160.0,155.0,3,0.80286,-13.28538
160.0,155.0,4,0.79687,-31.27593
160.0,155.0,5,0.72596,-18.71058
160.0,155.0,6,0.84906,-23.59134
160.0,160.0,0,0.65795,1.69694
160.0,160.0,1,0.79087,-4.35555
160.0,160.0,2,0.68314,-23.32467
160.0,160.0,3,0.77993,-11.02386
160.0,160.0,4,0.75994,-31.92184
160.0,160.0,5,0.72103,-18.64483
160.0,160.0,6,0.78135,-21.41723
160.0,165.0,0,0.6197,-0.13086
160.0,165.0,1,0.74985,-4.06793
160.0,165.0,2,0.65722,-22.83516
160.0,165.0,3,0.74237,-10.89453
160.0,165.0,4,0.7184,-31.5535
160.0,165.0,5,0.69209,-16.04979
160.0,165.0,6,0.72915,-20.31525
160.0,170.0,0,0.59684,0.73875
160.0,170.0,1,0.708,-5.16497
160.0,170.0,2,0.63163,-21.40715
160.0,170.0,3,0.70717,-8.82427
160.0,170.0,4,0.69006,-31.69951
160.0,170.0,5,0.65685,-16.31007
160.0,170.0,6,0.68883,-20.66987
160.0,175.0,0,0.5694,-0.97051
160.0,175.0,1,0.66856,-3.60497
160.0,175.0,2,0.62418,-22.3256
160.0,175.0,3,0.65408,-11.93105
160.0,175.0,4,0.65859,-30.00402
160.0,175.0,5,0.60143,-15.98663
160.0,175.0,6,0.66632,-18.66928
160.0,180.0,0,0.55063,-1.3308
160.0,180.0,1,0.60844,-4.04478
160.0,180.0,2,0.5986,-22.4801
160.0,180.0,3,0.59589,-10.65408
160.0,180.0,4,0.65557,-28.23275
160.0,180.0,5,0.54947,-12.65691
160.0,180.0,6,0.66158,-19.22708
165.0,0.0,0,0.5479,18.06359
165.0,0.0,1,0.62409,15.55089
165.0,0.0,2,0.58408,-6.23279
165.0,0.0,3,0.62122,-4.38593
165.0,0.0,4,0.62758,-33.03695
165.0,0.0,5,0.57918,-29.68245
165.0,0.0,6,0.61793,-39.49087
165.0,5.0,0,0.57602,18.28174
165.0,5.0,1,0.66662,15.16187
165.0,5.0,2,0.63708,-9.66453
165.0,5.0,3,0.6754,-4.16379
165.0,5.0,4,0.67241,-34.12605
165.0,5.0,5,0.6292,-28.83325
165.0,5.0,6,0.68968,-38.98494
165.0,10.0,0,0.62404,17.06734
165.0,10.0,1,0.71655,17.3422
165.0,10.0,2,0.67608,-7.90119
165.0,10.0,3,0.71391,-4.9114
165.0,10.0,4,0.72064,-35.26451
165.0,10.0,5,0.68522,-29.324
165.0,10.0,6,0.73628,-38.04849
165.0,15.0,0,0.66686,18.76485
165.0,15.0,1,0.75664,15.41454
165.0,15.0,2,0.71548,-7.93695
165.0,15.0,3,0.76109,-6.09452
165.0,15.0,4,0.76585,-33.1962
165.0,15.0,5,0.72608,-30.1867
165.0,15.0,6,0.76321,-38.41688
165.0,20.0,0,0.69026,17.73331
165.0,20.0,1,0.79378,13.74759
165.0,20.0,2,0.74921,-11.23607
165.0,20.0,3,0.80052,-5.95407
165.0,20.0,4,0.8016,-36.8043
165.0,20.0,5,0.73863,-32.11959
165.0,20.0,6,0.78093,-40.71939
165.0,25.0,0,0.74711,18.57048
165.0,25.0,1,0.82895,14.72093
165.0,25.0,2,0.78767,-10.47396
165.0,25.0,3,0.82631,-6.49228
165.0,25.0,4,0.81371,-35.92826
165.0,25.0,5,0.75812,-32.52916
165.0,25.0,6,0.78163,-40.2582
165.0,30.0,0,0.7794,16.8275
165.0,30.0,1,0.85636,12.82606
165.0,30.0,2,0.81771,-11.5691
165.0,30.0,3,0.8359,-10.17229
165.0,30.0,4,0.82372,-37.10661
165.0,30.0,5,0.76342,-29.65435
165.0,30.0,6,0.79431,-39.66102
165.0,35.0,0,0.80829,15.28504
165.0,35.0,1,0.88697,13.36188
165.0,35.0,2,0.84236,-11.63191
165.0,35.0,3,0.8491,-8.61487
165.0,35.0,4,0.82779,-38.07661
165.0,35.0,5,0.77247,-32.05724
165.0,35.0,6,0.81818,-40.71112
165.0,40.0,0,0.83704,17.13152
165.0,40.0,1,0.90696,14.56553
165.0,40.0,2,0.84611,-13.36745
165.0,40.0,3,0.86149,-10.81884
165.0,40.0,4,0.84958,-39.20787
165.0,40.0,5,0.80281,-31.68602
165.0,40.0,6,0.85107,-37.86208
165.0,45.0,0,0.87577,16.19722
165.0,45.0,1,0.93016,12.23055
165.0,45.0,2,0.86548,-14.94495
165.0,45.0,3,0.8732,-8.30926
165.0,45.0,4,0.86673,-36.71264
165.0,45.0,5,0.83542,-32.66167
165.0,45.0,6,0.91564,-38.31368
165.0,50.0,0,0.89705,15.07017
165.0,50.0,1,0.94907,11.19037
165.0,50.0,2,0.87492,-14.13456
165.0,50.0,3,0.88851,-10.72652
165.0,50.0,4,0.89074,-40.23678
165.0,50.0,5,0.87699,-32.33828
165.0,50.0,6,0.94409,-37.78554
165.0,55.0,0,0.90572,13.53816
165.0,55.0,1,0.96451,9.58806
165.0,55.0,2,0.87753,-14.48987
165.0,55.0,3,0.90994,-9.56304
165.0,55.0,4,0.93321,-38.93459
165.0,55.0,5,0.93101,-32.39791
165.0,55.0,6,0.99249,-38.94154
165.0,60.0,0,0.93194,15.60561
165.0,60.0,1,0.95772,8.77673
165.0,60.0,2,0.889,-15.36236
165.0,60.0,3,0.92836,-10.69148
165.0,60.0,4,0.96768,-38.52599
165.0,60.0,5,0.95776,-31.59822
165.0,60.0,6,1.00094,-37.21435
165.0,65.0,0,0.92571,12.98778
165.0,65.0,1,0.97935,9.16168
165.0,65.0,2,0.90405,-17.14262
165.0,65.0,3,0.94757,-10.85463
165.0,65.0,4,1.00364,-39.08342
165.0,65.0,5,0.98359,-31.43264
165.0,65.0,6,0.99476,-35.39241
165.0,70.0,0,0.93979,12.10921
165.0,70.0,1,0.97609,7.29758
165.0,70.0,2,0.91458,-17.00021
165.0,70.0,3,0.98471,-14.00425
165.0,70.0,4,1.04095,-40.84208
165.0,70.0,5,0.98188,-31.38909
165.0,70.0,6,0.98729,-36.73175
165.0,75.0,0,0.95925,13.24828
165.0,75.0,1,0.97427,5.8525
165.0,75.0,2,0.9326,-19.49636
165.0,75.0,3,1.01285,-10.96566
165.0,75.0,4,1.05639,-41.12052
165.0,75.0,5,0.97122,-31.26533
165.0,75.0,6,0.97771,-35.18504
165.0,80.0,0,0.94634,10.09878
165.0,80.0,1,0.97824,6.01548
165.0,80.0,2,0.94585,-21.68178
165.0,80.0,3,1.03345,-13.30051
165.0,80.0,4,1.05638,-39.90744
165.0,80.0,5,0.96784,-29.79936
165.0,80.0,6,0.98359,-34.25381
165.0,85.0,0,0.94852,10.42462
165.0,85.0,1,0.98262,4.79354
165.0,85.0,2,0.95871,-21.18898
165.0,85.0,3,1.05167,-15.07162
165.0,85.0,4,1.04899,-39.87671
165.0,85.0,5,0.94695,-29.21147
165.0,85.0,6,1.00099,-34.19306
165.0,90.0,0,0.9386,11.04216
165.0,90.0,1,0.98664,2.72132
165.0,90.0,2,0.9814,-21.02278
165.0,90.0,3,1.06525,-13.2836
165.0,90.0,4,1.02735,-38.73592
165.0,90.0,5,0.93964,-29.08182
165.0,90.0,6,1.02594,-31.93239
165.0,95.0,0,0.93201,9.12457
165.0,95.0,1,0.97287,3.6507
165.0,95.0,2,0.98543,-21.80369
165.0,95.0,3,1.06301,-13.7094
165.0,95.0,4,1.01382,-41.42535
165.0,95.0,5,0.94893,-29.98163
165.0,95.0,6,1.04605,-31.38233
165.0,100.0,0,0.92208,6.89906
165.0,100.0,1,0.97919,5.54509
165.0,100.0,2,0.99342,-22.46135
165.0,100.0,3,1.03842,-14.65266
165.0,100.0,4,0.98146,-41.2622
165.0,100.0,5,0.96039,-27.91785
165.0,100.0,6,1.05002,-33.07927
165.0,105.0,0,0.91012,7.56472
165.0,105.0,1,0.97612,3.08962
165.0,105.0,2,1.00531,-21.98526
165.0,105.0,3,1.03157,-15.59383
165.0,105.0,4,0.96995,-37.70131
165.0,105.0,5,0.97315,-29.82629
165.0,105.0,6,1.04395,-31.67025
165.0,110.0,0,0.89558,7.03289
165.0,110.0,1,0.97944,0.94431
165.0,110.0,2,0.99919,-24.0971
165.0,110.0,3,0.98422,-16.29283
165.0,110.0,4,0.96143,-38.3743
165.0,110.0,5,0.98166,-25.66835
165.0,110.0,6,1.00875,-31.77411
165.0,115.0,0,0.87258,7.92588
165.0,115.0,1,0.97288,0.28873
165.0,115.0,2,0.97636,-23.13863
165.0,115.0,3,0.96508,-16.10659
165.0,115.0,4,0.96334,-37.06797
165.0,115.0,5,0.9782,-27.13004
165.0,115.0,6,0.97561,-30.03373
165.0,120.0,0,0.85573,7.19304
165.0,120.0,1,0.97242,-1.30351
165.0,120.0,2,0.96372,-26.35829
165.0,120.0,3,0.93559,-16.15387
165.0,120.0,4,0.97463,-39.76904
165.0,120.0,5,0.95895,-24.06624
165.0,120.0,6,0.93853,-28.83628
165.0,125.0,0,0.82502,4.71454
165.0,125.0,1,0.95876,-0.02349
165.0,125.0,2,0.92446,-23.61259
165.0,125.0,3,0.91619,-14.83351
165.0,125.0,4,0.96293,-39.97511
165.0,125.0,5,0.92109,-26.66404
165.0,125.0,6,0.91082,-27.10756
165.0,130.0,0,0.80643,3.06408
165.0,130.0,1,0.94408,-0.02775
165.0,130.0,2,0.89662,-24.85048
165.0,130.0,3,0.88777,-16.41494
165.0,130.0,4,0.97235,-38.03918
165.0,130.0,5,0.88174,-23.03428
165.0,130.0,6,0.90204,-26.76645
165.0,135.0,0,0.78618,2.8829
165.0,135.0,1,0.92956,-4.47934
165.0,135.0,2,0.86395,-25.56975
165.0,135.0,3,0.87207,-16.56569
165.0,135.0,4,0.95079,-35.15268
165.0,135.0,5,0.83631,-24.36875
165.0,135.0,6,0.90943,-25.31921
165.0,140.0,0,0.76855,2.36108
165.0,140.0,1,0.91156,-3.61223
165.0,140.0,2,0.82189,-25.53339
165.0,140.0,3,0.86551,-15.36578
165.0,140.0,4,0.91627,-36.99336
165.0,140.0,5,0.79243,-22.49535
165.0,140.0,6,0.90176,-24.72571
165.0,145.0,0,0.73067,2.81305
165.0,145.0,1,0.89379,-4.21373
165.0,145.0,2,0.78727,-25.26354
165.0,145.0,3,0.8584,-14.89074
165.0,145.0,4,0.8727,-37.24279
165.0,145.0,5,0.76114,-21.60518
165.0,145.0,6,0.90045,-24.18172
165.0,150.0,0,0.69485,1.24147
165.0,150.0,1,0.864,-4.86651
165.0,150.0,2,0.74359,-24.97583
165.0,150.0,3,0.83697,-13.20747
165.0,150.0,4,0.8185,-33.13682
165.0,150.0,5,0.76311,-21.27978
165.0,150.0,6,0.85677,-24.4361
165.0,155.0,0,0.682,-0.39394
165.0,155.0,1,0.83132,-2.54124
165.0,155.0,2,0.70941,-24.46782
165.0,155.0,3,0.82442,-14.35918
165.0,155.0,4,0.77962,-32.70416
165.0,155.0,5,0.74857,-18.71896
165.0,155.0,6,0.81478,-23.95247
165.0,160.0,0,0.65649,-1.96013
165.0,160.0,1,0.79799,-6.74671
165.0,160.0,2,0.67807,-24.39374
165.0,160.0,3,0.79492,-13.58856
165.0,160.0,4,0.73207,-31.90433
165.0,160.0,5,0.73957,-19.24035
165.0,160.0,6,0.74539,-22.03587
165.0,165.0,0,0.62559,-1.05804
165.0,165.0,1,0.75714,-6.47697
165.0,165.0,2,0.64178,-25.01596
165.0,165.0,3,0.76111,-12.61694
165.0,165.0,4,0.6854,-33.57093
165.0,165.0,5,0.71774,-18.90421
165.0,165.0,6,0.69875,-20.64408
165.0,170.0,0,0.59784,-1.84111
165.0,170.0,1,0.70772,-6.01107
165.0,170.0,2,0.61404,-24.41307
165.0,170.0,3,0.71558,-12.71906
165.0,170.0,4,0.66552,-34.12754
165.0,170.0,5,0.68427,-18.75518
165.0,170.0,6,0.65614,-22.6859
165.0,175.0,0,0.57112,-1.26807
165.0,175.0,1,0.65997,-5.64906
165.0,175.0,2,0.59879,-24.98481
165.0,175.0,3,0.67217,-10.6528
165.0,175.0,4,0.64565,-33.22309
165.0,175.0,5,0.63781,-17.9523
165.0,175.0,6,0.62974,-20.11375
165.0,180.0,0,0.53802,-1.6556
165.0,180.0,1,0.62215,-5.05369
165.0,180.0,2,0.57547,-23.93102
165.0,180.0,3,0.61798,-11.91184
165.0,180.0,4,0.62523,-30.63246
165.0,180.0,5,0.58733,-15.96688
165.0,180.0,6,0.61866,-19.73238
170.0,0.0,0,0.53994,16.85374
170.0,0.0,1,0.62674,15.95199
170.0,0.0,2,0.57143,-8.01688
170.0,0.0,3,0.63736,-5.76466
170.0,0.0,4,0.60025,-35.44492
170.0,0.0,5,0.60633,-31.42013
170.0,0.0,6,0.58054,-39.46512
170.0,5.0,0,0.5757,15.8964
170.0,5.0,1,0.66911,15.88197
170.0,5.0,2,0.61607,-11.26606
170.0,5.0,3,0.68432,-5.76725
170.0,5.0,4,0.65678,-36.03117
170.0,5.0,5,0.66353,-31.45543
170.0,5.0,6,0.65523,-41.25853
170.0,10.0,0,0.6277,16.71332
170.0,10.0,1,0.71662,14.75272
170.0,10.0,2,0.65323,-9.39171
170.0,10.0,3,0.7389,-4.12846
170.0,10.0,4,0.70959,-35.13006
170.0,10.0,5,0.71591,-29.06501
170.0,10.0,6,0.70295,-41.40769
170.0,15.0,0,0.65714,15.62937
170.0,15.0,1,0.76438,11.1387
170.0,15.0,2,0.70158,-11.04211
170.0,15.0,3,0.77812,-5.54432
170.0,15.0,4,0.75407,-36.04831
170.0,15.0,5,0.75042,-30.69445
170.0,15.0,6,0.72651,-39.12584
170.0,20.0,0,0.69671,16.97381
170.0,20.0,1,0.79257,13.29935
170.0,20.0,2,0.74233,-10.95387
170.0,20.0,3,0.80626,-9.03039
170.0,20.0,4,0.77453,-36.53882
170.0,20.0,5,0.78241,-29.96671
170.0,20.0,6,0.74143,-40.18296
170.0,25.0,0,0.73758,16.90383
170.0,25.0,1,0.83083,11.17449
170.0,25.0,2,0.77351,-12.40129
170.0,25.0,3,0.84177,-11.55397
170.0,25.0,4,0.79427,-39.3969
170.0,25.0,5,0.78934,-30.77852
170.0,25.0,6,0.74415,-40.47779
170.0,30.0,0,0.78002,15.70433
170.0,30.0,1,0.86479,10.19366
170.0,30.0,2,0.80497,-13.24744
170.0,30.0,3,0.85407,-9.2893
170.0,30.0,4,0.80587,-35.06918
170.0,30.0,5,0.79258,-32.04622
170.0,30.0,6,0.7587,-41.97926
170.0,35.0,0,0.81102,15.55431
170.0,35.0,1,0.89775,10.69866
170.0,35.0,2,0.82603,-14.78715
170.0,35.0,3,0.87071,-12.16521
170.0,35.0,4,0.81203,-41.21566
170.0,35.0,5,0.8105,-32.71112
170.0,35.0,6,0.77733,-38.48692
170.0,40.0,0,0.82482,13.60982
170.0,40.0,1,0.91891,9.82115
170.0,40.0,2,0.8354,-15.83763
170.0,40.0,3,0.87533,-11.68971
170.0,40.0,4,0.82578,-37.75783
170.0,40.0,5,0.8242,-30.79651
170.0,40.0,6,0.82692,-38.54522
170.0,45.0,0,0.85196,14.9612
170.0,45.0,1,0.93854,8.48803
170.0,45.0,2,0.85427,-14.42867
170.0,45.0,3,0.88806,-11.95796
170.0,45.0,4,0.84662,-41.39621
170.0,45.0,5,0.86516,-32.71209
170.0,45.0,6,0.8719,-37.92665
170.0,50.0,0,0.89323,13.24369
170.0,50.0,1,0.95523,9.04941
170.0,50.0,2,0.86131,-15.89901
170.0,50.0,3,0.91383,-13.26919
170.0,50.0,4,0.87416,-41.83277
170.0,50.0,5,0.90097,-30.38326
170.0,50.0,6,0.91072,-36.55483
170.0,55.0,0,0.91423,13.3049
170.0,55.0,1,0.96577,7.59932
170.0,55.0,2,0.8598,-17.60015
170.0,55.0,3,0.92255,-13.52127
170.0,55.0,4,0.90051,-40.55616
170.0,55.0,5,0.94962,-31.34775
170.0,55.0,6,0.95201,-36.78628
170.0,60.0,0,0.92306,12.29233
170.0,60.0,1,0.97072,8.85833
170.0,60.0,2,0.88041,-20.49253
170.0,60.0,3,0.9472,-13.07218
170.0,60.0,4,0.9453,-40.88784
170.0,60.0,5,1.00031,-31.46215
170.0,60.0,6,0.96999,-34.75876
170.0,65.0,0,0.94097,13.03312
170.0,65.0,1,0.96897,4.75938
170.0,65.0,2,0.89628,-19.32134
170.0,65.0,3,0.97499,-13.05792
170.0,65.0,4,0.98265,-41.19734
170.0,65.0,5,1.01559,-31.63383
170.0,65.0,6,0.96518,-37.21447
170.0,70.0,0,0.9544,11.61903
170.0,70.0,1,0.9859,5.9836
170.0,70.0,2,0.91024,-20.50657
170.0,70.0,3,1.00616,-14.92428
170.0,70.0,4,1.01594,-41.8911
170.0,70.0,5,1.01136,-30.45448
170.0,70.0,6,0.95981,-35.54788
170.0,75.0,0,0.95044,9.57511
170.0,75.0,1,0.98119,4.23208
170.0,75.0,2,0.91687,-20.66047
170.0,75.0,3,1.03177,-16.98389
170.0,75.0,4,1.02386,-41.11155
170.0,75.0,5,0.9987,-31.64351
170.0,75.0,6,0.93698,-35.94381
170.0,80.0,0,0.94632,10.07104
170.0,80.0,1,0.98089,2.37751
170.0,80.0,2,0.93575,-22.06891
170.0,80.0,3,1.05282,-17.0423
170.0,80.0,4,1.03052,-42.42638
170.0,80.0,5,0.98848,-31.61626
170.0,80.0,6,0.94652,-34.51714
170.0,85.0,0,0.93897,8.47712
170.0,85.0,1,0.98989,2.90592
170.0,85.0,2,0.94862,-22.65123
170.0,85.0,3,1.06642,-17.45265
170.0,85.0,4,1.01371,-41.12106
170.0,85.0,5,0.97707,-30.06165
170.0,85.0,6,0.9615,-34.25428
170.0,90.0,0,0.93925,7.23468
170.0,90.0,1,0.97624,0.26529
170.0,90.0,2,0.97481,-21.08835
170.0,90.0,3,1.07777,-17.10098
170.0,90.0,4,1.00056,-43.16411
170.0,90.0,5,0.96986,-30.80588
170.0,90.0,6,0.99098,-33.36949
170.0,95.0,0,0.93304,7.57443
170.0,95.0,1,0.98446,0.21316
170.0,95.0,2,0.97327,-24.4653
170.0,95.0,3,1.06931,-17.61458
170.0,95.0,4,0.98687,-41.37452
170.0,95.0,5,0.9886,-30.91794
170.0,95.0,6,1.02059,-34.51053
170.0,100.0,0,0.91934,6.16362
170.0,100.0,1,0.98707,-1.6656
170.0,100.0,2,0.9895,-23.54635
170.0,100.0,3,1.05249,-17.72436
170.0,100.0,4,0.96342,-41.23676
170.0,100.0,5,0.99299,-28.49636
170.0,100.0,6,1.02335,-32.75434
170.0,105.0,0,0.90772,5.33123
170.0,105.0,1,0.98425,-1.2773
170.0,105.0,2,0.99151,-25.05802
170.0,105.0,3,1.03622,-15.70377
170.0,105.0,4,0.95134,-41.0247
170.0,105.0,5,1.00481,-28.38168
170.0,105.0,6,1.00668,-31.29457
170.0,110.0,0,0.89327,3.24719
170.0,110.0,1,0.97708,-1.3795
170.0,110.0,2,0.97849,-25.05809
170.0,110.0,3,1.00328,-16.99566
170.0,110.0,4,0.94521,-41.33662
170.0,110.0,5,1.01863,-27.20116
170.0,110.0,6,0.97331,-30.19123
170.0,115.0,0,0.86643,2.63414
170.0,115.0,1,0.98125,-0.76858
170.0,115.0,2,0.9685,-26.46129
170.0,115.0,3,0.97076,-17.43358
170.0,115.0,4,0.94911,-38.92816
170.0,115.0,5,1.00746,-26.68471
170.0,115.0,6,0.93243,-29.43799
170.0,120.0,0,0.84955,4.04359
170.0,120.0,1,0.97037,-4.38177
170.0,120.0,2,0.93684,-27.2448
170.0,120.0,3,0.94876,-16.47188
170.0,120.0,4,0.95078,-39.38904
170.0,120.0,5,0.98874,-26.37281
170.0,120.0,6,0.89864,-29.54595
170.0,125.0,0,0.83358,1.18408
170.0,125.0,1,0.96655,-5.02518
170.0,125.0,2,0.9216,-25.76633
170.0,125.0,3,0.92846,-18.55896
170.0,125.0,4,0.94817,-38.43302
170.0,125.0,5,0.94854,-25.01045
170.0,125.0,6,0.87866,-27.19502
170.0,130.0,0,0.80559,0.88443
170.0,130.0,1,0.95309,-5.46908
170.0,130.0,2,0.89177,-26.76516
170.0,130.0,3,0.9077,-17.8691
170.0,130.0,4,0.94471,-38.36836
170.0,130.0,5,0.90795,-24.20867
170.0,130.0,6,0.86676,-26.94973
170.0,135.0,0,0.78867,1.13811
170.0,135.0,1,0.93934,-4.46198
170.0,135.0,2,0.85763,-26.3713
170.0,135.0,3,0.89831,-15.41599
170.0,135.0,4,0.92235,-38.71218
170.0,135.0,5,0.8577,-24.52745
170.0,135.0,6,0.87085,-24.82744
170.0,140.0,0,0.75476,0.73496
170.0,140.0,1,0.92332,-5.26793
170.0,140.0,2,0.81554,-26.67429
170.0,140.0,3,0.87473,-16.76886
170.0,140.0,4,0.89507,-37.23624
170.0,140.0,5,0.82168,-22.18098
170.0,140.0,6,0.8671,-25.63015
170.0,145.0,0,0.72231,-1.37591
170.0,145.0,1,0.8973,-5.5386
170.0,145.0,2,0.76795,-27.17694
170.0,145.0,3,0.87275,-16.47846
170.0,145.0,4,0.84618,-36.80835
170.0,145.0,5,0.79968,-22.2842
170.0,145.0,6,0.86406,-24.19267
170.0,150.0,0,0.70446,-1.5836
170.0,150.0,1,0.87435,-6.23429
170.0,150.0,2,0.73046,-29.03205
170.0,150.0,3,0.85921,-16.09472
170.0,150.0,4,0.80954,-36.38015
170.0,150.0,5,0.79494,-19.1491
170.0,150.0,6,0.81906,-24.491
170.0,155.0,0,0.6808,-1.65025
170.0,155.0,1,0.83776,-5.94955
170.0,155.0,2,0.69323,-27.56761
170.0,155.0,3,0.83851,-17.32509
170.0,155.0,4,0.74981,-36.57144
170.0,155.0,5,0.78426,-21.50067
170.0,155.0,6,0.76377,-21.88938
170.0,160.0,0,0.6572,-2.34437
170.0,160.0,1,0.79536,-6.82553
170.0,160.0,2,0.67084,-28.9997
170.0,160.0,3,0.80746,-17.6899
170.0,160.0,4,0.70667,-34.76421
170.0,160.0,5,0.78948,-20.45485
170.0,160.0,6,0.71361,-24.30217
170.0,165.0,0,0.62778,-3.77285
170.0,165.0,1,0.75902,-7.20156
170.0,165.0,2,0.64078,-27.02066
170.0,165.0,3,0.77904,-14.95551
170.0,165.0,4,0.66512,-33.51233
170.0,165.0,5,0.75416,-19.31404
170.0,165.0,6,0.65027,-21.46255
170.0,170.0,0,0.60595,-3.49221
170.0,170.0,1,0.72188,-7.29512
170.0,170.0,2,0.61046,-26.86286
170.0,170.0,3,0.74098,-13.53417
170.0,170.0,4,0.62997,-33.50297
170.0,170.0,5,0.71551,-19.03683
170.0,170.0,6,0.6102,-21.93636
170.0,175.0,0,0.55866,-4.37824
170.0,175.0,1,0.66807,-6.55202
170.0,175.0,2,0.5882,-25.74135
170.0,175.0,3,0.68988,-13.86168
170.0,175.0,4,0.61222,-32.54421
170.0,175.0,5,0.66207,-16.87121
170.0,175.0,6,0.5989,-20.5436
170.0,180.0,0,0.55061,-6.40962
170.0,180.0,1,0.62444,-8.14002
170.0,180.0,2,0.56511,-27.40258
170.0,180.0,3,0.63933,-13.57746
170.0,180.0,4,0.60591,-31.7229
170.0,180.0,5,0.61032,-14.00061
170.0,180.0,6,0.58904,-19.58216
175.0,0.0,0,0.54036,13.8094
175.0,0.0,1,0.62831,13.95243
175.0,0.0,2,0.56853,-11.39226
175.0,0.0,3,0.64997,-6.3793
175.0,0.0,4,0.58096,-34.67275
175.0,0.0,5,0.63172,-31.28361
175.0,0.0,6,0.5656,-40.22238
175.0,5.0,0,0.57536,15.00651
175.0,5.0,1,0.6831,11.93719
175.0,5.0,2,0.60769,-13.46323
175.0,5.0,3,0.69939,-6.74421
175.0,5.0,4,0.64309,-36.54254
175.0,5.0,5,0.68893,-29.78064
175.0,5.0,6,0.61853,-37.48914
175.0,10.0,0,0.62421,15.38072
175.0,10.0,1,0.72681,9.19842
175.0,10.0,2,0.65153,-11.38615
175.0,10.0,3,0.74556,-9.87446
175.0,10.0,4,0.68447,-37.48642
175.0,10.0,5,0.74398,-31.21268
175.0,10.0,6,0.67223,-40.46391
175.0,15.0,0,0.65976,14.56105
175.0,15.0,1,0.75864,11.36472
175.0,15.0,2,0.69465,-13.48937
175.0,15.0,3,0.79748,-10.0714
175.0,15.0,4,0.72724,-37.16625
175.0,15.0,5,0.77707,-31.61366
175.0,15.0,6,0.69704,-40.22894
175.0,20.0,0,0.68797,14.09856
175.0,20.0,1,0.79705,10.87465
175.0,20.0,2,0.74251,-13.62143
175.0,20.0,3,0.82719,-8.85336
175.0,20.0,4,0.75357,-36.41899
175.0,20.0,5,0.78903,-31.68079
175.0,20.0,6,0.7179,-40.9276
175.0,25.0,0,0.73805,14.52303
175.0,25.0,1,0.84364,11.52168
175.0,25.0,2,0.77032,-14.03294
175.0,25.0,3,0.84743,-9.73287
175.0,25.0,4,0.7662,-39.19023
175.0,25.0,5,0.80946,-33.53063
175.0,25.0,6,0.71771,-39.01102
175.0,30.0,0,0.77975,14.09159
175.0,30.0,1,0.85661,9.09134
175.0,30.0,2,0.78672,-15.19895
175.0,30.0,3,0.86956,-12.50401
175.0,30.0,4,0.79204,-39.22355
175.0,30.0,5,0.81132,-33.42378
175.0,30.0,6,0.72456,-40.57821
175.0,35.0,0,0.80543,13.69941
175.0,35.0,1,0.89119,7.17968
175.0,35.0,2,0.81136,-16.78289
175.0,35.0,3,0.88212,-12.02026
175.0,35.0,4,0.79988,-38.76835
175.0,35.0,5,0.83401,-33.50349
175.0,35.0,6,0.75209,-37.68834
175.0,40.0,0,0.83174,11.59648
175.0,40.0,1,0.91247,6.72235
175.0,40.0,2,0.82433,-16.18882
175.0,40.0,3,0.88355,-12.7818
175.0,40.0,4,0.81631,-39.49116
175.0,40.0,5,0.84781,-30.91215
175.0,40.0,6,0.79956,-39.24751
175.0,45.0,0,0.86564,11.84901
175.0,45.0,1,0.93765,6.15962
175.0,45.0,2,0.84489,-18.87666
175.0,45.0,3,0.89833,-13.77568
175.0,45.0,4,0.83143,-39.50528
175.0,45.0,5,0.88356,-32.40606
175.0,45.0,6,0.84963,-38.35208
175.0,50.0,0,0.88764,13.28579
175.0,50.0,1,0.94977,6.33648
175.0,50.0,2,0.86186,-19.48328
175.0,50.0,3,0.91928,-12.99003
175.0,50.0,4,0.85524,-40.91022
175.0,50.0,5,0.92872,-31.79035
175.0,50.0,6,0.89318,-37.84382
175.0,55.0,0,0.90465,11.4866
175.0,55.0,1,0.96372,5.31248
175.0,55.0,2,0.86833,-19.20033
175.0,55.0,3,0.93352,-15.91938
175.0,55.0,4,0.89486,-41.31181
175.0,55.0,5,0.97814,-32.01217
175.0,55.0,6,0.92954,-36.78097
175.0,60.0,0,0.90825,9.31447
175.0,60.0,1,0.97877,5.28147
175.0,60.0,2,0.87273,-21.44354
175.0,60.0,3,0.95648,-17.11708
175.0,60.0,4,0.92821,-42.00609
175.0,60.0,5,1.00459,-32.62334
175.0,60.0,6,0.94814,-35.46992
175.0,65.0,0,0.94703,9.62925
175.0,65.0,1,0.9824,4.16731
175.0,65.0,2,0.88386,-21.76962
175.0,65.0,3,0.98094,-14.86807
175.0,65.0,4,0.96685,-43.49164
175.0,65.0,5,1.03599,-34.2684
175.0,65.0,6,0.93334,-35.22624
175.0,70.0,0,0.94128,8.26625
175.0,70.0,1,0.99195,2.04034
175.0,70.0,2,0.90312,-20.76589
175.0,70.0,3,1.00928,-17.53204
175.0,70.0,4,1.00112,-40.78453
175.0,70.0,5,1.02916,-30.70808
175.0,70.0,6,0.91518,-33.89348
175.0,75.0,0,0.94649,7.84418
175.0,75.0,1,0.98633,2.18163
175.0,75.0,2,0.90545,-21.36861
175.0,75.0,3,1.04491,-15.55841
175.0,75.0,4,1.00503,-41.26673
175.0,75.0,5,1.02638,-30.06187
175.0,75.0,6,0.91886,-36.5602
175.0,80.0,0,0.94494,8.21097
175.0,80.0,1,0.98544,0.28325
175.0,80.0,2,0.92262,-20.13829
175.0,80.0,3,1.06885,-18.51525
175.0,80.0,4,1.01139,-41.02265
175.0,80.0,5,1.01346,-30.18758
175.0,80.0,6,0.91166,-33.97206
175.0,85.0,0,0.94749,6.24186
175.0,85.0,1,0.9885,2.95653
175.0,85.0,2,0.9461,-25.07103
175.0,85.0,3,1.08688,-18.76305
175.0,85.0,4,1.00534,-40.40307
175.0,85.0,5,0.99907,-31.39252
175.0,85.0,6,0.94047,-35.20665
175.0,90.0,0,0.93084,5.20324
175.0,90.0,1,0.98914,-0.45542
175.0,90.0,2,0.95725,-26.84386
175.0,90.0,3,1.08384,-18.16902
175.0,90.0,4,0.98204,-43.05088
175.0,90.0,5,0.98587,-28.63676
175.0,90.0,6,0.95435,-34.16101
175.0,95.0,0,0.93269,5.71673
175.0,95.0,1,0.98506,-1.66467
175.0,95.0,2,0.97911,-25.7594
175.0,95.0,3,1.08111,-19.82598
175.0,95.0,4,0.96472,-43.09954
175.0,95.0,5,0.99211,-29.97285
175.0,95.0,6,0.98431,-31.86219
175.0,100.0,0,0.91688,4.30332
175.0,100.0,1,0.98955,-1.93631
175.0,100.0,2,0.9915,-24.83215
175.0,100.0,3,1.06597,-18.67131
175.0,100.0,4,0.9517,-41.4739
175.0,100.0,5,1.00711,-28.63681
175.0,100.0,6,0.99794,-29.73916
175.0,105.0,0,0.90829,2.16343
175.0,105.0,1,0.98763,-2.266
175.0,105.0,2,0.97921,-27.76785
175.0,105.0,3,1.03631,-18.75166
175.0,105.0,4,0.93134,-42.86061
175.0,105.0,5,1.02027,-27.87122
175.0,105.0,6,0.97961,-28.64924
175.0,110.0,0,0.88958,1.91118
175.0,110.0,1,0.98031,-1.58435
175.0,110.0,2,0.97288,-26.24282
175.0,110.0,3,1.01262,-21.80535
175.0,110.0,4,0.93363,-40.15902
175.0,110.0,5,1.02761,-27.75829
175.0,110.0,6,0.94444,-31.2137
175.0,115.0,0,0.87814,2.09999
175.0,115.0,1,0.9774,-5.45549
175.0,115.0,2,0.96356,-28.12885
175.0,115.0,3,0.9835,-18.93337
175.0,115.0,4,0.92654,-40.63551
175.0,115.0,5,1.03877,-26.72942
175.0,115.0,6,0.906,-27.89432
175.0,120.0,0,0.85957,0.24095
175.0,120.0,1,0.97895,-5.7913
175.0,120.0,2,0.93946,-25.71334
175.0,120.0,3,0.96962,-19.68948
175.0,120.0,4,0.92874,-39.25708
175.0,120.0,5,1.014,-28.04987
175.0,120.0,6,0.87418,-28.04055
175.0,125.0,0,0.82431,-0.61452
175.0,125.0,1,0.96176,-5.98643
175.0,125.0,2,0.91505,-27.24869
175.0,125.0,3,0.93121,-19.19013
175.0,125.0,4,0.92832,-40.51156
175.0,125.0,5,0.97557,-24.46732
175.0,125.0,6,0.85117,-27.02176
175.0,130.0,0,0.80892,-0.93416
175.0,130.0,1,0.96235,-5.68609
175.0,130.0,2,0.87776,-28.47733
175.0,130.0,3,0.9112,-18.90318
175.0,130.0,4,0.92197,-39.67255
175.0,130.0,5,0.93039,-26.35091
175.0,130.0,6,0.83863,-26.59193
175.0,135.0,0,0.77962,-3.50948
175.0,135.0,1,0.93976,-7.82602
175.0,135.0,2,0.84991,-31.63627
175.0,135.0,3,0.89233,-19.51094
175.0,135.0,4,0.90167,-40.00664
175.0,135.0,5,0.8903,-26.17691
175.0,135.0,6,0.83834,-26.39172
175.0,140.0,0,0.75911,-3.69827
175.0,140.0,1,0.92322,-7.30994
175.0,140.0,2,0.79125,-27.57465
175.0,140.0,3,0.89326,-17.59201
175.0,140.0,4,0.87962,-39.75122
175.0,140.0,5,0.85039,-25.25227
175.0,140.0,6,0.84729,-24.21725
175.0,145.0,0,0.73791,-3.0597
175.0,145.0,1,0.8927,-8.02075
175.0,145.0,2,0.76472,-27.62957
175.0,145.0,3,0.87787,-19.62732
175.0,145.0,4,0.8285,-37.49171
175.0,145.0,5,0.82289,-24.67235
175.0,145.0,6,0.82312,-25.54914
175.0,150.0,0,0.70331,-2.96037
175.0,150.0,1,0.86497,-8.3957
175.0,150.0,2,0.72488,-30.9993
175.0,150.0,3,0.86769,-18.89007
175.0,150.0,4,0.79025,-37.57652
175.0,150.0,5,0.81613,-23.45282
175.0,150.0,6,0.79675,-21.65298
175.0,155.0,0,0.68503,-4.0665
175.0,155.0,1,0.83832,-10.2412
175.0,155.0,2,0.69113,-29.87391
175.0,155.0,3,0.84488,-16.20974
175.0,155.0,4,0.73541,-35.61653
175.0,155.0,5,0.79989,-22.12664
175.0,155.0,6,0.74522,-22.81437
175.0,160.0,0,0.65283,-4.8792
175.0,160.0,1,0.81231,-9.16085
175.0,160.0,2,0.66751,-30.62382
175.0,160.0,3,0.81496,-16.78552
175.0,160.0,4,0.68235,-34.98622
175.0,160.0,5,0.79388,-21.13111
175.0,160.0,6,0.68716,-20.81861
175.0,165.0,0,0.61879,-7.69796
175.0,165.0,1,0.75831,-10.08527
175.0,165.0,2,0.62989,-28.15707
175.0,165.0,3,0.78783,-16.38208
175.0,165.0,4,0.65632,-36.56208
175.0,165.0,5,0.77567,-20.33675
175.0,165.0,6,0.63332,-22.12887
175.0,170.0,0,0.59209,-5.78049
175.0,170.0,1,0.71662,-8.45822
175.0,170.0,2,0.60432,-28.21366
175.0,170.0,3,0.74978,-16.28107
175.0,170.0,4,0.62068,-33.81713
175.0,170.0,5,0.74052,-17.82437
175.0,170.0,6,0.5874,-21.09263
175.0,175.0,0,0.57407,-6.69379
175.0,175.0,1,0.66877,-9.84388
175.0,175.0,2,0.59292,-28.41615
175.0,175.0,3,0.69769,-16.04403
175.0,175.0,4,0.60244,-32.66101
175.0,175.0,5,0.69378,-18.3532
175.0,175.0,6,0.5677,-20.89904
175.0,180.0,0,0.54178,-9.95876
175.0,180.0,1,0.63114,-10.63478
175.0,180.0,2,0.56434,-27.0087
175.0,180.0,3,0.63458,-16.38483
175.0,180.0,4,0.58306,-30.20629
175.0,180.0,5,0.63072,-14.68496
175.0,180.0,6,0.56428,-18.35957
180.0,0.0,0,0.53892,12.56652
180.0,0.0,1,0.63189,10.37087
180.0,0.0,2,0.5606,-14.06811
180.0,0.0,3,0.64769,-7.33903
180.0,0.0,4,0.57954,-37.46373
180.0,0.0,5,0.64336,-31.26834
180.0,0.0,6,0.55077,-39.04597
180.0,5.0,0,0.58551,12.82348
180.0,5.0,1,0.66209,8.81659
180.0,5.0,2,0.60731,-13.59309
180.0,5.0,3,0.6978,-6.60736
180.0,5.0,4,0.63332,-35.96962
180.0,5.0,5,0.69978,-30.38784
180.0,5.0,6,0.61358,-42.28116
180.0,10.0,0,0.62454,11.63997
180.0,10.0,1,0.71477,9.57318
180.0,10.0,2,0.65125,-14.39178
180.0,10.0,3,0.75021,-9.41958
180.0,10.0,4,0.68304,-37.4598
180.0,10.0,5,0.74218,-31.86102
180.0,10.0,6,0.65341,-39.35545
180.0,15.0,0,0.66403,10.83162
180.0,15.0,1,0.75685,7.16425
180.0,15.0,2,0.69011,-13.41899
180.0,15.0,3,0.78065,-10.43394
180.0,15.0,4,0.72136,-40.39766
180.0,15.0,5,0.78791,-32.18384
180.0,15.0,6,0.68509,-39.09871
180.0,20.0,0,0.70163,9.99586
180.0,20.0,1,0.80082,8.04467
180.0,20.0,2,0.73706,-14.3759
180.0,20.0,3,0.82761,-11.5598
180.0,20.0,4,0.75184,-38.06383
180.0,20.0,5,0.80554,-32.11144
180.0,20.0,6,0.69861,-40.25601
180.0,25.0,0,0.73935,10.5633
180.0,25.0,1,0.8371,7.11258
180.0,25.0,2,0.76661,-16.31959
180.0,25.0,3,0.85073,-10.66634
180.0,25.0,4,0.76914,-37.06387
180.0,25.0,5,0.80595,-33.03355
180.0,25.0,6,0.7032,-39.5005
180.0,30.0,0,0.7778,11.83182
180.0,30.0,1,0.87082,7.25709
180.0,30.0,2,0.79198,-17.42092
180.0,30.0,3,0.86578,-13.83955
180.0,30.0,4,0.77987,-39.43734
180.0,30.0,5,0.82518,-33.93478
180.0,30.0,6,0.71336,-37.77008
180.0,35.0,0,0.80416,10.71209
180.0,35.0,1,0.89661,6.7005
180.0,35.0,2,0.81092,-17.77243
180.0,35.0,3,0.89419,-15.29645
180.0,35.0,4,0.79566,-42.13596
180.0,35.0,5,0.83122,-31.59202
180.0,35.0,6,0.741,-37.46841
180.0,40.0,0,0.84685,11.39458
180.0,40.0,1,0.91742,5.08125
180.0,40.0,2,0.82457,-19.02274
180.0,40.0,3,0.88397,-12.8819
180.0,40.0,4,0.8068,-42.13082
180.0,40.0,5,0.85467,-32.89492
180.0,40.0,6,0.78296,-37.98748
180.0,45.0,0,0.86244,10.6218
180.0,45.0,1,0.94316,4.95548
180.0,45.0,2,0.83687,-19.53469
180.0,45.0,3,0.90106,-13.69537
180.0,45.0,4,0.81432,-43.23983
180.0,45.0,5,0.89394,-32.01019
180.0,45.0,6,0.83433,-39.20238
180.0,50.0,0,0.89162,8.0509
180.0,50.0,1,0.95889,3.19571
180.0,50.0,2,0.84762,-21.19067
180.0,50.0,3,0.92488,-16.45815
180.0,50.0,4,0.85305,-42.62066
180.0,50.0,5,0.94288,-34.17037
180.0,50.0,6,0.88193,-38.11895
180.0,55.0,0,0.90772,8.59462
180.0,55.0,1,0.96556,2.5803
180.0,55.0,2,0.86217,-20.5816
180.0,55.0,3,0.94136,-16.35722
180.0,55.0,4,0.89035,-43.0746
180.0,55.0,5,0.98674,-32.16514
180.0,55.0,6,0.91861,-37.98757
180.0,60.0,0,0.9202,8.21279
180.0,60.0,1,0.97394,1.34672
180.0,60.0,2,0.87387,-21.31831
180.0,60.0,3,0.96144,-15.73402
180.0,60.0,4,0.92299,-41.19983
180.0,60.0,5,1.01808,-32.94966
180.0,60.0,6,0.93138,-35.20067
180.0,65.0,0,0.93375,7.64016
180.0,65.0,1,0.98504,0.70145
180.0,65.0,2,0.87902,-24.7382
180.0,65.0,3,0.98472,-17.8521
180.0,65.0,4,0.9571,-41.51849
180.0,65.0,5,1.03821,-32.21836
180.0,65.0,6,0.91144,-34.81818
180.0,70.0,0,0.94062,6.57154
180.0,70.0,1,0.98822,1.52276
180.0,70.0,2,0.9059,-25.31345
180.0,70.0,3,1.01844,-19.01345
180.0,70.0,4,0.99151,-43.59871
180.0,70.0,5,1.04176,-34.40186
180.0,70.0,6,0.9184,-35.55801
180.0,75.0,0,0.93965,5.45755
180.0,75.0,1,0.98097,-2.23436
180.0,75.0,2,0.90577,-25.87249
180.0,75.0,3,1.05488,-18.58532
180.0,75.0,4,1.00161,-44.57575
180.0,75.0,5,1.04001,-32.23135
180.0,75.0,6,0.89652,-34.87165
180.0,80.0,0,0.94509,6.52421
180.0,80.0,1,0.99805,-1.27177
180.0,80.0,2,0.93308,-25.04458
180.0,80.0,3,1.06191,-18.918
180.0,80.0,4,1.0014,-42.38936
180.0,80.0,5,1.02204,-32.23033
180.0,80.0,6,0.89698,-33.99642
180.0,85.0,0,0.94221,3.49343
180.0,85.0,1,0.99604,-0.63522
180.0,85.0,2,0.94776,-26.58708
180.0,85.0,3,1.08106,-16.69961
180.0,85.0,4,0.99736,-41.36301
180.0,85.0,5,1.00747,-31.17543
180.0,85.0,6,0.9204,-34.52936
180.0,90.0,0,0.93702,5.13296
180.0,90.0,1,0.99338,-3.67112
180.0,90.0,2,0.95611,-26.51142
180.0,90.0,3,1.09265,-21.10134
180.0,90.0,4,0.97583,-44.02729
180.0,90.0,5,1.00554,-30.34291
180.0,90.0,6,0.94571,-31.85609
180.0,95.0,0,0.91841,0.88396
180.0,95.0,1,0.98693,-4.64427
180.0,95.0,2,0.96943,-28.67852
180.0,95.0,3,1.07785,-19.42926
180.0,95.0,4,0.95629,-41.38812
180.0,95.0,5,1.00046,-30.0856
180.0,95.0,6,0.98432,-30.8728
180.0,100.0,0,0.91549,1.34207
180.0,100.0,1,0.98978,-5.35084
180.0,100.0,2,0.98218,-27.96747
180.0,100.0,3,1.06979,-20.77718
180.0,100.0,4,0.93767,-44.77709
180.0,100.0,5,1.03142,-29.82902
180.0,100.0,6,0.98179,-30.62823
180.0,105.0,0,0.91834,1.3786
180.0,105.0,1,0.98915,-5.05877
180.0,105.0,2,0.98579,-28.22864
180.0,105.0,3,1.04398,-21.64735
180.0,105.0,4,0.92578,-42.76203
180.0,105.0,5,1.04495,-28.73225
180.0,105.0,6,0.97462,-30.6403
180.0,110.0,0,0.88517,0.09528
180.0,110.0,1,0.98826,-6.72466
180.0,110.0,2,0.97591,-27.54006
180.0,110.0,3,1.0213,-20.52362
180.0,110.0,4,0.92126,-42.50945
180.0,110.0,5,1.05029,-27.44308
180.0,110.0,6,0.9374,-30.39046
180.0,115.0,0,0.87578,0.48191
180.0,115.0,1,0.98271,-7.19564
180.0,115.0,2,0.96883,-30.93498
180.0,115.0,3,0.98137,-19.56581
180.0,115.0,4,0.93106,-41.38315
180.0,115.0,5,1.04847,-27.34872
180.0,115.0,6,0.90519,-29.22428
180.0,120.0,0,0.85052,-1.59714
180.0,120.0,1,0.97413,-6.38095
180.0,120.0,2,0.94102,-31.04701
180.0,120.0,3,0.97408,-20.7856
180.0,120.0,4,0.92283,-42.02181
180.0,120.0,5,1.02121,-26.54874
180.0,120.0,6,0.86606,-28.98915
180.0,125.0,0,0.84318,-0.41131
180.0,125.0,1,0.96205,-7.27811
180.0,125.0,2,0.91457,-31.35867
180.0,125.0,3,0.9361,-20.25453
180.0,125.0,4,0.93696,-41.3621
180.0,125.0,5,0.98957,-26.79276
180.0,125.0,6,0.84138,-24.64373
180.0,130.0,0,0.81324,-1.99686
180.0,130.0,1,0.95868,-8.27295
180.0,130.0,2,0.87816,-31.4034
180.0,130.0,3,0.92171,-20.12605
180.0,130.0,4,0.91273,-40.86501
180.0,130.0,5,0.93286,-24.48191
180.0,130.0,6,0.82627,-25.87008
180.0,135.0,0,0.7934,-0.97192
180.0,135.0,1,0.94051,-11.1657
180.0,135.0,2,0.84282,-29.94412
180.0,135.0,3,0.90728,-19.7674
180.0,135.0,4,0.90379,-40.93268
180.0,135.0,5,0.8924,-24.22008
180.0,135.0,6,0.83612,-25.68874
180.0,140.0,0,0.75619,-4.37778
180.0,140.0,1,0.92497,-10.39241
180.0,140.0,2,0.79565,-31.55809
180.0,140.0,3,0.8924,-18.23138
180.0,140.0,4,0.8755,-40.11746
180.0,140.0,5,0.86593,-25.72602
180.0,140.0,6,0.82926,-22.53036
180.0,145.0,0,0.73342,-5.26806
180.0,145.0,1,0.89264,-10.80417
180.0,145.0,2,0.76978,-31.05185
180.0,145.0,3,0.88035,-18.65078
180.0,145.0,4,0.83706,-39.78696
180.0,145.0,5,0.83706,-23.02858
180.0,145.0,6,0.81917,-24.8241
180.0,150.0,0,0.70561,-7.03227
180.0,150.0,1,0.86837,-10.06899
180.0,150.0,2,0.72467,-30.89297
180.0,150.0,3,0.87359,-18.13533
180.0,150.0,4,0.78236,-37.74654
180.0,150.0,5,0.81567,-23.75742
180.0,150.0,6,0.7871,-23.91872
180.0,155.0,0,0.67377,-6.84834
180.0,155.0,1,0.83728,-9.93355
180.0,155.0,2,0.68174,-32.59304
180.0,155.0,3,0.83784,-18.76186
180.0,155.0,4,0.72955,-38.11891
180.0,155.0,5,0.8094,-22.20776
180.0,155.0,6,0.72487,-23.70182
180.0,160.0,0,0.64641,-6.9783
180.0,160.0,1,0.80567,-11.72957
180.0,160.0,2,0.65734,-31.78191
180.0,160.0,3,0.82916,-18.10943
180.0,160.0,4,0.68949,-37.05953
180.0,160.0,5,0.79765,-20.67874
180.0,160.0,6,0.66932,-21.5272
180.0,165.0,0,0.62966,-8.18753
180.0,165.0,1,0.76166,-11.94378
180.0,165.0,2,0.63367,-29.16517
180.0,165.0,3,0.78876,-15.72689
180.0,165.0,4,0.64242,-36.31229
180.0,165.0,5,0.78259,-20.83776
180.0,165.0,6,0.61656,-21.1915
180.0,170.0,0,0.59841,-9.53598
180.0,170.0,1,0.72213,-12.88233
180.0,170.0,2,0.60134,-31.0025
180.0,170.0,3,0.74573,-17.56781
180.0,170.0,4,0.61138,-33.8009
180.0,170.0,5,0.74378,-19.49229
180.0,170.0,6,0.58457,-20.80227
180.0,175.0,0,0.56664,-8.63872
180.0,175.0,1,0.67343,-13.95928
180.0,175.0,2,0.57755,-28.77412
180.0,175.0,3,0.69909,-16.16918
180.0,175.0,4,0.5957,-34.64946
180.0,175.0,5,0.6959,-17.85006
180.0,175.0,6,0.55741,-18.46084
180.0,180.0,0,0.54095,-9.86085
180.0,180.0,1,0.63006,-11.67322
180.0,180.0,2,0.56006,-31.0696
180.0,180.0,3,0.64488,-17.2978
180.0,180.0,4,0.57838,-33.22902
180.0,180.0,5,0.64676,-16.4998
180.0,180.0,6,0.55542,-19.4792
